15-Oct-2024 20:33:27.262 INFO [main] org.apache.catalina.startup.VersionLoggerListener.log Nombre de la versión del servidor: Apache Tomcat/9.0.96
15-Oct-2024 20:33:27.265 INFO [main] org.apache.catalina.startup.VersionLoggerListener.log Server built:                      Oct 3 2024 19:44:30 UTC
15-Oct-2024 20:33:27.266 INFO [main] org.apache.catalina.startup.VersionLoggerListener.log Número de versión de servidor:     9.0.96.0
15-Oct-2024 20:33:27.266 INFO [main] org.apache.catalina.startup.VersionLoggerListener.log OS Name:                           Windows 11
15-Oct-2024 20:33:27.266 INFO [main] org.apache.catalina.startup.VersionLoggerListener.log Versión de Systema Operativo:      10.0
15-Oct-2024 20:33:27.266 INFO [main] org.apache.catalina.startup.VersionLoggerListener.log Arquitectura:                      amd64
15-Oct-2024 20:33:27.266 INFO [main] org.apache.catalina.startup.VersionLoggerListener.log Java Home:                         C:\Program Files\Java\jdk-22
15-Oct-2024 20:33:27.266 INFO [main] org.apache.catalina.startup.VersionLoggerListener.log JVM Version:                       22.0.2+9-70
15-Oct-2024 20:33:27.266 INFO [main] org.apache.catalina.startup.VersionLoggerListener.log Vededor JVM:                       Oracle Corporation
15-Oct-2024 20:33:27.266 INFO [main] org.apache.catalina.startup.VersionLoggerListener.log CATALINA_BASE:                     C:\Users\ghost\Documents\NetBeansProjects\apache-tomcat-9.0.96
15-Oct-2024 20:33:27.266 INFO [main] org.apache.catalina.startup.VersionLoggerListener.log CATALINA_HOME:                     C:\Users\ghost\Documents\NetBeansProjects\apache-tomcat-9.0.96
15-Oct-2024 20:33:27.272 INFO [main] org.apache.catalina.startup.VersionLoggerListener.log Command line argument:             --add-opens=java.base/java.lang=ALL-UNNAMED
15-Oct-2024 20:33:27.273 INFO [main] org.apache.catalina.startup.VersionLoggerListener.log Command line argument:             --add-opens=java.base/java.io=ALL-UNNAMED
15-Oct-2024 20:33:27.273 INFO [main] org.apache.catalina.startup.VersionLoggerListener.log Command line argument:             --add-opens=java.base/java.util=ALL-UNNAMED
15-Oct-2024 20:33:27.273 INFO [main] org.apache.catalina.startup.VersionLoggerListener.log Command line argument:             --add-opens=java.base/java.util.concurrent=ALL-UNNAMED
15-Oct-2024 20:33:27.273 INFO [main] org.apache.catalina.startup.VersionLoggerListener.log Command line argument:             --add-opens=java.rmi/sun.rmi.transport=ALL-UNNAMED
15-Oct-2024 20:33:27.273 INFO [main] org.apache.catalina.startup.VersionLoggerListener.log Command line argument:             -Djava.util.logging.config.file=C:\Users\ghost\Documents\NetBeansProjects\apache-tomcat-9.0.96\conf\logging.properties
15-Oct-2024 20:33:27.273 INFO [main] org.apache.catalina.startup.VersionLoggerListener.log Command line argument:             -Djava.util.logging.manager=org.apache.juli.ClassLoaderLogManager
15-Oct-2024 20:33:27.273 INFO [main] org.apache.catalina.startup.VersionLoggerListener.log Command line argument:             -Djdk.tls.ephemeralDHKeySize=2048
15-Oct-2024 20:33:27.273 INFO [main] org.apache.catalina.startup.VersionLoggerListener.log Command line argument:             -Djava.protocol.handler.pkgs=org.apache.catalina.webresources
15-Oct-2024 20:33:27.273 INFO [main] org.apache.catalina.startup.VersionLoggerListener.log Command line argument:             -Dignore.endorsed.dirs=
15-Oct-2024 20:33:27.273 INFO [main] org.apache.catalina.startup.VersionLoggerListener.log Command line argument:             -Dcatalina.base=C:\Users\ghost\Documents\NetBeansProjects\apache-tomcat-9.0.96
15-Oct-2024 20:33:27.273 INFO [main] org.apache.catalina.startup.VersionLoggerListener.log Command line argument:             -Dcatalina.home=C:\Users\ghost\Documents\NetBeansProjects\apache-tomcat-9.0.96
15-Oct-2024 20:33:27.274 INFO [main] org.apache.catalina.startup.VersionLoggerListener.log Command line argument:             -Djava.io.tmpdir=C:\Users\ghost\Documents\NetBeansProjects\apache-tomcat-9.0.96\temp
15-Oct-2024 20:33:27.279 INFO [main] org.apache.catalina.core.AprLifecycleListener.lifecycleEvent La biblioteca nativa de Apache Tomcat basada en ARP que permite un rendimiento óptimo en entornos de desarrollo no ha sido hallada en java.library.path: [C:\Program Files\Java\jdk-22\bin;C:\WINDOWS\Sun\Java\bin;C:\WINDOWS\system32;C:\WINDOWS;C:\ProgramData\Oracle\Java\javapath;C:\Program Files\Common Files\Oracle\Java\javapath;C:\Program Files (x86)\Common Files\Oracle\Java\java8path;C:\Program Files (x86)\Common Files\Oracle\Java\javapath;C:\WINDOWS\system32;C:\WINDOWS;C:\WINDOWS\System32\Wbem;C:\WINDOWS\System32\WindowsPowerShell\v1.0\;C:\WINDOWS\System32\OpenSSH\;C:\Program Files\Microsoft SQL Server\Client SDK\ODBC\170\Tools\Binn\;C:\Program Files (x86)\Microsoft SQL Server\160\Tools\Binn\;C:\Program Files\Microsoft SQL Server\160\Tools\Binn\;C:\Program Files\Microsoft SQL Server\160\DTS\Binn\;C:\Program Files (x86)\Microsoft SQL Server\160\DTS\Binn\;C:\Program Files\Microsoft SQL Server\150\Tools\Binn\;C:\Program Files\Git\cmd;C:\Users\ghost\AppData\Local\Microsoft\WindowsApps;C:\Program Files\Azure Data Studio\bin;C:\Users\ghost\AppData\Local\GitHubDesktop\bin;.]
15-Oct-2024 20:33:27.545 INFO [main] org.apache.coyote.AbstractProtocol.init Inicializando el manejador de protocolo ["http-nio-8080"]

15-Oct-2024 20:33:27.563 INFO [main] org.apache.catalina.startup.Catalina.load Server initialization in [482] milliseconds
15-Oct-2024 20:33:27.605 INFO [main] org.apache.catalina.core.StandardService.startInternal Arrancando servicio [Catalina]
15-Oct-2024 20:33:27.605 INFO [main] org.apache.catalina.core.StandardEngine.startInternal Starting Servlet engine: [Apache Tomcat/9.0.96]
15-Oct-2024 20:33:27.612 INFO [main] org.apache.catalina.startup.HostConfig.deployDescriptor Desplieque del descriptor de configuración [C:\Users\ghost\Documents\NetBeansProjects\apache-tomcat-9.0.96\conf\Catalina\localhost\proyecto_web_CRUD.xml]
15-Oct-2024 20:33:27.624 WARNING [main] org.apache.catalina.startup.HostConfig.deployDescriptor The path attribute with value [/proyecto_web_CRUD] in deployment descriptor [C:\Users\ghost\Documents\NetBeansProjects\apache-tomcat-9.0.96\conf\Catalina\localhost\proyecto_web_CRUD.xml] has been ignored
15-Oct-2024 20:33:28.178 INFO [main] org.apache.jasper.servlet.TldScanner.scanJars Al menos un JAR, que se ha explorado buscando TLDs, aún no contenía TLDs. Activar historial de depuración para este historiador para una completa lista de los JARs que fueron explorados y de los que nos se halló TLDs. Saltarse JARs no necesarios durante la exploración puede dar lugar a una mejora de tiempo significativa en el arranque y compilación de JSP .
15-Oct-2024 20:33:28.231 INFO [main] org.apache.catalina.startup.HostConfig.deployDescriptor Deployment of deployment descriptor [C:\Users\ghost\Documents\NetBeansProjects\apache-tomcat-9.0.96\conf\Catalina\localhost\proyecto_web_CRUD.xml] has finished in [617] ms
15-Oct-2024 20:33:28.231 INFO [main] org.apache.catalina.startup.HostConfig.deployDescriptor Desplieque del descriptor de configuración [C:\Users\ghost\Documents\NetBeansProjects\apache-tomcat-9.0.96\conf\Catalina\localhost\web_empresa_bd.xml]
15-Oct-2024 20:33:28.232 WARNING [main] org.apache.catalina.startup.HostConfig.deployDescriptor The path attribute with value [/web_empresa_bd] in deployment descriptor [C:\Users\ghost\Documents\NetBeansProjects\apache-tomcat-9.0.96\conf\Catalina\localhost\web_empresa_bd.xml] has been ignored
15-Oct-2024 20:33:28.615 INFO [main] org.apache.jasper.servlet.TldScanner.scanJars Al menos un JAR, que se ha explorado buscando TLDs, aún no contenía TLDs. Activar historial de depuración para este historiador para una completa lista de los JARs que fueron explorados y de los que nos se halló TLDs. Saltarse JARs no necesarios durante la exploración puede dar lugar a una mejora de tiempo significativa en el arranque y compilación de JSP .
15-Oct-2024 20:33:28.618 INFO [main] org.apache.catalina.startup.HostConfig.deployDescriptor Deployment of deployment descriptor [C:\Users\ghost\Documents\NetBeansProjects\apache-tomcat-9.0.96\conf\Catalina\localhost\web_empresa_bd.xml] has finished in [387] ms
15-Oct-2024 20:33:28.619 INFO [main] org.apache.catalina.startup.HostConfig.deployDirectory Desplegando el directorio [C:\Users\ghost\Documents\NetBeansProjects\apache-tomcat-9.0.96\webapps\docs] de la aplicación web
15-Oct-2024 20:33:28.651 INFO [main] org.apache.catalina.startup.HostConfig.deployDirectory Deployment of web application directory [C:\Users\ghost\Documents\NetBeansProjects\apache-tomcat-9.0.96\webapps\docs] has finished in [32] ms
15-Oct-2024 20:33:28.651 INFO [main] org.apache.catalina.startup.HostConfig.deployDirectory Desplegando el directorio [C:\Users\ghost\Documents\NetBeansProjects\apache-tomcat-9.0.96\webapps\examples] de la aplicación web
15-Oct-2024 20:33:29.115 INFO [main] org.apache.catalina.startup.HostConfig.deployDirectory Deployment of web application directory [C:\Users\ghost\Documents\NetBeansProjects\apache-tomcat-9.0.96\webapps\examples] has finished in [464] ms
15-Oct-2024 20:33:29.116 INFO [main] org.apache.catalina.startup.HostConfig.deployDirectory Desplegando el directorio [C:\Users\ghost\Documents\NetBeansProjects\apache-tomcat-9.0.96\webapps\host-manager] de la aplicación web
15-Oct-2024 20:33:29.154 INFO [main] org.apache.catalina.startup.HostConfig.deployDirectory Deployment of web application directory [C:\Users\ghost\Documents\NetBeansProjects\apache-tomcat-9.0.96\webapps\host-manager] has finished in [37] ms
15-Oct-2024 20:33:29.154 INFO [main] org.apache.catalina.startup.HostConfig.deployDirectory Desplegando el directorio [C:\Users\ghost\Documents\NetBeansProjects\apache-tomcat-9.0.96\webapps\manager] de la aplicación web
15-Oct-2024 20:33:29.195 INFO [main] org.apache.catalina.startup.HostConfig.deployDirectory Deployment of web application directory [C:\Users\ghost\Documents\NetBeansProjects\apache-tomcat-9.0.96\webapps\manager] has finished in [41] ms
15-Oct-2024 20:33:29.195 INFO [main] org.apache.catalina.startup.HostConfig.deployDirectory Desplegando el directorio [C:\Users\ghost\Documents\NetBeansProjects\apache-tomcat-9.0.96\webapps\ROOT] de la aplicación web
15-Oct-2024 20:33:29.223 INFO [main] org.apache.catalina.startup.HostConfig.deployDirectory Deployment of web application directory [C:\Users\ghost\Documents\NetBeansProjects\apache-tomcat-9.0.96\webapps\ROOT] has finished in [28] ms
15-Oct-2024 20:33:29.228 INFO [main] org.apache.coyote.AbstractProtocol.start Starting ProtocolHandler ["http-nio-8080"]
15-Oct-2024 20:33:29.252 INFO [main] org.apache.catalina.startup.Catalina.start Server startup in [1687] milliseconds
15-Oct-2024 20:33:34.257 INFO [http-nio-8080-exec-1] org.apache.catalina.core.StandardContext.reload Ha comenzado la recarga de Contexto [/proyecto_web_CRUD]
15-Oct-2024 20:33:34.622 INFO [http-nio-8080-exec-1] org.apache.jasper.servlet.TldScanner.scanJars Al menos un JAR, que se ha explorado buscando TLDs, aún no contenía TLDs. Activar historial de depuración para este historiador para una completa lista de los JARs que fueron explorados y de los que nos se halló TLDs. Saltarse JARs no necesarios durante la exploración puede dar lugar a una mejora de tiempo significativa en el arranque y compilación de JSP .
15-Oct-2024 20:33:34.625 INFO [http-nio-8080-exec-1] org.apache.catalina.core.StandardContext.reload Se ha completado la recarga de este Contexto
15-Oct-2024 21:59:36.943 INFO [http-nio-8080-exec-16] org.apache.catalina.core.StandardContext.reload Ha comenzado la recarga de Contexto [/proyecto_web_CRUD]
15-Oct-2024 21:59:36.960 WARNING [http-nio-8080-exec-16] org.apache.catalina.loader.WebappClassLoaderBase.clearReferencesJdbc La aplicación web [proyecto_web_CRUD] registró el conductor JDBC [com.mysql.cj.jdbc.Driver] pero falló al anular el registro mientras la aplicación web estaba parada. Para prevenir un fallo de memoria, se ha anulado el registro del conductor JDBC por la fuerza.
15-Oct-2024 21:59:36.961 WARNING [http-nio-8080-exec-16] org.apache.catalina.loader.WebappClassLoaderBase.clearReferencesThreads The web application [proyecto_web_CRUD] appears to have started a thread named [mysql-cj-abandoned-connection-cleanup] but has failed to stop it. This is very likely to create a memory leak. Stack trace of thread:
 java.base/jdk.internal.misc.Unsafe.park(Native Method)
 java.base/java.util.concurrent.locks.LockSupport.parkNanos(LockSupport.java:269)
 java.base/java.util.concurrent.locks.AbstractQueuedSynchronizer$ConditionObject.await(AbstractQueuedSynchronizer.java:1847)
 java.base/java.lang.ref.ReferenceQueue.await(ReferenceQueue.java:71)
 java.base/java.lang.ref.ReferenceQueue.remove0(ReferenceQueue.java:143)
 java.base/java.lang.ref.ReferenceQueue.remove(ReferenceQueue.java:218)
 com.mysql.cj.jdbc.AbandonedConnectionCleanupThread.run(AbandonedConnectionCleanupThread.java:84)
 java.base/java.util.concurrent.ThreadPoolExecutor.runWorker(ThreadPoolExecutor.java:1144)
 java.base/java.util.concurrent.ThreadPoolExecutor$Worker.run(ThreadPoolExecutor.java:642)
 java.base/java.lang.Thread.run(Thread.java:1570)
15-Oct-2024 21:59:37.038 INFO [mysql-cj-abandoned-connection-cleanup] org.apache.catalina.loader.WebappClassLoaderBase.checkStateForResourceLoading Acceso ilegal: esta instancia de aplicación web ya ha sido parada.  Could not load [].  La eventual traza de pila que sigue ha sido motivada por un error lanzado con motivos de depuración así como para intentar terminar el hilo que motivó el acceso ilegal y no tiene impacto funcional.
	java.lang.IllegalStateException: Acceso ilegal: esta instancia de aplicación web ya ha sido parada.  Could not load [].  La eventual traza de pila que sigue ha sido motivada por un error lanzado con motivos de depuración así como para intentar terminar el hilo que motivó el acceso ilegal y no tiene impacto funcional.
		at org.apache.catalina.loader.WebappClassLoaderBase.checkStateForResourceLoading(WebappClassLoaderBase.java:1328)
		at org.apache.catalina.loader.WebappClassLoaderBase.getResource(WebappClassLoaderBase.java:960)
		at com.mysql.cj.jdbc.AbandonedConnectionCleanupThread.checkThreadContextClassLoader(AbandonedConnectionCleanupThread.java:116)
		at com.mysql.cj.jdbc.AbandonedConnectionCleanupThread.run(AbandonedConnectionCleanupThread.java:83)
		at java.base/java.util.concurrent.ThreadPoolExecutor.runWorker(ThreadPoolExecutor.java:1144)
		at java.base/java.util.concurrent.ThreadPoolExecutor$Worker.run(ThreadPoolExecutor.java:642)
		at java.base/java.lang.Thread.run(Thread.java:1570)
15-Oct-2024 21:59:37.429 INFO [http-nio-8080-exec-16] org.apache.jasper.servlet.TldScanner.scanJars Al menos un JAR, que se ha explorado buscando TLDs, aún no contenía TLDs. Activar historial de depuración para este historiador para una completa lista de los JARs que fueron explorados y de los que nos se halló TLDs. Saltarse JARs no necesarios durante la exploración puede dar lugar a una mejora de tiempo significativa en el arranque y compilación de JSP .
15-Oct-2024 21:59:37.433 INFO [http-nio-8080-exec-16] org.apache.catalina.core.StandardContext.reload Se ha completado la recarga de este Contexto
15-Oct-2024 21:59:37.436 INFO [http-nio-8080-exec-21] org.apache.catalina.core.StandardContext.reload Ha comenzado la recarga de Contexto [/proyecto_web_CRUD]
15-Oct-2024 21:59:37.758 INFO [http-nio-8080-exec-21] org.apache.jasper.servlet.TldScanner.scanJars Al menos un JAR, que se ha explorado buscando TLDs, aún no contenía TLDs. Activar historial de depuración para este historiador para una completa lista de los JARs que fueron explorados y de los que nos se halló TLDs. Saltarse JARs no necesarios durante la exploración puede dar lugar a una mejora de tiempo significativa en el arranque y compilación de JSP .
15-Oct-2024 21:59:37.760 INFO [http-nio-8080-exec-21] org.apache.catalina.core.StandardContext.reload Se ha completado la recarga de este Contexto
15-Oct-2024 22:02:39.760 INFO [main] org.apache.catalina.core.StandardServer.await Se ha recibido un comando de apagado a través del puerto de apagado. Parando la instancia del Servidor.
15-Oct-2024 22:02:39.760 INFO [main] org.apache.coyote.AbstractProtocol.pause Pausing ProtocolHandler ["http-nio-8080"]
15-Oct-2024 22:02:39.762 INFO [main] org.apache.catalina.core.StandardService.stopInternal Parando servicio [Catalina]
15-Oct-2024 22:02:39.783 WARNING [main] org.apache.catalina.loader.WebappClassLoaderBase.clearReferencesThreads The web application [web_empresa_bd] appears to have started a thread named [mysql-cj-abandoned-connection-cleanup] but has failed to stop it. This is very likely to create a memory leak. Stack trace of thread:
 org.apache.catalina.webresources.StandardRoot.getClassLoaderResource(StandardRoot.java:220)
 org.apache.catalina.loader.WebappClassLoaderBase.findResource(WebappClassLoaderBase.java:872)
 org.apache.catalina.loader.WebappClassLoaderBase.getResource(WebappClassLoaderBase.java:981)
 com.mysql.cj.jdbc.AbandonedConnectionCleanupThread.checkThreadContextClassLoader(AbandonedConnectionCleanupThread.java:116)
 com.mysql.cj.jdbc.AbandonedConnectionCleanupThread.run(AbandonedConnectionCleanupThread.java:83)
 java.base/java.util.concurrent.ThreadPoolExecutor.runWorker(ThreadPoolExecutor.java:1144)
 java.base/java.util.concurrent.ThreadPoolExecutor$Worker.run(ThreadPoolExecutor.java:642)
 java.base/java.lang.Thread.run(Thread.java:1570)
15-Oct-2024 22:02:39.789 WARNING [main] org.apache.catalina.loader.WebappClassLoaderBase.clearReferencesJdbc La aplicación web [proyecto_web_CRUD] registró el conductor JDBC [com.mysql.cj.jdbc.Driver] pero falló al anular el registro mientras la aplicación web estaba parada. Para prevenir un fallo de memoria, se ha anulado el registro del conductor JDBC por la fuerza.
15-Oct-2024 22:02:39.789 WARNING [main] org.apache.catalina.loader.WebappClassLoaderBase.clearReferencesThreads The web application [proyecto_web_CRUD] appears to have started a thread named [mysql-cj-abandoned-connection-cleanup] but has failed to stop it. This is very likely to create a memory leak. Stack trace of thread:
 java.base/jdk.internal.misc.Unsafe.park(Native Method)
 java.base/java.util.concurrent.locks.LockSupport.parkNanos(LockSupport.java:269)
 java.base/java.util.concurrent.locks.AbstractQueuedSynchronizer$ConditionObject.await(AbstractQueuedSynchronizer.java:1847)
 java.base/java.lang.ref.ReferenceQueue.await(ReferenceQueue.java:71)
 java.base/java.lang.ref.ReferenceQueue.remove0(ReferenceQueue.java:143)
 java.base/java.lang.ref.ReferenceQueue.remove(ReferenceQueue.java:218)
 com.mysql.cj.jdbc.AbandonedConnectionCleanupThread.run(AbandonedConnectionCleanupThread.java:84)
 java.base/java.util.concurrent.ThreadPoolExecutor.runWorker(ThreadPoolExecutor.java:1144)
 java.base/java.util.concurrent.ThreadPoolExecutor$Worker.run(ThreadPoolExecutor.java:642)
 java.base/java.lang.Thread.run(Thread.java:1570)
15-Oct-2024 22:02:39.792 INFO [main] org.apache.coyote.AbstractProtocol.stop Stopping ProtocolHandler ["http-nio-8080"]
15-Oct-2024 22:02:39.798 INFO [main] org.apache.coyote.AbstractProtocol.destroy Destroying ProtocolHandler ["http-nio-8080"]
15-Oct-2024 22:02:58.537 INFO [main] org.apache.catalina.startup.VersionLoggerListener.log Nombre de la versión del servidor: Apache Tomcat/9.0.96
15-Oct-2024 22:02:58.540 INFO [main] org.apache.catalina.startup.VersionLoggerListener.log Server built:                      Oct 3 2024 19:44:30 UTC
15-Oct-2024 22:02:58.540 INFO [main] org.apache.catalina.startup.VersionLoggerListener.log Número de versión de servidor:     9.0.96.0
15-Oct-2024 22:02:58.540 INFO [main] org.apache.catalina.startup.VersionLoggerListener.log OS Name:                           Windows 11
15-Oct-2024 22:02:58.540 INFO [main] org.apache.catalina.startup.VersionLoggerListener.log Versión de Systema Operativo:      10.0
15-Oct-2024 22:02:58.540 INFO [main] org.apache.catalina.startup.VersionLoggerListener.log Arquitectura:                      amd64
15-Oct-2024 22:02:58.540 INFO [main] org.apache.catalina.startup.VersionLoggerListener.log Java Home:                         C:\Program Files\Java\jdk-22
15-Oct-2024 22:02:58.541 INFO [main] org.apache.catalina.startup.VersionLoggerListener.log JVM Version:                       22.0.2+9-70
15-Oct-2024 22:02:58.541 INFO [main] org.apache.catalina.startup.VersionLoggerListener.log Vededor JVM:                       Oracle Corporation
15-Oct-2024 22:02:58.541 INFO [main] org.apache.catalina.startup.VersionLoggerListener.log CATALINA_BASE:                     C:\Users\ghost\Documents\NetBeansProjects\apache-tomcat-9.0.96
15-Oct-2024 22:02:58.541 INFO [main] org.apache.catalina.startup.VersionLoggerListener.log CATALINA_HOME:                     C:\Users\ghost\Documents\NetBeansProjects\apache-tomcat-9.0.96
15-Oct-2024 22:02:58.547 INFO [main] org.apache.catalina.startup.VersionLoggerListener.log Command line argument:             --add-opens=java.base/java.lang=ALL-UNNAMED
15-Oct-2024 22:02:58.547 INFO [main] org.apache.catalina.startup.VersionLoggerListener.log Command line argument:             --add-opens=java.base/java.io=ALL-UNNAMED
15-Oct-2024 22:02:58.547 INFO [main] org.apache.catalina.startup.VersionLoggerListener.log Command line argument:             --add-opens=java.base/java.util=ALL-UNNAMED
15-Oct-2024 22:02:58.548 INFO [main] org.apache.catalina.startup.VersionLoggerListener.log Command line argument:             --add-opens=java.base/java.util.concurrent=ALL-UNNAMED
15-Oct-2024 22:02:58.548 INFO [main] org.apache.catalina.startup.VersionLoggerListener.log Command line argument:             --add-opens=java.rmi/sun.rmi.transport=ALL-UNNAMED
15-Oct-2024 22:02:58.548 INFO [main] org.apache.catalina.startup.VersionLoggerListener.log Command line argument:             -Djava.util.logging.config.file=C:\Users\ghost\Documents\NetBeansProjects\apache-tomcat-9.0.96\conf\logging.properties
15-Oct-2024 22:02:58.548 INFO [main] org.apache.catalina.startup.VersionLoggerListener.log Command line argument:             -Djava.util.logging.manager=org.apache.juli.ClassLoaderLogManager
15-Oct-2024 22:02:58.548 INFO [main] org.apache.catalina.startup.VersionLoggerListener.log Command line argument:             -Djdk.tls.ephemeralDHKeySize=2048
15-Oct-2024 22:02:58.548 INFO [main] org.apache.catalina.startup.VersionLoggerListener.log Command line argument:             -Djava.protocol.handler.pkgs=org.apache.catalina.webresources
15-Oct-2024 22:02:58.548 INFO [main] org.apache.catalina.startup.VersionLoggerListener.log Command line argument:             -Dignore.endorsed.dirs=
15-Oct-2024 22:02:58.548 INFO [main] org.apache.catalina.startup.VersionLoggerListener.log Command line argument:             -Dcatalina.base=C:\Users\ghost\Documents\NetBeansProjects\apache-tomcat-9.0.96
15-Oct-2024 22:02:58.548 INFO [main] org.apache.catalina.startup.VersionLoggerListener.log Command line argument:             -Dcatalina.home=C:\Users\ghost\Documents\NetBeansProjects\apache-tomcat-9.0.96
15-Oct-2024 22:02:58.548 INFO [main] org.apache.catalina.startup.VersionLoggerListener.log Command line argument:             -Djava.io.tmpdir=C:\Users\ghost\Documents\NetBeansProjects\apache-tomcat-9.0.96\temp
15-Oct-2024 22:02:58.554 INFO [main] org.apache.catalina.core.AprLifecycleListener.lifecycleEvent La biblioteca nativa de Apache Tomcat basada en ARP que permite un rendimiento óptimo en entornos de desarrollo no ha sido hallada en java.library.path: [C:\Program Files\Java\jdk-22\bin;C:\WINDOWS\Sun\Java\bin;C:\WINDOWS\system32;C:\WINDOWS;C:\ProgramData\Oracle\Java\javapath;C:\Program Files\Common Files\Oracle\Java\javapath;C:\Program Files (x86)\Common Files\Oracle\Java\java8path;C:\Program Files (x86)\Common Files\Oracle\Java\javapath;C:\WINDOWS\system32;C:\WINDOWS;C:\WINDOWS\System32\Wbem;C:\WINDOWS\System32\WindowsPowerShell\v1.0\;C:\WINDOWS\System32\OpenSSH\;C:\Program Files\Microsoft SQL Server\Client SDK\ODBC\170\Tools\Binn\;C:\Program Files (x86)\Microsoft SQL Server\160\Tools\Binn\;C:\Program Files\Microsoft SQL Server\160\Tools\Binn\;C:\Program Files\Microsoft SQL Server\160\DTS\Binn\;C:\Program Files (x86)\Microsoft SQL Server\160\DTS\Binn\;C:\Program Files\Microsoft SQL Server\150\Tools\Binn\;C:\Program Files\Git\cmd;C:\Users\ghost\AppData\Local\Microsoft\WindowsApps;C:\Program Files\Azure Data Studio\bin;C:\Users\ghost\AppData\Local\GitHubDesktop\bin;.]
15-Oct-2024 22:02:58.849 INFO [main] org.apache.coyote.AbstractProtocol.init Inicializando el manejador de protocolo ["http-nio-8080"]

15-Oct-2024 22:02:58.871 INFO [main] org.apache.catalina.startup.Catalina.load Server initialization in [507] milliseconds
15-Oct-2024 22:02:58.915 INFO [main] org.apache.catalina.core.StandardService.startInternal Arrancando servicio [Catalina]
15-Oct-2024 22:02:58.916 INFO [main] org.apache.catalina.core.StandardEngine.startInternal Starting Servlet engine: [Apache Tomcat/9.0.96]
15-Oct-2024 22:02:58.924 INFO [main] org.apache.catalina.startup.HostConfig.deployDescriptor Desplieque del descriptor de configuración [C:\Users\ghost\Documents\NetBeansProjects\apache-tomcat-9.0.96\conf\Catalina\localhost\proyecto_web_CRUD.xml]
15-Oct-2024 22:02:58.934 WARNING [main] org.apache.catalina.startup.HostConfig.deployDescriptor The path attribute with value [/proyecto_web_CRUD] in deployment descriptor [C:\Users\ghost\Documents\NetBeansProjects\apache-tomcat-9.0.96\conf\Catalina\localhost\proyecto_web_CRUD.xml] has been ignored
15-Oct-2024 22:02:59.475 INFO [main] org.apache.jasper.servlet.TldScanner.scanJars Al menos un JAR, que se ha explorado buscando TLDs, aún no contenía TLDs. Activar historial de depuración para este historiador para una completa lista de los JARs que fueron explorados y de los que nos se halló TLDs. Saltarse JARs no necesarios durante la exploración puede dar lugar a una mejora de tiempo significativa en el arranque y compilación de JSP .
15-Oct-2024 22:02:59.522 INFO [main] org.apache.catalina.startup.HostConfig.deployDescriptor Deployment of deployment descriptor [C:\Users\ghost\Documents\NetBeansProjects\apache-tomcat-9.0.96\conf\Catalina\localhost\proyecto_web_CRUD.xml] has finished in [596] ms
15-Oct-2024 22:02:59.523 INFO [main] org.apache.catalina.startup.HostConfig.deployDescriptor Desplieque del descriptor de configuración [C:\Users\ghost\Documents\NetBeansProjects\apache-tomcat-9.0.96\conf\Catalina\localhost\web_empresa_bd.xml]
15-Oct-2024 22:02:59.523 WARNING [main] org.apache.catalina.startup.HostConfig.deployDescriptor The path attribute with value [/web_empresa_bd] in deployment descriptor [C:\Users\ghost\Documents\NetBeansProjects\apache-tomcat-9.0.96\conf\Catalina\localhost\web_empresa_bd.xml] has been ignored
15-Oct-2024 22:02:59.890 INFO [main] org.apache.jasper.servlet.TldScanner.scanJars Al menos un JAR, que se ha explorado buscando TLDs, aún no contenía TLDs. Activar historial de depuración para este historiador para una completa lista de los JARs que fueron explorados y de los que nos se halló TLDs. Saltarse JARs no necesarios durante la exploración puede dar lugar a una mejora de tiempo significativa en el arranque y compilación de JSP .
15-Oct-2024 22:02:59.893 INFO [main] org.apache.catalina.startup.HostConfig.deployDescriptor Deployment of deployment descriptor [C:\Users\ghost\Documents\NetBeansProjects\apache-tomcat-9.0.96\conf\Catalina\localhost\web_empresa_bd.xml] has finished in [370] ms
15-Oct-2024 22:02:59.893 INFO [main] org.apache.catalina.startup.HostConfig.deployDirectory Desplegando el directorio [C:\Users\ghost\Documents\NetBeansProjects\apache-tomcat-9.0.96\webapps\docs] de la aplicación web
15-Oct-2024 22:02:59.926 INFO [main] org.apache.catalina.startup.HostConfig.deployDirectory Deployment of web application directory [C:\Users\ghost\Documents\NetBeansProjects\apache-tomcat-9.0.96\webapps\docs] has finished in [33] ms
15-Oct-2024 22:02:59.927 INFO [main] org.apache.catalina.startup.HostConfig.deployDirectory Desplegando el directorio [C:\Users\ghost\Documents\NetBeansProjects\apache-tomcat-9.0.96\webapps\examples] de la aplicación web
15-Oct-2024 22:03:00.328 INFO [main] org.apache.catalina.startup.HostConfig.deployDirectory Deployment of web application directory [C:\Users\ghost\Documents\NetBeansProjects\apache-tomcat-9.0.96\webapps\examples] has finished in [401] ms
15-Oct-2024 22:03:00.328 INFO [main] org.apache.catalina.startup.HostConfig.deployDirectory Desplegando el directorio [C:\Users\ghost\Documents\NetBeansProjects\apache-tomcat-9.0.96\webapps\host-manager] de la aplicación web
15-Oct-2024 22:03:00.361 INFO [main] org.apache.catalina.startup.HostConfig.deployDirectory Deployment of web application directory [C:\Users\ghost\Documents\NetBeansProjects\apache-tomcat-9.0.96\webapps\host-manager] has finished in [33] ms
15-Oct-2024 22:03:00.361 INFO [main] org.apache.catalina.startup.HostConfig.deployDirectory Desplegando el directorio [C:\Users\ghost\Documents\NetBeansProjects\apache-tomcat-9.0.96\webapps\manager] de la aplicación web
15-Oct-2024 22:03:00.398 INFO [main] org.apache.catalina.startup.HostConfig.deployDirectory Deployment of web application directory [C:\Users\ghost\Documents\NetBeansProjects\apache-tomcat-9.0.96\webapps\manager] has finished in [37] ms
15-Oct-2024 22:03:00.398 INFO [main] org.apache.catalina.startup.HostConfig.deployDirectory Desplegando el directorio [C:\Users\ghost\Documents\NetBeansProjects\apache-tomcat-9.0.96\webapps\ROOT] de la aplicación web
15-Oct-2024 22:03:00.419 INFO [main] org.apache.catalina.startup.HostConfig.deployDirectory Deployment of web application directory [C:\Users\ghost\Documents\NetBeansProjects\apache-tomcat-9.0.96\webapps\ROOT] has finished in [20] ms
15-Oct-2024 22:03:00.422 INFO [main] org.apache.coyote.AbstractProtocol.start Starting ProtocolHandler ["http-nio-8080"]
15-Oct-2024 22:03:00.441 INFO [main] org.apache.catalina.startup.Catalina.start Server startup in [1568] milliseconds
15-Oct-2024 22:08:48.465 INFO [http-nio-8080-exec-5] org.apache.catalina.core.StandardContext.reload Ha comenzado la recarga de Contexto [/proyecto_web_CRUD]
15-Oct-2024 22:08:48.471 WARNING [http-nio-8080-exec-5] org.apache.catalina.loader.WebappClassLoaderBase.clearReferencesJdbc La aplicación web [proyecto_web_CRUD] registró el conductor JDBC [com.mysql.cj.jdbc.Driver] pero falló al anular el registro mientras la aplicación web estaba parada. Para prevenir un fallo de memoria, se ha anulado el registro del conductor JDBC por la fuerza.
15-Oct-2024 22:08:48.471 WARNING [http-nio-8080-exec-5] org.apache.catalina.loader.WebappClassLoaderBase.clearReferencesThreads The web application [proyecto_web_CRUD] appears to have started a thread named [mysql-cj-abandoned-connection-cleanup] but has failed to stop it. This is very likely to create a memory leak. Stack trace of thread:
 java.base/jdk.internal.misc.Unsafe.park(Native Method)
 java.base/java.util.concurrent.locks.LockSupport.parkNanos(LockSupport.java:269)
 java.base/java.util.concurrent.locks.AbstractQueuedSynchronizer$ConditionObject.await(AbstractQueuedSynchronizer.java:1847)
 java.base/java.lang.ref.ReferenceQueue.await(ReferenceQueue.java:71)
 java.base/java.lang.ref.ReferenceQueue.remove0(ReferenceQueue.java:143)
 java.base/java.lang.ref.ReferenceQueue.remove(ReferenceQueue.java:218)
 com.mysql.cj.jdbc.AbandonedConnectionCleanupThread.run(AbandonedConnectionCleanupThread.java:84)
 java.base/java.util.concurrent.ThreadPoolExecutor.runWorker(ThreadPoolExecutor.java:1144)
 java.base/java.util.concurrent.ThreadPoolExecutor$Worker.run(ThreadPoolExecutor.java:642)
 java.base/java.lang.Thread.run(Thread.java:1570)
15-Oct-2024 22:08:48.521 INFO [mysql-cj-abandoned-connection-cleanup] org.apache.catalina.loader.WebappClassLoaderBase.checkStateForResourceLoading Acceso ilegal: esta instancia de aplicación web ya ha sido parada.  Could not load [].  La eventual traza de pila que sigue ha sido motivada por un error lanzado con motivos de depuración así como para intentar terminar el hilo que motivó el acceso ilegal y no tiene impacto funcional.
	java.lang.IllegalStateException: Acceso ilegal: esta instancia de aplicación web ya ha sido parada.  Could not load [].  La eventual traza de pila que sigue ha sido motivada por un error lanzado con motivos de depuración así como para intentar terminar el hilo que motivó el acceso ilegal y no tiene impacto funcional.
		at org.apache.catalina.loader.WebappClassLoaderBase.checkStateForResourceLoading(WebappClassLoaderBase.java:1328)
		at org.apache.catalina.loader.WebappClassLoaderBase.getResource(WebappClassLoaderBase.java:960)
		at com.mysql.cj.jdbc.AbandonedConnectionCleanupThread.checkThreadContextClassLoader(AbandonedConnectionCleanupThread.java:116)
		at com.mysql.cj.jdbc.AbandonedConnectionCleanupThread.run(AbandonedConnectionCleanupThread.java:83)
		at java.base/java.util.concurrent.ThreadPoolExecutor.runWorker(ThreadPoolExecutor.java:1144)
		at java.base/java.util.concurrent.ThreadPoolExecutor$Worker.run(ThreadPoolExecutor.java:642)
		at java.base/java.lang.Thread.run(Thread.java:1570)
15-Oct-2024 22:08:48.522 INFO [mysql-cj-abandoned-connection-cleanup] org.apache.catalina.loader.WebappClassLoaderBase.checkStateForResourceLoading Acceso ilegal: esta instancia de aplicación web ya ha sido parada.  Could not load [].  La eventual traza de pila que sigue ha sido motivada por un error lanzado con motivos de depuración así como para intentar terminar el hilo que motivó el acceso ilegal y no tiene impacto funcional.
	java.lang.IllegalStateException: Acceso ilegal: esta instancia de aplicación web ya ha sido parada.  Could not load [].  La eventual traza de pila que sigue ha sido motivada por un error lanzado con motivos de depuración así como para intentar terminar el hilo que motivó el acceso ilegal y no tiene impacto funcional.
		at org.apache.catalina.loader.WebappClassLoaderBase.checkStateForResourceLoading(WebappClassLoaderBase.java:1328)
		at org.apache.catalina.loader.WebappClassLoaderBase.getResource(WebappClassLoaderBase.java:960)
		at com.mysql.cj.jdbc.AbandonedConnectionCleanupThread.checkThreadContextClassLoader(AbandonedConnectionCleanupThread.java:116)
		at com.mysql.cj.jdbc.AbandonedConnectionCleanupThread.run(AbandonedConnectionCleanupThread.java:83)
		at java.base/java.util.concurrent.ThreadPoolExecutor.runWorker(ThreadPoolExecutor.java:1144)
		at java.base/java.util.concurrent.ThreadPoolExecutor$Worker.run(ThreadPoolExecutor.java:642)
		at java.base/java.lang.Thread.run(Thread.java:1570)
15-Oct-2024 22:08:48.522 INFO [mysql-cj-abandoned-connection-cleanup] org.apache.catalina.loader.WebappClassLoaderBase.checkStateForResourceLoading Acceso ilegal: esta instancia de aplicación web ya ha sido parada.  Could not load [].  La eventual traza de pila que sigue ha sido motivada por un error lanzado con motivos de depuración así como para intentar terminar el hilo que motivó el acceso ilegal y no tiene impacto funcional.
	java.lang.IllegalStateException: Acceso ilegal: esta instancia de aplicación web ya ha sido parada.  Could not load [].  La eventual traza de pila que sigue ha sido motivada por un error lanzado con motivos de depuración así como para intentar terminar el hilo que motivó el acceso ilegal y no tiene impacto funcional.
		at org.apache.catalina.loader.WebappClassLoaderBase.checkStateForResourceLoading(WebappClassLoaderBase.java:1328)
		at org.apache.catalina.loader.WebappClassLoaderBase.getResource(WebappClassLoaderBase.java:960)
		at com.mysql.cj.jdbc.AbandonedConnectionCleanupThread.checkThreadContextClassLoader(AbandonedConnectionCleanupThread.java:116)
		at com.mysql.cj.jdbc.AbandonedConnectionCleanupThread.run(AbandonedConnectionCleanupThread.java:83)
		at java.base/java.util.concurrent.ThreadPoolExecutor.runWorker(ThreadPoolExecutor.java:1144)
		at java.base/java.util.concurrent.ThreadPoolExecutor$Worker.run(ThreadPoolExecutor.java:642)
		at java.base/java.lang.Thread.run(Thread.java:1570)
15-Oct-2024 22:08:48.543 INFO [mysql-cj-abandoned-connection-cleanup] org.apache.catalina.loader.WebappClassLoaderBase.checkStateForResourceLoading Acceso ilegal: esta instancia de aplicación web ya ha sido parada.  Could not load [].  La eventual traza de pila que sigue ha sido motivada por un error lanzado con motivos de depuración así como para intentar terminar el hilo que motivó el acceso ilegal y no tiene impacto funcional.
	java.lang.IllegalStateException: Acceso ilegal: esta instancia de aplicación web ya ha sido parada.  Could not load [].  La eventual traza de pila que sigue ha sido motivada por un error lanzado con motivos de depuración así como para intentar terminar el hilo que motivó el acceso ilegal y no tiene impacto funcional.
		at org.apache.catalina.loader.WebappClassLoaderBase.checkStateForResourceLoading(WebappClassLoaderBase.java:1328)
		at org.apache.catalina.loader.WebappClassLoaderBase.getResource(WebappClassLoaderBase.java:960)
		at com.mysql.cj.jdbc.AbandonedConnectionCleanupThread.checkThreadContextClassLoader(AbandonedConnectionCleanupThread.java:116)
		at com.mysql.cj.jdbc.AbandonedConnectionCleanupThread.run(AbandonedConnectionCleanupThread.java:83)
		at java.base/java.util.concurrent.ThreadPoolExecutor.runWorker(ThreadPoolExecutor.java:1144)
		at java.base/java.util.concurrent.ThreadPoolExecutor$Worker.run(ThreadPoolExecutor.java:642)
		at java.base/java.lang.Thread.run(Thread.java:1570)
15-Oct-2024 22:08:48.543 INFO [mysql-cj-abandoned-connection-cleanup] org.apache.catalina.loader.WebappClassLoaderBase.checkStateForResourceLoading Acceso ilegal: esta instancia de aplicación web ya ha sido parada.  Could not load [].  La eventual traza de pila que sigue ha sido motivada por un error lanzado con motivos de depuración así como para intentar terminar el hilo que motivó el acceso ilegal y no tiene impacto funcional.
	java.lang.IllegalStateException: Acceso ilegal: esta instancia de aplicación web ya ha sido parada.  Could not load [].  La eventual traza de pila que sigue ha sido motivada por un error lanzado con motivos de depuración así como para intentar terminar el hilo que motivó el acceso ilegal y no tiene impacto funcional.
		at org.apache.catalina.loader.WebappClassLoaderBase.checkStateForResourceLoading(WebappClassLoaderBase.java:1328)
		at org.apache.catalina.loader.WebappClassLoaderBase.getResource(WebappClassLoaderBase.java:960)
		at com.mysql.cj.jdbc.AbandonedConnectionCleanupThread.checkThreadContextClassLoader(AbandonedConnectionCleanupThread.java:116)
		at com.mysql.cj.jdbc.AbandonedConnectionCleanupThread.run(AbandonedConnectionCleanupThread.java:83)
		at java.base/java.util.concurrent.ThreadPoolExecutor.runWorker(ThreadPoolExecutor.java:1144)
		at java.base/java.util.concurrent.ThreadPoolExecutor$Worker.run(ThreadPoolExecutor.java:642)
		at java.base/java.lang.Thread.run(Thread.java:1570)
15-Oct-2024 22:08:48.543 INFO [mysql-cj-abandoned-connection-cleanup] org.apache.catalina.loader.WebappClassLoaderBase.checkStateForResourceLoading Acceso ilegal: esta instancia de aplicación web ya ha sido parada.  Could not load [].  La eventual traza de pila que sigue ha sido motivada por un error lanzado con motivos de depuración así como para intentar terminar el hilo que motivó el acceso ilegal y no tiene impacto funcional.
	java.lang.IllegalStateException: Acceso ilegal: esta instancia de aplicación web ya ha sido parada.  Could not load [].  La eventual traza de pila que sigue ha sido motivada por un error lanzado con motivos de depuración así como para intentar terminar el hilo que motivó el acceso ilegal y no tiene impacto funcional.
		at org.apache.catalina.loader.WebappClassLoaderBase.checkStateForResourceLoading(WebappClassLoaderBase.java:1328)
		at org.apache.catalina.loader.WebappClassLoaderBase.getResource(WebappClassLoaderBase.java:960)
		at com.mysql.cj.jdbc.AbandonedConnectionCleanupThread.checkThreadContextClassLoader(AbandonedConnectionCleanupThread.java:116)
		at com.mysql.cj.jdbc.AbandonedConnectionCleanupThread.run(AbandonedConnectionCleanupThread.java:83)
		at java.base/java.util.concurrent.ThreadPoolExecutor.runWorker(ThreadPoolExecutor.java:1144)
		at java.base/java.util.concurrent.ThreadPoolExecutor$Worker.run(ThreadPoolExecutor.java:642)
		at java.base/java.lang.Thread.run(Thread.java:1570)
15-Oct-2024 22:08:48.640 INFO [mysql-cj-abandoned-connection-cleanup] org.apache.catalina.loader.WebappClassLoaderBase.checkStateForResourceLoading Acceso ilegal: esta instancia de aplicación web ya ha sido parada.  Could not load [].  La eventual traza de pila que sigue ha sido motivada por un error lanzado con motivos de depuración así como para intentar terminar el hilo que motivó el acceso ilegal y no tiene impacto funcional.
	java.lang.IllegalStateException: Acceso ilegal: esta instancia de aplicación web ya ha sido parada.  Could not load [].  La eventual traza de pila que sigue ha sido motivada por un error lanzado con motivos de depuración así como para intentar terminar el hilo que motivó el acceso ilegal y no tiene impacto funcional.
		at org.apache.catalina.loader.WebappClassLoaderBase.checkStateForResourceLoading(WebappClassLoaderBase.java:1328)
		at org.apache.catalina.loader.WebappClassLoaderBase.getResource(WebappClassLoaderBase.java:960)
		at com.mysql.cj.jdbc.AbandonedConnectionCleanupThread.checkThreadContextClassLoader(AbandonedConnectionCleanupThread.java:116)
		at com.mysql.cj.jdbc.AbandonedConnectionCleanupThread.run(AbandonedConnectionCleanupThread.java:83)
		at java.base/java.util.concurrent.ThreadPoolExecutor.runWorker(ThreadPoolExecutor.java:1144)
		at java.base/java.util.concurrent.ThreadPoolExecutor$Worker.run(ThreadPoolExecutor.java:642)
		at java.base/java.lang.Thread.run(Thread.java:1570)
15-Oct-2024 22:08:48.640 INFO [mysql-cj-abandoned-connection-cleanup] org.apache.catalina.loader.WebappClassLoaderBase.checkStateForResourceLoading Acceso ilegal: esta instancia de aplicación web ya ha sido parada.  Could not load [].  La eventual traza de pila que sigue ha sido motivada por un error lanzado con motivos de depuración así como para intentar terminar el hilo que motivó el acceso ilegal y no tiene impacto funcional.
	java.lang.IllegalStateException: Acceso ilegal: esta instancia de aplicación web ya ha sido parada.  Could not load [].  La eventual traza de pila que sigue ha sido motivada por un error lanzado con motivos de depuración así como para intentar terminar el hilo que motivó el acceso ilegal y no tiene impacto funcional.
		at org.apache.catalina.loader.WebappClassLoaderBase.checkStateForResourceLoading(WebappClassLoaderBase.java:1328)
		at org.apache.catalina.loader.WebappClassLoaderBase.getResource(WebappClassLoaderBase.java:960)
		at com.mysql.cj.jdbc.AbandonedConnectionCleanupThread.checkThreadContextClassLoader(AbandonedConnectionCleanupThread.java:116)
		at com.mysql.cj.jdbc.AbandonedConnectionCleanupThread.run(AbandonedConnectionCleanupThread.java:83)
		at java.base/java.util.concurrent.ThreadPoolExecutor.runWorker(ThreadPoolExecutor.java:1144)
		at java.base/java.util.concurrent.ThreadPoolExecutor$Worker.run(ThreadPoolExecutor.java:642)
		at java.base/java.lang.Thread.run(Thread.java:1570)
15-Oct-2024 22:08:48.640 INFO [mysql-cj-abandoned-connection-cleanup] org.apache.catalina.loader.WebappClassLoaderBase.checkStateForResourceLoading Acceso ilegal: esta instancia de aplicación web ya ha sido parada.  Could not load [].  La eventual traza de pila que sigue ha sido motivada por un error lanzado con motivos de depuración así como para intentar terminar el hilo que motivó el acceso ilegal y no tiene impacto funcional.
	java.lang.IllegalStateException: Acceso ilegal: esta instancia de aplicación web ya ha sido parada.  Could not load [].  La eventual traza de pila que sigue ha sido motivada por un error lanzado con motivos de depuración así como para intentar terminar el hilo que motivó el acceso ilegal y no tiene impacto funcional.
		at org.apache.catalina.loader.WebappClassLoaderBase.checkStateForResourceLoading(WebappClassLoaderBase.java:1328)
		at org.apache.catalina.loader.WebappClassLoaderBase.getResource(WebappClassLoaderBase.java:960)
		at com.mysql.cj.jdbc.AbandonedConnectionCleanupThread.checkThreadContextClassLoader(AbandonedConnectionCleanupThread.java:116)
		at com.mysql.cj.jdbc.AbandonedConnectionCleanupThread.run(AbandonedConnectionCleanupThread.java:83)
		at java.base/java.util.concurrent.ThreadPoolExecutor.runWorker(ThreadPoolExecutor.java:1144)
		at java.base/java.util.concurrent.ThreadPoolExecutor$Worker.run(ThreadPoolExecutor.java:642)
		at java.base/java.lang.Thread.run(Thread.java:1570)
15-Oct-2024 22:08:48.705 INFO [mysql-cj-abandoned-connection-cleanup] org.apache.catalina.loader.WebappClassLoaderBase.checkStateForResourceLoading Acceso ilegal: esta instancia de aplicación web ya ha sido parada.  Could not load [].  La eventual traza de pila que sigue ha sido motivada por un error lanzado con motivos de depuración así como para intentar terminar el hilo que motivó el acceso ilegal y no tiene impacto funcional.
	java.lang.IllegalStateException: Acceso ilegal: esta instancia de aplicación web ya ha sido parada.  Could not load [].  La eventual traza de pila que sigue ha sido motivada por un error lanzado con motivos de depuración así como para intentar terminar el hilo que motivó el acceso ilegal y no tiene impacto funcional.
		at org.apache.catalina.loader.WebappClassLoaderBase.checkStateForResourceLoading(WebappClassLoaderBase.java:1328)
		at org.apache.catalina.loader.WebappClassLoaderBase.getResource(WebappClassLoaderBase.java:960)
		at com.mysql.cj.jdbc.AbandonedConnectionCleanupThread.checkThreadContextClassLoader(AbandonedConnectionCleanupThread.java:116)
		at com.mysql.cj.jdbc.AbandonedConnectionCleanupThread.run(AbandonedConnectionCleanupThread.java:83)
		at java.base/java.util.concurrent.ThreadPoolExecutor.runWorker(ThreadPoolExecutor.java:1144)
		at java.base/java.util.concurrent.ThreadPoolExecutor$Worker.run(ThreadPoolExecutor.java:642)
		at java.base/java.lang.Thread.run(Thread.java:1570)
15-Oct-2024 22:08:48.705 INFO [mysql-cj-abandoned-connection-cleanup] org.apache.catalina.loader.WebappClassLoaderBase.checkStateForResourceLoading Acceso ilegal: esta instancia de aplicación web ya ha sido parada.  Could not load [].  La eventual traza de pila que sigue ha sido motivada por un error lanzado con motivos de depuración así como para intentar terminar el hilo que motivó el acceso ilegal y no tiene impacto funcional.
	java.lang.IllegalStateException: Acceso ilegal: esta instancia de aplicación web ya ha sido parada.  Could not load [].  La eventual traza de pila que sigue ha sido motivada por un error lanzado con motivos de depuración así como para intentar terminar el hilo que motivó el acceso ilegal y no tiene impacto funcional.
		at org.apache.catalina.loader.WebappClassLoaderBase.checkStateForResourceLoading(WebappClassLoaderBase.java:1328)
		at org.apache.catalina.loader.WebappClassLoaderBase.getResource(WebappClassLoaderBase.java:960)
		at com.mysql.cj.jdbc.AbandonedConnectionCleanupThread.checkThreadContextClassLoader(AbandonedConnectionCleanupThread.java:116)
		at com.mysql.cj.jdbc.AbandonedConnectionCleanupThread.run(AbandonedConnectionCleanupThread.java:83)
		at java.base/java.util.concurrent.ThreadPoolExecutor.runWorker(ThreadPoolExecutor.java:1144)
		at java.base/java.util.concurrent.ThreadPoolExecutor$Worker.run(ThreadPoolExecutor.java:642)
		at java.base/java.lang.Thread.run(Thread.java:1570)
15-Oct-2024 22:08:48.705 INFO [mysql-cj-abandoned-connection-cleanup] org.apache.catalina.loader.WebappClassLoaderBase.checkStateForResourceLoading Acceso ilegal: esta instancia de aplicación web ya ha sido parada.  Could not load [].  La eventual traza de pila que sigue ha sido motivada por un error lanzado con motivos de depuración así como para intentar terminar el hilo que motivó el acceso ilegal y no tiene impacto funcional.
	java.lang.IllegalStateException: Acceso ilegal: esta instancia de aplicación web ya ha sido parada.  Could not load [].  La eventual traza de pila que sigue ha sido motivada por un error lanzado con motivos de depuración así como para intentar terminar el hilo que motivó el acceso ilegal y no tiene impacto funcional.
		at org.apache.catalina.loader.WebappClassLoaderBase.checkStateForResourceLoading(WebappClassLoaderBase.java:1328)
		at org.apache.catalina.loader.WebappClassLoaderBase.getResource(WebappClassLoaderBase.java:960)
		at com.mysql.cj.jdbc.AbandonedConnectionCleanupThread.checkThreadContextClassLoader(AbandonedConnectionCleanupThread.java:116)
		at com.mysql.cj.jdbc.AbandonedConnectionCleanupThread.run(AbandonedConnectionCleanupThread.java:83)
		at java.base/java.util.concurrent.ThreadPoolExecutor.runWorker(ThreadPoolExecutor.java:1144)
		at java.base/java.util.concurrent.ThreadPoolExecutor$Worker.run(ThreadPoolExecutor.java:642)
		at java.base/java.lang.Thread.run(Thread.java:1570)
15-Oct-2024 22:08:48.907 INFO [http-nio-8080-exec-5] org.apache.jasper.servlet.TldScanner.scanJars Al menos un JAR, que se ha explorado buscando TLDs, aún no contenía TLDs. Activar historial de depuración para este historiador para una completa lista de los JARs que fueron explorados y de los que nos se halló TLDs. Saltarse JARs no necesarios durante la exploración puede dar lugar a una mejora de tiempo significativa en el arranque y compilación de JSP .
15-Oct-2024 22:08:48.910 INFO [http-nio-8080-exec-5] org.apache.catalina.core.StandardContext.reload Se ha completado la recarga de este Contexto
15-Oct-2024 22:08:48.914 INFO [http-nio-8080-exec-11] org.apache.catalina.core.StandardContext.reload Ha comenzado la recarga de Contexto [/proyecto_web_CRUD]
15-Oct-2024 22:08:49.243 INFO [http-nio-8080-exec-11] org.apache.jasper.servlet.TldScanner.scanJars Al menos un JAR, que se ha explorado buscando TLDs, aún no contenía TLDs. Activar historial de depuración para este historiador para una completa lista de los JARs que fueron explorados y de los que nos se halló TLDs. Saltarse JARs no necesarios durante la exploración puede dar lugar a una mejora de tiempo significativa en el arranque y compilación de JSP .
15-Oct-2024 22:08:49.245 INFO [http-nio-8080-exec-11] org.apache.catalina.core.StandardContext.reload Se ha completado la recarga de este Contexto
15-Oct-2024 22:22:04.386 INFO [http-nio-8080-exec-16] org.apache.catalina.core.StandardContext.reload Ha comenzado la recarga de Contexto [/proyecto_web_CRUD]
15-Oct-2024 22:22:04.389 WARNING [http-nio-8080-exec-16] org.apache.catalina.loader.WebappClassLoaderBase.clearReferencesJdbc La aplicación web [proyecto_web_CRUD] registró el conductor JDBC [com.mysql.cj.jdbc.Driver] pero falló al anular el registro mientras la aplicación web estaba parada. Para prevenir un fallo de memoria, se ha anulado el registro del conductor JDBC por la fuerza.
15-Oct-2024 22:22:04.389 WARNING [http-nio-8080-exec-16] org.apache.catalina.loader.WebappClassLoaderBase.clearReferencesThreads The web application [proyecto_web_CRUD] appears to have started a thread named [mysql-cj-abandoned-connection-cleanup] but has failed to stop it. This is very likely to create a memory leak. Stack trace of thread:
 java.base/jdk.internal.misc.Unsafe.park(Native Method)
 java.base/java.util.concurrent.locks.LockSupport.parkNanos(LockSupport.java:269)
 java.base/java.util.concurrent.locks.AbstractQueuedSynchronizer$ConditionObject.await(AbstractQueuedSynchronizer.java:1847)
 java.base/java.lang.ref.ReferenceQueue.await(ReferenceQueue.java:71)
 java.base/java.lang.ref.ReferenceQueue.remove0(ReferenceQueue.java:143)
 java.base/java.lang.ref.ReferenceQueue.remove(ReferenceQueue.java:218)
 com.mysql.cj.jdbc.AbandonedConnectionCleanupThread.run(AbandonedConnectionCleanupThread.java:84)
 java.base/java.util.concurrent.ThreadPoolExecutor.runWorker(ThreadPoolExecutor.java:1144)
 java.base/java.util.concurrent.ThreadPoolExecutor$Worker.run(ThreadPoolExecutor.java:642)
 java.base/java.lang.Thread.run(Thread.java:1570)
15-Oct-2024 22:22:04.489 INFO [mysql-cj-abandoned-connection-cleanup] org.apache.catalina.loader.WebappClassLoaderBase.checkStateForResourceLoading Acceso ilegal: esta instancia de aplicación web ya ha sido parada.  Could not load [].  La eventual traza de pila que sigue ha sido motivada por un error lanzado con motivos de depuración así como para intentar terminar el hilo que motivó el acceso ilegal y no tiene impacto funcional.
	java.lang.IllegalStateException: Acceso ilegal: esta instancia de aplicación web ya ha sido parada.  Could not load [].  La eventual traza de pila que sigue ha sido motivada por un error lanzado con motivos de depuración así como para intentar terminar el hilo que motivó el acceso ilegal y no tiene impacto funcional.
		at org.apache.catalina.loader.WebappClassLoaderBase.checkStateForResourceLoading(WebappClassLoaderBase.java:1328)
		at org.apache.catalina.loader.WebappClassLoaderBase.getResource(WebappClassLoaderBase.java:960)
		at com.mysql.cj.jdbc.AbandonedConnectionCleanupThread.checkThreadContextClassLoader(AbandonedConnectionCleanupThread.java:116)
		at com.mysql.cj.jdbc.AbandonedConnectionCleanupThread.run(AbandonedConnectionCleanupThread.java:83)
		at java.base/java.util.concurrent.ThreadPoolExecutor.runWorker(ThreadPoolExecutor.java:1144)
		at java.base/java.util.concurrent.ThreadPoolExecutor$Worker.run(ThreadPoolExecutor.java:642)
		at java.base/java.lang.Thread.run(Thread.java:1570)
15-Oct-2024 22:22:04.489 INFO [mysql-cj-abandoned-connection-cleanup] org.apache.catalina.loader.WebappClassLoaderBase.checkStateForResourceLoading Acceso ilegal: esta instancia de aplicación web ya ha sido parada.  Could not load [].  La eventual traza de pila que sigue ha sido motivada por un error lanzado con motivos de depuración así como para intentar terminar el hilo que motivó el acceso ilegal y no tiene impacto funcional.
	java.lang.IllegalStateException: Acceso ilegal: esta instancia de aplicación web ya ha sido parada.  Could not load [].  La eventual traza de pila que sigue ha sido motivada por un error lanzado con motivos de depuración así como para intentar terminar el hilo que motivó el acceso ilegal y no tiene impacto funcional.
		at org.apache.catalina.loader.WebappClassLoaderBase.checkStateForResourceLoading(WebappClassLoaderBase.java:1328)
		at org.apache.catalina.loader.WebappClassLoaderBase.getResource(WebappClassLoaderBase.java:960)
		at com.mysql.cj.jdbc.AbandonedConnectionCleanupThread.checkThreadContextClassLoader(AbandonedConnectionCleanupThread.java:116)
		at com.mysql.cj.jdbc.AbandonedConnectionCleanupThread.run(AbandonedConnectionCleanupThread.java:83)
		at java.base/java.util.concurrent.ThreadPoolExecutor.runWorker(ThreadPoolExecutor.java:1144)
		at java.base/java.util.concurrent.ThreadPoolExecutor$Worker.run(ThreadPoolExecutor.java:642)
		at java.base/java.lang.Thread.run(Thread.java:1570)
15-Oct-2024 22:22:04.628 INFO [mysql-cj-abandoned-connection-cleanup] org.apache.catalina.loader.WebappClassLoaderBase.checkStateForResourceLoading Acceso ilegal: esta instancia de aplicación web ya ha sido parada.  Could not load [].  La eventual traza de pila que sigue ha sido motivada por un error lanzado con motivos de depuración así como para intentar terminar el hilo que motivó el acceso ilegal y no tiene impacto funcional.
	java.lang.IllegalStateException: Acceso ilegal: esta instancia de aplicación web ya ha sido parada.  Could not load [].  La eventual traza de pila que sigue ha sido motivada por un error lanzado con motivos de depuración así como para intentar terminar el hilo que motivó el acceso ilegal y no tiene impacto funcional.
		at org.apache.catalina.loader.WebappClassLoaderBase.checkStateForResourceLoading(WebappClassLoaderBase.java:1328)
		at org.apache.catalina.loader.WebappClassLoaderBase.getResource(WebappClassLoaderBase.java:960)
		at com.mysql.cj.jdbc.AbandonedConnectionCleanupThread.checkThreadContextClassLoader(AbandonedConnectionCleanupThread.java:116)
		at com.mysql.cj.jdbc.AbandonedConnectionCleanupThread.run(AbandonedConnectionCleanupThread.java:83)
		at java.base/java.util.concurrent.ThreadPoolExecutor.runWorker(ThreadPoolExecutor.java:1144)
		at java.base/java.util.concurrent.ThreadPoolExecutor$Worker.run(ThreadPoolExecutor.java:642)
		at java.base/java.lang.Thread.run(Thread.java:1570)
15-Oct-2024 22:22:04.628 INFO [mysql-cj-abandoned-connection-cleanup] org.apache.catalina.loader.WebappClassLoaderBase.checkStateForResourceLoading Acceso ilegal: esta instancia de aplicación web ya ha sido parada.  Could not load [].  La eventual traza de pila que sigue ha sido motivada por un error lanzado con motivos de depuración así como para intentar terminar el hilo que motivó el acceso ilegal y no tiene impacto funcional.
	java.lang.IllegalStateException: Acceso ilegal: esta instancia de aplicación web ya ha sido parada.  Could not load [].  La eventual traza de pila que sigue ha sido motivada por un error lanzado con motivos de depuración así como para intentar terminar el hilo que motivó el acceso ilegal y no tiene impacto funcional.
		at org.apache.catalina.loader.WebappClassLoaderBase.checkStateForResourceLoading(WebappClassLoaderBase.java:1328)
		at org.apache.catalina.loader.WebappClassLoaderBase.getResource(WebappClassLoaderBase.java:960)
		at com.mysql.cj.jdbc.AbandonedConnectionCleanupThread.checkThreadContextClassLoader(AbandonedConnectionCleanupThread.java:116)
		at com.mysql.cj.jdbc.AbandonedConnectionCleanupThread.run(AbandonedConnectionCleanupThread.java:83)
		at java.base/java.util.concurrent.ThreadPoolExecutor.runWorker(ThreadPoolExecutor.java:1144)
		at java.base/java.util.concurrent.ThreadPoolExecutor$Worker.run(ThreadPoolExecutor.java:642)
		at java.base/java.lang.Thread.run(Thread.java:1570)
15-Oct-2024 22:22:04.628 INFO [mysql-cj-abandoned-connection-cleanup] org.apache.catalina.loader.WebappClassLoaderBase.checkStateForResourceLoading Acceso ilegal: esta instancia de aplicación web ya ha sido parada.  Could not load [].  La eventual traza de pila que sigue ha sido motivada por un error lanzado con motivos de depuración así como para intentar terminar el hilo que motivó el acceso ilegal y no tiene impacto funcional.
	java.lang.IllegalStateException: Acceso ilegal: esta instancia de aplicación web ya ha sido parada.  Could not load [].  La eventual traza de pila que sigue ha sido motivada por un error lanzado con motivos de depuración así como para intentar terminar el hilo que motivó el acceso ilegal y no tiene impacto funcional.
		at org.apache.catalina.loader.WebappClassLoaderBase.checkStateForResourceLoading(WebappClassLoaderBase.java:1328)
		at org.apache.catalina.loader.WebappClassLoaderBase.getResource(WebappClassLoaderBase.java:960)
		at com.mysql.cj.jdbc.AbandonedConnectionCleanupThread.checkThreadContextClassLoader(AbandonedConnectionCleanupThread.java:116)
		at com.mysql.cj.jdbc.AbandonedConnectionCleanupThread.run(AbandonedConnectionCleanupThread.java:83)
		at java.base/java.util.concurrent.ThreadPoolExecutor.runWorker(ThreadPoolExecutor.java:1144)
		at java.base/java.util.concurrent.ThreadPoolExecutor$Worker.run(ThreadPoolExecutor.java:642)
		at java.base/java.lang.Thread.run(Thread.java:1570)
15-Oct-2024 22:22:04.760 INFO [http-nio-8080-exec-16] org.apache.jasper.servlet.TldScanner.scanJars Al menos un JAR, que se ha explorado buscando TLDs, aún no contenía TLDs. Activar historial de depuración para este historiador para una completa lista de los JARs que fueron explorados y de los que nos se halló TLDs. Saltarse JARs no necesarios durante la exploración puede dar lugar a una mejora de tiempo significativa en el arranque y compilación de JSP .
15-Oct-2024 22:22:04.764 INFO [http-nio-8080-exec-16] org.apache.catalina.core.StandardContext.reload Se ha completado la recarga de este Contexto
15-Oct-2024 22:22:04.768 INFO [http-nio-8080-exec-15] org.apache.catalina.core.StandardContext.reload Ha comenzado la recarga de Contexto [/proyecto_web_CRUD]
15-Oct-2024 22:22:05.066 INFO [http-nio-8080-exec-15] org.apache.jasper.servlet.TldScanner.scanJars Al menos un JAR, que se ha explorado buscando TLDs, aún no contenía TLDs. Activar historial de depuración para este historiador para una completa lista de los JARs que fueron explorados y de los que nos se halló TLDs. Saltarse JARs no necesarios durante la exploración puede dar lugar a una mejora de tiempo significativa en el arranque y compilación de JSP .
15-Oct-2024 22:22:05.069 INFO [http-nio-8080-exec-15] org.apache.catalina.core.StandardContext.reload Se ha completado la recarga de este Contexto
15-Oct-2024 22:28:53.879 INFO [http-nio-8080-exec-26] org.apache.catalina.core.StandardContext.reload Ha comenzado la recarga de Contexto [/proyecto_web_CRUD]
15-Oct-2024 22:28:53.881 WARNING [http-nio-8080-exec-26] org.apache.catalina.loader.WebappClassLoaderBase.clearReferencesJdbc La aplicación web [proyecto_web_CRUD] registró el conductor JDBC [com.mysql.cj.jdbc.Driver] pero falló al anular el registro mientras la aplicación web estaba parada. Para prevenir un fallo de memoria, se ha anulado el registro del conductor JDBC por la fuerza.
15-Oct-2024 22:28:53.881 WARNING [http-nio-8080-exec-26] org.apache.catalina.loader.WebappClassLoaderBase.clearReferencesThreads The web application [proyecto_web_CRUD] appears to have started a thread named [mysql-cj-abandoned-connection-cleanup] but has failed to stop it. This is very likely to create a memory leak. Stack trace of thread:
 java.base/jdk.internal.misc.Unsafe.park(Native Method)
 java.base/java.util.concurrent.locks.LockSupport.parkNanos(LockSupport.java:269)
 java.base/java.util.concurrent.locks.AbstractQueuedSynchronizer$ConditionObject.await(AbstractQueuedSynchronizer.java:1847)
 java.base/java.lang.ref.ReferenceQueue.await(ReferenceQueue.java:71)
 java.base/java.lang.ref.ReferenceQueue.remove0(ReferenceQueue.java:143)
 java.base/java.lang.ref.ReferenceQueue.remove(ReferenceQueue.java:218)
 com.mysql.cj.jdbc.AbandonedConnectionCleanupThread.run(AbandonedConnectionCleanupThread.java:84)
 java.base/java.util.concurrent.ThreadPoolExecutor.runWorker(ThreadPoolExecutor.java:1144)
 java.base/java.util.concurrent.ThreadPoolExecutor$Worker.run(ThreadPoolExecutor.java:642)
 java.base/java.lang.Thread.run(Thread.java:1570)
15-Oct-2024 22:28:54.014 INFO [mysql-cj-abandoned-connection-cleanup] org.apache.catalina.loader.WebappClassLoaderBase.checkStateForResourceLoading Acceso ilegal: esta instancia de aplicación web ya ha sido parada.  Could not load [].  La eventual traza de pila que sigue ha sido motivada por un error lanzado con motivos de depuración así como para intentar terminar el hilo que motivó el acceso ilegal y no tiene impacto funcional.
	java.lang.IllegalStateException: Acceso ilegal: esta instancia de aplicación web ya ha sido parada.  Could not load [].  La eventual traza de pila que sigue ha sido motivada por un error lanzado con motivos de depuración así como para intentar terminar el hilo que motivó el acceso ilegal y no tiene impacto funcional.
		at org.apache.catalina.loader.WebappClassLoaderBase.checkStateForResourceLoading(WebappClassLoaderBase.java:1328)
		at org.apache.catalina.loader.WebappClassLoaderBase.getResource(WebappClassLoaderBase.java:960)
		at com.mysql.cj.jdbc.AbandonedConnectionCleanupThread.checkThreadContextClassLoader(AbandonedConnectionCleanupThread.java:116)
		at com.mysql.cj.jdbc.AbandonedConnectionCleanupThread.run(AbandonedConnectionCleanupThread.java:83)
		at java.base/java.util.concurrent.ThreadPoolExecutor.runWorker(ThreadPoolExecutor.java:1144)
		at java.base/java.util.concurrent.ThreadPoolExecutor$Worker.run(ThreadPoolExecutor.java:642)
		at java.base/java.lang.Thread.run(Thread.java:1570)
15-Oct-2024 22:28:54.183 INFO [http-nio-8080-exec-26] org.apache.jasper.servlet.TldScanner.scanJars Al menos un JAR, que se ha explorado buscando TLDs, aún no contenía TLDs. Activar historial de depuración para este historiador para una completa lista de los JARs que fueron explorados y de los que nos se halló TLDs. Saltarse JARs no necesarios durante la exploración puede dar lugar a una mejora de tiempo significativa en el arranque y compilación de JSP .
15-Oct-2024 22:28:54.186 INFO [http-nio-8080-exec-26] org.apache.catalina.core.StandardContext.reload Se ha completado la recarga de este Contexto
15-Oct-2024 22:28:54.189 INFO [http-nio-8080-exec-28] org.apache.catalina.core.StandardContext.reload Ha comenzado la recarga de Contexto [/proyecto_web_CRUD]
15-Oct-2024 22:28:54.482 INFO [http-nio-8080-exec-28] org.apache.jasper.servlet.TldScanner.scanJars Al menos un JAR, que se ha explorado buscando TLDs, aún no contenía TLDs. Activar historial de depuración para este historiador para una completa lista de los JARs que fueron explorados y de los que nos se halló TLDs. Saltarse JARs no necesarios durante la exploración puede dar lugar a una mejora de tiempo significativa en el arranque y compilación de JSP .
15-Oct-2024 22:28:54.485 INFO [http-nio-8080-exec-28] org.apache.catalina.core.StandardContext.reload Se ha completado la recarga de este Contexto
15-Oct-2024 22:30:33.209 INFO [http-nio-8080-exec-34] org.apache.catalina.core.StandardContext.reload Ha comenzado la recarga de Contexto [/proyecto_web_CRUD]
15-Oct-2024 22:30:33.495 INFO [http-nio-8080-exec-34] org.apache.jasper.servlet.TldScanner.scanJars Al menos un JAR, que se ha explorado buscando TLDs, aún no contenía TLDs. Activar historial de depuración para este historiador para una completa lista de los JARs que fueron explorados y de los que nos se halló TLDs. Saltarse JARs no necesarios durante la exploración puede dar lugar a una mejora de tiempo significativa en el arranque y compilación de JSP .
15-Oct-2024 22:30:33.497 INFO [http-nio-8080-exec-34] org.apache.catalina.core.StandardContext.reload Se ha completado la recarga de este Contexto
15-Oct-2024 22:30:41.683 INFO [http-nio-8080-exec-36] org.apache.catalina.core.StandardContext.reload Ha comenzado la recarga de Contexto [/proyecto_web_CRUD]
15-Oct-2024 22:30:41.964 INFO [http-nio-8080-exec-36] org.apache.jasper.servlet.TldScanner.scanJars Al menos un JAR, que se ha explorado buscando TLDs, aún no contenía TLDs. Activar historial de depuración para este historiador para una completa lista de los JARs que fueron explorados y de los que nos se halló TLDs. Saltarse JARs no necesarios durante la exploración puede dar lugar a una mejora de tiempo significativa en el arranque y compilación de JSP .
15-Oct-2024 22:30:41.966 INFO [http-nio-8080-exec-36] org.apache.catalina.core.StandardContext.reload Se ha completado la recarga de este Contexto
15-Oct-2024 22:30:47.847 INFO [http-nio-8080-exec-37] org.apache.catalina.core.StandardContext.reload Ha comenzado la recarga de Contexto [/proyecto_web_CRUD]
15-Oct-2024 22:30:48.120 INFO [http-nio-8080-exec-37] org.apache.jasper.servlet.TldScanner.scanJars Al menos un JAR, que se ha explorado buscando TLDs, aún no contenía TLDs. Activar historial de depuración para este historiador para una completa lista de los JARs que fueron explorados y de los que nos se halló TLDs. Saltarse JARs no necesarios durante la exploración puede dar lugar a una mejora de tiempo significativa en el arranque y compilación de JSP .
15-Oct-2024 22:30:48.123 INFO [http-nio-8080-exec-37] org.apache.catalina.core.StandardContext.reload Se ha completado la recarga de este Contexto
15-Oct-2024 23:04:20.908 INFO [http-nio-8080-exec-46] org.apache.catalina.core.StandardContext.reload Ha comenzado la recarga de Contexto [/proyecto_web_CRUD]
15-Oct-2024 23:04:20.910 WARNING [http-nio-8080-exec-46] org.apache.catalina.loader.WebappClassLoaderBase.clearReferencesJdbc La aplicación web [proyecto_web_CRUD] registró el conductor JDBC [com.mysql.cj.jdbc.Driver] pero falló al anular el registro mientras la aplicación web estaba parada. Para prevenir un fallo de memoria, se ha anulado el registro del conductor JDBC por la fuerza.
15-Oct-2024 23:04:20.911 WARNING [http-nio-8080-exec-46] org.apache.catalina.loader.WebappClassLoaderBase.clearReferencesThreads The web application [proyecto_web_CRUD] appears to have started a thread named [mysql-cj-abandoned-connection-cleanup] but has failed to stop it. This is very likely to create a memory leak. Stack trace of thread:
 java.base/jdk.internal.misc.Unsafe.park(Native Method)
 java.base/java.util.concurrent.locks.LockSupport.parkNanos(LockSupport.java:269)
 java.base/java.util.concurrent.locks.AbstractQueuedSynchronizer$ConditionObject.await(AbstractQueuedSynchronizer.java:1847)
 java.base/java.lang.ref.ReferenceQueue.await(ReferenceQueue.java:71)
 java.base/java.lang.ref.ReferenceQueue.remove0(ReferenceQueue.java:143)
 java.base/java.lang.ref.ReferenceQueue.remove(ReferenceQueue.java:218)
 com.mysql.cj.jdbc.AbandonedConnectionCleanupThread.run(AbandonedConnectionCleanupThread.java:84)
 java.base/java.util.concurrent.ThreadPoolExecutor.runWorker(ThreadPoolExecutor.java:1144)
 java.base/java.util.concurrent.ThreadPoolExecutor$Worker.run(ThreadPoolExecutor.java:642)
 java.base/java.lang.Thread.run(Thread.java:1570)
15-Oct-2024 23:04:20.946 INFO [mysql-cj-abandoned-connection-cleanup] org.apache.catalina.loader.WebappClassLoaderBase.checkStateForResourceLoading Acceso ilegal: esta instancia de aplicación web ya ha sido parada.  Could not load [].  La eventual traza de pila que sigue ha sido motivada por un error lanzado con motivos de depuración así como para intentar terminar el hilo que motivó el acceso ilegal y no tiene impacto funcional.
	java.lang.IllegalStateException: Acceso ilegal: esta instancia de aplicación web ya ha sido parada.  Could not load [].  La eventual traza de pila que sigue ha sido motivada por un error lanzado con motivos de depuración así como para intentar terminar el hilo que motivó el acceso ilegal y no tiene impacto funcional.
		at org.apache.catalina.loader.WebappClassLoaderBase.checkStateForResourceLoading(WebappClassLoaderBase.java:1328)
		at org.apache.catalina.loader.WebappClassLoaderBase.getResource(WebappClassLoaderBase.java:960)
		at com.mysql.cj.jdbc.AbandonedConnectionCleanupThread.checkThreadContextClassLoader(AbandonedConnectionCleanupThread.java:116)
		at com.mysql.cj.jdbc.AbandonedConnectionCleanupThread.run(AbandonedConnectionCleanupThread.java:83)
		at java.base/java.util.concurrent.ThreadPoolExecutor.runWorker(ThreadPoolExecutor.java:1144)
		at java.base/java.util.concurrent.ThreadPoolExecutor$Worker.run(ThreadPoolExecutor.java:642)
		at java.base/java.lang.Thread.run(Thread.java:1570)
15-Oct-2024 23:04:20.946 INFO [mysql-cj-abandoned-connection-cleanup] org.apache.catalina.loader.WebappClassLoaderBase.checkStateForResourceLoading Acceso ilegal: esta instancia de aplicación web ya ha sido parada.  Could not load [].  La eventual traza de pila que sigue ha sido motivada por un error lanzado con motivos de depuración así como para intentar terminar el hilo que motivó el acceso ilegal y no tiene impacto funcional.
	java.lang.IllegalStateException: Acceso ilegal: esta instancia de aplicación web ya ha sido parada.  Could not load [].  La eventual traza de pila que sigue ha sido motivada por un error lanzado con motivos de depuración así como para intentar terminar el hilo que motivó el acceso ilegal y no tiene impacto funcional.
		at org.apache.catalina.loader.WebappClassLoaderBase.checkStateForResourceLoading(WebappClassLoaderBase.java:1328)
		at org.apache.catalina.loader.WebappClassLoaderBase.getResource(WebappClassLoaderBase.java:960)
		at com.mysql.cj.jdbc.AbandonedConnectionCleanupThread.checkThreadContextClassLoader(AbandonedConnectionCleanupThread.java:116)
		at com.mysql.cj.jdbc.AbandonedConnectionCleanupThread.run(AbandonedConnectionCleanupThread.java:83)
		at java.base/java.util.concurrent.ThreadPoolExecutor.runWorker(ThreadPoolExecutor.java:1144)
		at java.base/java.util.concurrent.ThreadPoolExecutor$Worker.run(ThreadPoolExecutor.java:642)
		at java.base/java.lang.Thread.run(Thread.java:1570)
15-Oct-2024 23:04:21.238 INFO [http-nio-8080-exec-46] org.apache.jasper.servlet.TldScanner.scanJars Al menos un JAR, que se ha explorado buscando TLDs, aún no contenía TLDs. Activar historial de depuración para este historiador para una completa lista de los JARs que fueron explorados y de los que nos se halló TLDs. Saltarse JARs no necesarios durante la exploración puede dar lugar a una mejora de tiempo significativa en el arranque y compilación de JSP .
15-Oct-2024 23:04:21.241 INFO [http-nio-8080-exec-46] org.apache.catalina.core.StandardContext.reload Se ha completado la recarga de este Contexto
15-Oct-2024 23:04:21.244 INFO [http-nio-8080-exec-53] org.apache.catalina.core.StandardContext.reload Ha comenzado la recarga de Contexto [/proyecto_web_CRUD]
15-Oct-2024 23:04:21.542 INFO [http-nio-8080-exec-53] org.apache.jasper.servlet.TldScanner.scanJars Al menos un JAR, que se ha explorado buscando TLDs, aún no contenía TLDs. Activar historial de depuración para este historiador para una completa lista de los JARs que fueron explorados y de los que nos se halló TLDs. Saltarse JARs no necesarios durante la exploración puede dar lugar a una mejora de tiempo significativa en el arranque y compilación de JSP .
15-Oct-2024 23:04:21.545 INFO [http-nio-8080-exec-53] org.apache.catalina.core.StandardContext.reload Se ha completado la recarga de este Contexto
15-Oct-2024 23:07:48.255 INFO [http-nio-8080-exec-58] org.apache.catalina.core.StandardContext.reload Ha comenzado la recarga de Contexto [/proyecto_web_CRUD]
15-Oct-2024 23:07:48.532 INFO [http-nio-8080-exec-58] org.apache.jasper.servlet.TldScanner.scanJars Al menos un JAR, que se ha explorado buscando TLDs, aún no contenía TLDs. Activar historial de depuración para este historiador para una completa lista de los JARs que fueron explorados y de los que nos se halló TLDs. Saltarse JARs no necesarios durante la exploración puede dar lugar a una mejora de tiempo significativa en el arranque y compilación de JSP .
15-Oct-2024 23:07:48.535 INFO [http-nio-8080-exec-58] org.apache.catalina.core.StandardContext.reload Se ha completado la recarga de este Contexto
15-Oct-2024 23:07:49.891 INFO [http-nio-8080-exec-62] org.apache.catalina.core.StandardContext.reload Ha comenzado la recarga de Contexto [/proyecto_web_CRUD]
15-Oct-2024 23:07:50.173 INFO [http-nio-8080-exec-62] org.apache.jasper.servlet.TldScanner.scanJars Al menos un JAR, que se ha explorado buscando TLDs, aún no contenía TLDs. Activar historial de depuración para este historiador para una completa lista de los JARs que fueron explorados y de los que nos se halló TLDs. Saltarse JARs no necesarios durante la exploración puede dar lugar a una mejora de tiempo significativa en el arranque y compilación de JSP .
15-Oct-2024 23:07:50.175 INFO [http-nio-8080-exec-62] org.apache.catalina.core.StandardContext.reload Se ha completado la recarga de este Contexto
15-Oct-2024 23:08:19.899 INFO [http-nio-8080-exec-56] org.apache.catalina.core.StandardContext.reload Ha comenzado la recarga de Contexto [/proyecto_web_CRUD]
15-Oct-2024 23:08:20.189 INFO [http-nio-8080-exec-56] org.apache.jasper.servlet.TldScanner.scanJars Al menos un JAR, que se ha explorado buscando TLDs, aún no contenía TLDs. Activar historial de depuración para este historiador para una completa lista de los JARs que fueron explorados y de los que nos se halló TLDs. Saltarse JARs no necesarios durante la exploración puede dar lugar a una mejora de tiempo significativa en el arranque y compilación de JSP .
15-Oct-2024 23:08:20.192 INFO [http-nio-8080-exec-56] org.apache.catalina.core.StandardContext.reload Se ha completado la recarga de este Contexto
15-Oct-2024 23:08:20.522 INFO [http-nio-8080-exec-65] org.apache.catalina.core.StandardContext.reload Ha comenzado la recarga de Contexto [/proyecto_web_CRUD]
15-Oct-2024 23:08:20.844 INFO [http-nio-8080-exec-65] org.apache.jasper.servlet.TldScanner.scanJars Al menos un JAR, que se ha explorado buscando TLDs, aún no contenía TLDs. Activar historial de depuración para este historiador para una completa lista de los JARs que fueron explorados y de los que nos se halló TLDs. Saltarse JARs no necesarios durante la exploración puede dar lugar a una mejora de tiempo significativa en el arranque y compilación de JSP .
15-Oct-2024 23:08:20.846 INFO [http-nio-8080-exec-65] org.apache.catalina.core.StandardContext.reload Se ha completado la recarga de este Contexto
15-Oct-2024 23:09:01.174 INFO [http-nio-8080-exec-56] org.apache.catalina.core.StandardContext.reload Ha comenzado la recarga de Contexto [/proyecto_web_CRUD]
15-Oct-2024 23:09:01.446 INFO [http-nio-8080-exec-56] org.apache.jasper.servlet.TldScanner.scanJars Al menos un JAR, que se ha explorado buscando TLDs, aún no contenía TLDs. Activar historial de depuración para este historiador para una completa lista de los JARs que fueron explorados y de los que nos se halló TLDs. Saltarse JARs no necesarios durante la exploración puede dar lugar a una mejora de tiempo significativa en el arranque y compilación de JSP .
15-Oct-2024 23:09:01.448 INFO [http-nio-8080-exec-56] org.apache.catalina.core.StandardContext.reload Se ha completado la recarga de este Contexto
15-Oct-2024 23:09:15.732 INFO [http-nio-8080-exec-55] org.apache.catalina.core.StandardContext.reload Ha comenzado la recarga de Contexto [/proyecto_web_CRUD]
15-Oct-2024 23:09:16.027 INFO [http-nio-8080-exec-55] org.apache.jasper.servlet.TldScanner.scanJars Al menos un JAR, que se ha explorado buscando TLDs, aún no contenía TLDs. Activar historial de depuración para este historiador para una completa lista de los JARs que fueron explorados y de los que nos se halló TLDs. Saltarse JARs no necesarios durante la exploración puede dar lugar a una mejora de tiempo significativa en el arranque y compilación de JSP .
15-Oct-2024 23:09:16.030 INFO [http-nio-8080-exec-55] org.apache.catalina.core.StandardContext.reload Se ha completado la recarga de este Contexto
15-Oct-2024 23:09:42.461 INFO [http-nio-8080-exec-61] org.apache.catalina.core.StandardContext.reload Ha comenzado la recarga de Contexto [/proyecto_web_CRUD]
15-Oct-2024 23:09:42.762 INFO [http-nio-8080-exec-61] org.apache.jasper.servlet.TldScanner.scanJars Al menos un JAR, que se ha explorado buscando TLDs, aún no contenía TLDs. Activar historial de depuración para este historiador para una completa lista de los JARs que fueron explorados y de los que nos se halló TLDs. Saltarse JARs no necesarios durante la exploración puede dar lugar a una mejora de tiempo significativa en el arranque y compilación de JSP .
15-Oct-2024 23:09:42.765 INFO [http-nio-8080-exec-61] org.apache.catalina.core.StandardContext.reload Se ha completado la recarga de este Contexto
15-Oct-2024 23:11:44.163 INFO [http-nio-8080-exec-73] org.apache.catalina.core.StandardContext.reload Ha comenzado la recarga de Contexto [/proyecto_web_CRUD]
15-Oct-2024 23:11:44.165 WARNING [http-nio-8080-exec-73] org.apache.catalina.loader.WebappClassLoaderBase.clearReferencesJdbc La aplicación web [proyecto_web_CRUD] registró el conductor JDBC [com.mysql.cj.jdbc.Driver] pero falló al anular el registro mientras la aplicación web estaba parada. Para prevenir un fallo de memoria, se ha anulado el registro del conductor JDBC por la fuerza.
15-Oct-2024 23:11:44.165 WARNING [http-nio-8080-exec-73] org.apache.catalina.loader.WebappClassLoaderBase.clearReferencesThreads The web application [proyecto_web_CRUD] appears to have started a thread named [mysql-cj-abandoned-connection-cleanup] but has failed to stop it. This is very likely to create a memory leak. Stack trace of thread:
 java.base/jdk.internal.misc.Unsafe.park(Native Method)
 java.base/java.util.concurrent.locks.LockSupport.parkNanos(LockSupport.java:269)
 java.base/java.util.concurrent.locks.AbstractQueuedSynchronizer$ConditionObject.await(AbstractQueuedSynchronizer.java:1847)
 java.base/java.lang.ref.ReferenceQueue.await(ReferenceQueue.java:71)
 java.base/java.lang.ref.ReferenceQueue.remove0(ReferenceQueue.java:143)
 java.base/java.lang.ref.ReferenceQueue.remove(ReferenceQueue.java:218)
 com.mysql.cj.jdbc.AbandonedConnectionCleanupThread.run(AbandonedConnectionCleanupThread.java:84)
 java.base/java.util.concurrent.ThreadPoolExecutor.runWorker(ThreadPoolExecutor.java:1144)
 java.base/java.util.concurrent.ThreadPoolExecutor$Worker.run(ThreadPoolExecutor.java:642)
 java.base/java.lang.Thread.run(Thread.java:1570)
15-Oct-2024 23:11:44.262 INFO [mysql-cj-abandoned-connection-cleanup] org.apache.catalina.loader.WebappClassLoaderBase.checkStateForResourceLoading Acceso ilegal: esta instancia de aplicación web ya ha sido parada.  Could not load [].  La eventual traza de pila que sigue ha sido motivada por un error lanzado con motivos de depuración así como para intentar terminar el hilo que motivó el acceso ilegal y no tiene impacto funcional.
	java.lang.IllegalStateException: Acceso ilegal: esta instancia de aplicación web ya ha sido parada.  Could not load [].  La eventual traza de pila que sigue ha sido motivada por un error lanzado con motivos de depuración así como para intentar terminar el hilo que motivó el acceso ilegal y no tiene impacto funcional.
		at org.apache.catalina.loader.WebappClassLoaderBase.checkStateForResourceLoading(WebappClassLoaderBase.java:1328)
		at org.apache.catalina.loader.WebappClassLoaderBase.getResource(WebappClassLoaderBase.java:960)
		at com.mysql.cj.jdbc.AbandonedConnectionCleanupThread.checkThreadContextClassLoader(AbandonedConnectionCleanupThread.java:116)
		at com.mysql.cj.jdbc.AbandonedConnectionCleanupThread.run(AbandonedConnectionCleanupThread.java:83)
		at java.base/java.util.concurrent.ThreadPoolExecutor.runWorker(ThreadPoolExecutor.java:1144)
		at java.base/java.util.concurrent.ThreadPoolExecutor$Worker.run(ThreadPoolExecutor.java:642)
		at java.base/java.lang.Thread.run(Thread.java:1570)
15-Oct-2024 23:11:44.440 INFO [http-nio-8080-exec-73] org.apache.jasper.servlet.TldScanner.scanJars Al menos un JAR, que se ha explorado buscando TLDs, aún no contenía TLDs. Activar historial de depuración para este historiador para una completa lista de los JARs que fueron explorados y de los que nos se halló TLDs. Saltarse JARs no necesarios durante la exploración puede dar lugar a una mejora de tiempo significativa en el arranque y compilación de JSP .
15-Oct-2024 23:11:44.442 INFO [http-nio-8080-exec-73] org.apache.catalina.core.StandardContext.reload Se ha completado la recarga de este Contexto
15-Oct-2024 23:11:44.445 INFO [http-nio-8080-exec-78] org.apache.catalina.core.StandardContext.reload Ha comenzado la recarga de Contexto [/proyecto_web_CRUD]
15-Oct-2024 23:11:44.734 INFO [http-nio-8080-exec-78] org.apache.jasper.servlet.TldScanner.scanJars Al menos un JAR, que se ha explorado buscando TLDs, aún no contenía TLDs. Activar historial de depuración para este historiador para una completa lista de los JARs que fueron explorados y de los que nos se halló TLDs. Saltarse JARs no necesarios durante la exploración puede dar lugar a una mejora de tiempo significativa en el arranque y compilación de JSP .
15-Oct-2024 23:11:44.737 INFO [http-nio-8080-exec-78] org.apache.catalina.core.StandardContext.reload Se ha completado la recarga de este Contexto
15-Oct-2024 23:12:26.049 INFO [http-nio-8080-exec-80] org.apache.catalina.core.StandardContext.reload Ha comenzado la recarga de Contexto [/proyecto_web_CRUD]
15-Oct-2024 23:12:26.050 WARNING [http-nio-8080-exec-80] org.apache.catalina.loader.WebappClassLoaderBase.clearReferencesJdbc La aplicación web [proyecto_web_CRUD] registró el conductor JDBC [com.mysql.cj.jdbc.Driver] pero falló al anular el registro mientras la aplicación web estaba parada. Para prevenir un fallo de memoria, se ha anulado el registro del conductor JDBC por la fuerza.
15-Oct-2024 23:12:26.051 WARNING [http-nio-8080-exec-80] org.apache.catalina.loader.WebappClassLoaderBase.clearReferencesThreads The web application [proyecto_web_CRUD] appears to have started a thread named [mysql-cj-abandoned-connection-cleanup] but has failed to stop it. This is very likely to create a memory leak. Stack trace of thread:
 java.base/jdk.internal.misc.Unsafe.park(Native Method)
 java.base/java.util.concurrent.locks.LockSupport.parkNanos(LockSupport.java:269)
 java.base/java.util.concurrent.locks.AbstractQueuedSynchronizer$ConditionObject.await(AbstractQueuedSynchronizer.java:1847)
 java.base/java.lang.ref.ReferenceQueue.await(ReferenceQueue.java:71)
 java.base/java.lang.ref.ReferenceQueue.remove0(ReferenceQueue.java:143)
 java.base/java.lang.ref.ReferenceQueue.remove(ReferenceQueue.java:218)
 com.mysql.cj.jdbc.AbandonedConnectionCleanupThread.run(AbandonedConnectionCleanupThread.java:84)
 java.base/java.util.concurrent.ThreadPoolExecutor.runWorker(ThreadPoolExecutor.java:1144)
 java.base/java.util.concurrent.ThreadPoolExecutor$Worker.run(ThreadPoolExecutor.java:642)
 java.base/java.lang.Thread.run(Thread.java:1570)
15-Oct-2024 23:12:26.161 INFO [mysql-cj-abandoned-connection-cleanup] org.apache.catalina.loader.WebappClassLoaderBase.checkStateForResourceLoading Acceso ilegal: esta instancia de aplicación web ya ha sido parada.  Could not load [].  La eventual traza de pila que sigue ha sido motivada por un error lanzado con motivos de depuración así como para intentar terminar el hilo que motivó el acceso ilegal y no tiene impacto funcional.
	java.lang.IllegalStateException: Acceso ilegal: esta instancia de aplicación web ya ha sido parada.  Could not load [].  La eventual traza de pila que sigue ha sido motivada por un error lanzado con motivos de depuración así como para intentar terminar el hilo que motivó el acceso ilegal y no tiene impacto funcional.
		at org.apache.catalina.loader.WebappClassLoaderBase.checkStateForResourceLoading(WebappClassLoaderBase.java:1328)
		at org.apache.catalina.loader.WebappClassLoaderBase.getResource(WebappClassLoaderBase.java:960)
		at com.mysql.cj.jdbc.AbandonedConnectionCleanupThread.checkThreadContextClassLoader(AbandonedConnectionCleanupThread.java:116)
		at com.mysql.cj.jdbc.AbandonedConnectionCleanupThread.run(AbandonedConnectionCleanupThread.java:83)
		at java.base/java.util.concurrent.ThreadPoolExecutor.runWorker(ThreadPoolExecutor.java:1144)
		at java.base/java.util.concurrent.ThreadPoolExecutor$Worker.run(ThreadPoolExecutor.java:642)
		at java.base/java.lang.Thread.run(Thread.java:1570)
15-Oct-2024 23:12:26.338 INFO [http-nio-8080-exec-80] org.apache.jasper.servlet.TldScanner.scanJars Al menos un JAR, que se ha explorado buscando TLDs, aún no contenía TLDs. Activar historial de depuración para este historiador para una completa lista de los JARs que fueron explorados y de los que nos se halló TLDs. Saltarse JARs no necesarios durante la exploración puede dar lugar a una mejora de tiempo significativa en el arranque y compilación de JSP .
15-Oct-2024 23:12:26.341 INFO [http-nio-8080-exec-80] org.apache.catalina.core.StandardContext.reload Se ha completado la recarga de este Contexto
15-Oct-2024 23:12:26.344 INFO [http-nio-8080-exec-84] org.apache.catalina.core.StandardContext.reload Ha comenzado la recarga de Contexto [/proyecto_web_CRUD]
15-Oct-2024 23:12:26.625 INFO [http-nio-8080-exec-84] org.apache.jasper.servlet.TldScanner.scanJars Al menos un JAR, que se ha explorado buscando TLDs, aún no contenía TLDs. Activar historial de depuración para este historiador para una completa lista de los JARs que fueron explorados y de los que nos se halló TLDs. Saltarse JARs no necesarios durante la exploración puede dar lugar a una mejora de tiempo significativa en el arranque y compilación de JSP .
15-Oct-2024 23:12:26.628 INFO [http-nio-8080-exec-84] org.apache.catalina.core.StandardContext.reload Se ha completado la recarga de este Contexto
15-Oct-2024 23:13:43.184 INFO [http-nio-8080-exec-87] org.apache.catalina.core.StandardContext.reload Ha comenzado la recarga de Contexto [/proyecto_web_CRUD]
15-Oct-2024 23:13:43.186 WARNING [http-nio-8080-exec-87] org.apache.catalina.loader.WebappClassLoaderBase.clearReferencesJdbc La aplicación web [proyecto_web_CRUD] registró el conductor JDBC [com.mysql.cj.jdbc.Driver] pero falló al anular el registro mientras la aplicación web estaba parada. Para prevenir un fallo de memoria, se ha anulado el registro del conductor JDBC por la fuerza.
15-Oct-2024 23:13:43.186 WARNING [http-nio-8080-exec-87] org.apache.catalina.loader.WebappClassLoaderBase.clearReferencesThreads The web application [proyecto_web_CRUD] appears to have started a thread named [mysql-cj-abandoned-connection-cleanup] but has failed to stop it. This is very likely to create a memory leak. Stack trace of thread:
 java.base/jdk.internal.misc.Unsafe.park(Native Method)
 java.base/java.util.concurrent.locks.LockSupport.parkNanos(LockSupport.java:269)
 java.base/java.util.concurrent.locks.AbstractQueuedSynchronizer$ConditionObject.await(AbstractQueuedSynchronizer.java:1847)
 java.base/java.lang.ref.ReferenceQueue.await(ReferenceQueue.java:71)
 java.base/java.lang.ref.ReferenceQueue.remove0(ReferenceQueue.java:143)
 java.base/java.lang.ref.ReferenceQueue.remove(ReferenceQueue.java:218)
 com.mysql.cj.jdbc.AbandonedConnectionCleanupThread.run(AbandonedConnectionCleanupThread.java:84)
 java.base/java.util.concurrent.ThreadPoolExecutor.runWorker(ThreadPoolExecutor.java:1144)
 java.base/java.util.concurrent.ThreadPoolExecutor$Worker.run(ThreadPoolExecutor.java:642)
 java.base/java.lang.Thread.run(Thread.java:1570)
15-Oct-2024 23:13:43.288 INFO [mysql-cj-abandoned-connection-cleanup] org.apache.catalina.loader.WebappClassLoaderBase.checkStateForResourceLoading Acceso ilegal: esta instancia de aplicación web ya ha sido parada.  Could not load [].  La eventual traza de pila que sigue ha sido motivada por un error lanzado con motivos de depuración así como para intentar terminar el hilo que motivó el acceso ilegal y no tiene impacto funcional.
	java.lang.IllegalStateException: Acceso ilegal: esta instancia de aplicación web ya ha sido parada.  Could not load [].  La eventual traza de pila que sigue ha sido motivada por un error lanzado con motivos de depuración así como para intentar terminar el hilo que motivó el acceso ilegal y no tiene impacto funcional.
		at org.apache.catalina.loader.WebappClassLoaderBase.checkStateForResourceLoading(WebappClassLoaderBase.java:1328)
		at org.apache.catalina.loader.WebappClassLoaderBase.getResource(WebappClassLoaderBase.java:960)
		at com.mysql.cj.jdbc.AbandonedConnectionCleanupThread.checkThreadContextClassLoader(AbandonedConnectionCleanupThread.java:116)
		at com.mysql.cj.jdbc.AbandonedConnectionCleanupThread.run(AbandonedConnectionCleanupThread.java:83)
		at java.base/java.util.concurrent.ThreadPoolExecutor.runWorker(ThreadPoolExecutor.java:1144)
		at java.base/java.util.concurrent.ThreadPoolExecutor$Worker.run(ThreadPoolExecutor.java:642)
		at java.base/java.lang.Thread.run(Thread.java:1570)
15-Oct-2024 23:13:43.289 INFO [mysql-cj-abandoned-connection-cleanup] org.apache.catalina.loader.WebappClassLoaderBase.checkStateForResourceLoading Acceso ilegal: esta instancia de aplicación web ya ha sido parada.  Could not load [].  La eventual traza de pila que sigue ha sido motivada por un error lanzado con motivos de depuración así como para intentar terminar el hilo que motivó el acceso ilegal y no tiene impacto funcional.
	java.lang.IllegalStateException: Acceso ilegal: esta instancia de aplicación web ya ha sido parada.  Could not load [].  La eventual traza de pila que sigue ha sido motivada por un error lanzado con motivos de depuración así como para intentar terminar el hilo que motivó el acceso ilegal y no tiene impacto funcional.
		at org.apache.catalina.loader.WebappClassLoaderBase.checkStateForResourceLoading(WebappClassLoaderBase.java:1328)
		at org.apache.catalina.loader.WebappClassLoaderBase.getResource(WebappClassLoaderBase.java:960)
		at com.mysql.cj.jdbc.AbandonedConnectionCleanupThread.checkThreadContextClassLoader(AbandonedConnectionCleanupThread.java:116)
		at com.mysql.cj.jdbc.AbandonedConnectionCleanupThread.run(AbandonedConnectionCleanupThread.java:83)
		at java.base/java.util.concurrent.ThreadPoolExecutor.runWorker(ThreadPoolExecutor.java:1144)
		at java.base/java.util.concurrent.ThreadPoolExecutor$Worker.run(ThreadPoolExecutor.java:642)
		at java.base/java.lang.Thread.run(Thread.java:1570)
15-Oct-2024 23:13:43.434 INFO [mysql-cj-abandoned-connection-cleanup] org.apache.catalina.loader.WebappClassLoaderBase.checkStateForResourceLoading Acceso ilegal: esta instancia de aplicación web ya ha sido parada.  Could not load [].  La eventual traza de pila que sigue ha sido motivada por un error lanzado con motivos de depuración así como para intentar terminar el hilo que motivó el acceso ilegal y no tiene impacto funcional.
	java.lang.IllegalStateException: Acceso ilegal: esta instancia de aplicación web ya ha sido parada.  Could not load [].  La eventual traza de pila que sigue ha sido motivada por un error lanzado con motivos de depuración así como para intentar terminar el hilo que motivó el acceso ilegal y no tiene impacto funcional.
		at org.apache.catalina.loader.WebappClassLoaderBase.checkStateForResourceLoading(WebappClassLoaderBase.java:1328)
		at org.apache.catalina.loader.WebappClassLoaderBase.getResource(WebappClassLoaderBase.java:960)
		at com.mysql.cj.jdbc.AbandonedConnectionCleanupThread.checkThreadContextClassLoader(AbandonedConnectionCleanupThread.java:116)
		at com.mysql.cj.jdbc.AbandonedConnectionCleanupThread.run(AbandonedConnectionCleanupThread.java:83)
		at java.base/java.util.concurrent.ThreadPoolExecutor.runWorker(ThreadPoolExecutor.java:1144)
		at java.base/java.util.concurrent.ThreadPoolExecutor$Worker.run(ThreadPoolExecutor.java:642)
		at java.base/java.lang.Thread.run(Thread.java:1570)
15-Oct-2024 23:13:43.434 INFO [mysql-cj-abandoned-connection-cleanup] org.apache.catalina.loader.WebappClassLoaderBase.checkStateForResourceLoading Acceso ilegal: esta instancia de aplicación web ya ha sido parada.  Could not load [].  La eventual traza de pila que sigue ha sido motivada por un error lanzado con motivos de depuración así como para intentar terminar el hilo que motivó el acceso ilegal y no tiene impacto funcional.
	java.lang.IllegalStateException: Acceso ilegal: esta instancia de aplicación web ya ha sido parada.  Could not load [].  La eventual traza de pila que sigue ha sido motivada por un error lanzado con motivos de depuración así como para intentar terminar el hilo que motivó el acceso ilegal y no tiene impacto funcional.
		at org.apache.catalina.loader.WebappClassLoaderBase.checkStateForResourceLoading(WebappClassLoaderBase.java:1328)
		at org.apache.catalina.loader.WebappClassLoaderBase.getResource(WebappClassLoaderBase.java:960)
		at com.mysql.cj.jdbc.AbandonedConnectionCleanupThread.checkThreadContextClassLoader(AbandonedConnectionCleanupThread.java:116)
		at com.mysql.cj.jdbc.AbandonedConnectionCleanupThread.run(AbandonedConnectionCleanupThread.java:83)
		at java.base/java.util.concurrent.ThreadPoolExecutor.runWorker(ThreadPoolExecutor.java:1144)
		at java.base/java.util.concurrent.ThreadPoolExecutor$Worker.run(ThreadPoolExecutor.java:642)
		at java.base/java.lang.Thread.run(Thread.java:1570)
15-Oct-2024 23:13:43.435 INFO [mysql-cj-abandoned-connection-cleanup] org.apache.catalina.loader.WebappClassLoaderBase.checkStateForResourceLoading Acceso ilegal: esta instancia de aplicación web ya ha sido parada.  Could not load [].  La eventual traza de pila que sigue ha sido motivada por un error lanzado con motivos de depuración así como para intentar terminar el hilo que motivó el acceso ilegal y no tiene impacto funcional.
	java.lang.IllegalStateException: Acceso ilegal: esta instancia de aplicación web ya ha sido parada.  Could not load [].  La eventual traza de pila que sigue ha sido motivada por un error lanzado con motivos de depuración así como para intentar terminar el hilo que motivó el acceso ilegal y no tiene impacto funcional.
		at org.apache.catalina.loader.WebappClassLoaderBase.checkStateForResourceLoading(WebappClassLoaderBase.java:1328)
		at org.apache.catalina.loader.WebappClassLoaderBase.getResource(WebappClassLoaderBase.java:960)
		at com.mysql.cj.jdbc.AbandonedConnectionCleanupThread.checkThreadContextClassLoader(AbandonedConnectionCleanupThread.java:116)
		at com.mysql.cj.jdbc.AbandonedConnectionCleanupThread.run(AbandonedConnectionCleanupThread.java:83)
		at java.base/java.util.concurrent.ThreadPoolExecutor.runWorker(ThreadPoolExecutor.java:1144)
		at java.base/java.util.concurrent.ThreadPoolExecutor$Worker.run(ThreadPoolExecutor.java:642)
		at java.base/java.lang.Thread.run(Thread.java:1570)
15-Oct-2024 23:13:43.466 INFO [http-nio-8080-exec-87] org.apache.jasper.servlet.TldScanner.scanJars Al menos un JAR, que se ha explorado buscando TLDs, aún no contenía TLDs. Activar historial de depuración para este historiador para una completa lista de los JARs que fueron explorados y de los que nos se halló TLDs. Saltarse JARs no necesarios durante la exploración puede dar lugar a una mejora de tiempo significativa en el arranque y compilación de JSP .
15-Oct-2024 23:13:43.492 INFO [mysql-cj-abandoned-connection-cleanup] org.apache.catalina.loader.WebappClassLoaderBase.checkStateForResourceLoading Acceso ilegal: esta instancia de aplicación web ya ha sido parada.  Could not load [].  La eventual traza de pila que sigue ha sido motivada por un error lanzado con motivos de depuración así como para intentar terminar el hilo que motivó el acceso ilegal y no tiene impacto funcional.
	java.lang.IllegalStateException: Acceso ilegal: esta instancia de aplicación web ya ha sido parada.  Could not load [].  La eventual traza de pila que sigue ha sido motivada por un error lanzado con motivos de depuración así como para intentar terminar el hilo que motivó el acceso ilegal y no tiene impacto funcional.
		at org.apache.catalina.loader.WebappClassLoaderBase.checkStateForResourceLoading(WebappClassLoaderBase.java:1328)
		at org.apache.catalina.loader.WebappClassLoaderBase.getResource(WebappClassLoaderBase.java:960)
		at com.mysql.cj.jdbc.AbandonedConnectionCleanupThread.checkThreadContextClassLoader(AbandonedConnectionCleanupThread.java:116)
		at com.mysql.cj.jdbc.AbandonedConnectionCleanupThread.run(AbandonedConnectionCleanupThread.java:83)
		at java.base/java.util.concurrent.ThreadPoolExecutor.runWorker(ThreadPoolExecutor.java:1144)
		at java.base/java.util.concurrent.ThreadPoolExecutor$Worker.run(ThreadPoolExecutor.java:642)
		at java.base/java.lang.Thread.run(Thread.java:1570)
15-Oct-2024 23:13:43.492 INFO [mysql-cj-abandoned-connection-cleanup] org.apache.catalina.loader.WebappClassLoaderBase.checkStateForResourceLoading Acceso ilegal: esta instancia de aplicación web ya ha sido parada.  Could not load [].  La eventual traza de pila que sigue ha sido motivada por un error lanzado con motivos de depuración así como para intentar terminar el hilo que motivó el acceso ilegal y no tiene impacto funcional.
	java.lang.IllegalStateException: Acceso ilegal: esta instancia de aplicación web ya ha sido parada.  Could not load [].  La eventual traza de pila que sigue ha sido motivada por un error lanzado con motivos de depuración así como para intentar terminar el hilo que motivó el acceso ilegal y no tiene impacto funcional.
		at org.apache.catalina.loader.WebappClassLoaderBase.checkStateForResourceLoading(WebappClassLoaderBase.java:1328)
		at org.apache.catalina.loader.WebappClassLoaderBase.getResource(WebappClassLoaderBase.java:960)
		at com.mysql.cj.jdbc.AbandonedConnectionCleanupThread.checkThreadContextClassLoader(AbandonedConnectionCleanupThread.java:116)
		at com.mysql.cj.jdbc.AbandonedConnectionCleanupThread.run(AbandonedConnectionCleanupThread.java:83)
		at java.base/java.util.concurrent.ThreadPoolExecutor.runWorker(ThreadPoolExecutor.java:1144)
		at java.base/java.util.concurrent.ThreadPoolExecutor$Worker.run(ThreadPoolExecutor.java:642)
		at java.base/java.lang.Thread.run(Thread.java:1570)
15-Oct-2024 23:13:43.493 INFO [mysql-cj-abandoned-connection-cleanup] org.apache.catalina.loader.WebappClassLoaderBase.checkStateForResourceLoading Acceso ilegal: esta instancia de aplicación web ya ha sido parada.  Could not load [].  La eventual traza de pila que sigue ha sido motivada por un error lanzado con motivos de depuración así como para intentar terminar el hilo que motivó el acceso ilegal y no tiene impacto funcional.
	java.lang.IllegalStateException: Acceso ilegal: esta instancia de aplicación web ya ha sido parada.  Could not load [].  La eventual traza de pila que sigue ha sido motivada por un error lanzado con motivos de depuración así como para intentar terminar el hilo que motivó el acceso ilegal y no tiene impacto funcional.
		at org.apache.catalina.loader.WebappClassLoaderBase.checkStateForResourceLoading(WebappClassLoaderBase.java:1328)
		at org.apache.catalina.loader.WebappClassLoaderBase.getResource(WebappClassLoaderBase.java:960)
		at com.mysql.cj.jdbc.AbandonedConnectionCleanupThread.checkThreadContextClassLoader(AbandonedConnectionCleanupThread.java:116)
		at com.mysql.cj.jdbc.AbandonedConnectionCleanupThread.run(AbandonedConnectionCleanupThread.java:83)
		at java.base/java.util.concurrent.ThreadPoolExecutor.runWorker(ThreadPoolExecutor.java:1144)
		at java.base/java.util.concurrent.ThreadPoolExecutor$Worker.run(ThreadPoolExecutor.java:642)
		at java.base/java.lang.Thread.run(Thread.java:1570)
15-Oct-2024 23:13:43.495 INFO [http-nio-8080-exec-87] org.apache.catalina.core.StandardContext.reload Se ha completado la recarga de este Contexto
15-Oct-2024 23:13:43.551 INFO [mysql-cj-abandoned-connection-cleanup] org.apache.catalina.loader.WebappClassLoaderBase.checkStateForResourceLoading Acceso ilegal: esta instancia de aplicación web ya ha sido parada.  Could not load [].  La eventual traza de pila que sigue ha sido motivada por un error lanzado con motivos de depuración así como para intentar terminar el hilo que motivó el acceso ilegal y no tiene impacto funcional.
	java.lang.IllegalStateException: Acceso ilegal: esta instancia de aplicación web ya ha sido parada.  Could not load [].  La eventual traza de pila que sigue ha sido motivada por un error lanzado con motivos de depuración así como para intentar terminar el hilo que motivó el acceso ilegal y no tiene impacto funcional.
		at org.apache.catalina.loader.WebappClassLoaderBase.checkStateForResourceLoading(WebappClassLoaderBase.java:1328)
		at org.apache.catalina.loader.WebappClassLoaderBase.getResource(WebappClassLoaderBase.java:960)
		at com.mysql.cj.jdbc.AbandonedConnectionCleanupThread.checkThreadContextClassLoader(AbandonedConnectionCleanupThread.java:116)
		at com.mysql.cj.jdbc.AbandonedConnectionCleanupThread.run(AbandonedConnectionCleanupThread.java:83)
		at java.base/java.util.concurrent.ThreadPoolExecutor.runWorker(ThreadPoolExecutor.java:1144)
		at java.base/java.util.concurrent.ThreadPoolExecutor$Worker.run(ThreadPoolExecutor.java:642)
		at java.base/java.lang.Thread.run(Thread.java:1570)
15-Oct-2024 23:14:25.953 INFO [http-nio-8080-exec-89] org.apache.catalina.core.StandardContext.reload Ha comenzado la recarga de Contexto [/proyecto_web_CRUD]
15-Oct-2024 23:14:26.261 INFO [http-nio-8080-exec-89] org.apache.jasper.servlet.TldScanner.scanJars Al menos un JAR, que se ha explorado buscando TLDs, aún no contenía TLDs. Activar historial de depuración para este historiador para una completa lista de los JARs que fueron explorados y de los que nos se halló TLDs. Saltarse JARs no necesarios durante la exploración puede dar lugar a una mejora de tiempo significativa en el arranque y compilación de JSP .
15-Oct-2024 23:14:26.264 INFO [http-nio-8080-exec-89] org.apache.catalina.core.StandardContext.reload Se ha completado la recarga de este Contexto
15-Oct-2024 23:14:26.267 INFO [http-nio-8080-exec-87] org.apache.catalina.core.StandardContext.reload Ha comenzado la recarga de Contexto [/proyecto_web_CRUD]
15-Oct-2024 23:14:26.556 INFO [http-nio-8080-exec-87] org.apache.jasper.servlet.TldScanner.scanJars Al menos un JAR, que se ha explorado buscando TLDs, aún no contenía TLDs. Activar historial de depuración para este historiador para una completa lista de los JARs que fueron explorados y de los que nos se halló TLDs. Saltarse JARs no necesarios durante la exploración puede dar lugar a una mejora de tiempo significativa en el arranque y compilación de JSP .
15-Oct-2024 23:14:26.559 INFO [http-nio-8080-exec-87] org.apache.catalina.core.StandardContext.reload Se ha completado la recarga de este Contexto
15-Oct-2024 23:20:32.724 INFO [http-nio-8080-exec-103] org.apache.catalina.core.StandardContext.reload Ha comenzado la recarga de Contexto [/proyecto_web_CRUD]
15-Oct-2024 23:20:32.726 WARNING [http-nio-8080-exec-103] org.apache.catalina.loader.WebappClassLoaderBase.clearReferencesJdbc La aplicación web [proyecto_web_CRUD] registró el conductor JDBC [com.mysql.cj.jdbc.Driver] pero falló al anular el registro mientras la aplicación web estaba parada. Para prevenir un fallo de memoria, se ha anulado el registro del conductor JDBC por la fuerza.
15-Oct-2024 23:20:32.726 WARNING [http-nio-8080-exec-103] org.apache.catalina.loader.WebappClassLoaderBase.clearReferencesThreads The web application [proyecto_web_CRUD] appears to have started a thread named [mysql-cj-abandoned-connection-cleanup] but has failed to stop it. This is very likely to create a memory leak. Stack trace of thread:
 java.base/jdk.internal.misc.Unsafe.park(Native Method)
 java.base/java.util.concurrent.locks.LockSupport.parkNanos(LockSupport.java:269)
 java.base/java.util.concurrent.locks.AbstractQueuedSynchronizer$ConditionObject.await(AbstractQueuedSynchronizer.java:1847)
 java.base/java.lang.ref.ReferenceQueue.await(ReferenceQueue.java:71)
 java.base/java.lang.ref.ReferenceQueue.remove0(ReferenceQueue.java:143)
 java.base/java.lang.ref.ReferenceQueue.remove(ReferenceQueue.java:218)
 com.mysql.cj.jdbc.AbandonedConnectionCleanupThread.run(AbandonedConnectionCleanupThread.java:84)
 java.base/java.util.concurrent.ThreadPoolExecutor.runWorker(ThreadPoolExecutor.java:1144)
 java.base/java.util.concurrent.ThreadPoolExecutor$Worker.run(ThreadPoolExecutor.java:642)
 java.base/java.lang.Thread.run(Thread.java:1570)
15-Oct-2024 23:20:32.796 INFO [mysql-cj-abandoned-connection-cleanup] org.apache.catalina.loader.WebappClassLoaderBase.checkStateForResourceLoading Acceso ilegal: esta instancia de aplicación web ya ha sido parada.  Could not load [].  La eventual traza de pila que sigue ha sido motivada por un error lanzado con motivos de depuración así como para intentar terminar el hilo que motivó el acceso ilegal y no tiene impacto funcional.
	java.lang.IllegalStateException: Acceso ilegal: esta instancia de aplicación web ya ha sido parada.  Could not load [].  La eventual traza de pila que sigue ha sido motivada por un error lanzado con motivos de depuración así como para intentar terminar el hilo que motivó el acceso ilegal y no tiene impacto funcional.
		at org.apache.catalina.loader.WebappClassLoaderBase.checkStateForResourceLoading(WebappClassLoaderBase.java:1328)
		at org.apache.catalina.loader.WebappClassLoaderBase.getResource(WebappClassLoaderBase.java:960)
		at com.mysql.cj.jdbc.AbandonedConnectionCleanupThread.checkThreadContextClassLoader(AbandonedConnectionCleanupThread.java:116)
		at com.mysql.cj.jdbc.AbandonedConnectionCleanupThread.run(AbandonedConnectionCleanupThread.java:83)
		at java.base/java.util.concurrent.ThreadPoolExecutor.runWorker(ThreadPoolExecutor.java:1144)
		at java.base/java.util.concurrent.ThreadPoolExecutor$Worker.run(ThreadPoolExecutor.java:642)
		at java.base/java.lang.Thread.run(Thread.java:1570)
15-Oct-2024 23:20:33.036 INFO [http-nio-8080-exec-103] org.apache.jasper.servlet.TldScanner.scanJars Al menos un JAR, que se ha explorado buscando TLDs, aún no contenía TLDs. Activar historial de depuración para este historiador para una completa lista de los JARs que fueron explorados y de los que nos se halló TLDs. Saltarse JARs no necesarios durante la exploración puede dar lugar a una mejora de tiempo significativa en el arranque y compilación de JSP .
15-Oct-2024 23:20:33.039 INFO [http-nio-8080-exec-103] org.apache.catalina.core.StandardContext.reload Se ha completado la recarga de este Contexto
15-Oct-2024 23:20:33.041 INFO [http-nio-8080-exec-108] org.apache.catalina.core.StandardContext.reload Ha comenzado la recarga de Contexto [/proyecto_web_CRUD]
15-Oct-2024 23:20:33.320 INFO [http-nio-8080-exec-108] org.apache.jasper.servlet.TldScanner.scanJars Al menos un JAR, que se ha explorado buscando TLDs, aún no contenía TLDs. Activar historial de depuración para este historiador para una completa lista de los JARs que fueron explorados y de los que nos se halló TLDs. Saltarse JARs no necesarios durante la exploración puede dar lugar a una mejora de tiempo significativa en el arranque y compilación de JSP .
15-Oct-2024 23:20:33.322 INFO [http-nio-8080-exec-108] org.apache.catalina.core.StandardContext.reload Se ha completado la recarga de este Contexto
15-Oct-2024 23:21:01.414 INFO [main] org.apache.catalina.core.StandardServer.await Se ha recibido un comando de apagado a través del puerto de apagado. Parando la instancia del Servidor.
15-Oct-2024 23:21:01.415 INFO [main] org.apache.coyote.AbstractProtocol.pause Pausing ProtocolHandler ["http-nio-8080"]
15-Oct-2024 23:21:01.417 INFO [main] org.apache.catalina.core.StandardService.stopInternal Parando servicio [Catalina]
15-Oct-2024 23:21:01.432 WARNING [main] org.apache.catalina.loader.WebappClassLoaderBase.clearReferencesThreads The web application [web_empresa_bd] appears to have started a thread named [mysql-cj-abandoned-connection-cleanup] but has failed to stop it. This is very likely to create a memory leak. Stack trace of thread:
 com.mysql.cj.jdbc.AbandonedConnectionCleanupThread.run(AbandonedConnectionCleanupThread.java:83)
 java.base/java.util.concurrent.ThreadPoolExecutor.runWorker(ThreadPoolExecutor.java:1144)
 java.base/java.util.concurrent.ThreadPoolExecutor$Worker.run(ThreadPoolExecutor.java:642)
 java.base/java.lang.Thread.run(Thread.java:1570)
15-Oct-2024 23:21:01.437 WARNING [main] org.apache.catalina.loader.WebappClassLoaderBase.clearReferencesJdbc La aplicación web [proyecto_web_CRUD] registró el conductor JDBC [com.mysql.cj.jdbc.Driver] pero falló al anular el registro mientras la aplicación web estaba parada. Para prevenir un fallo de memoria, se ha anulado el registro del conductor JDBC por la fuerza.
15-Oct-2024 23:21:01.438 WARNING [main] org.apache.catalina.loader.WebappClassLoaderBase.clearReferencesThreads The web application [proyecto_web_CRUD] appears to have started a thread named [mysql-cj-abandoned-connection-cleanup] but has failed to stop it. This is very likely to create a memory leak. Stack trace of thread:
 java.base/jdk.internal.misc.Unsafe.park(Native Method)
 java.base/java.util.concurrent.locks.LockSupport.parkNanos(LockSupport.java:269)
 java.base/java.util.concurrent.locks.AbstractQueuedSynchronizer$ConditionObject.await(AbstractQueuedSynchronizer.java:1847)
 java.base/java.lang.ref.ReferenceQueue.await(ReferenceQueue.java:71)
 java.base/java.lang.ref.ReferenceQueue.remove0(ReferenceQueue.java:143)
 java.base/java.lang.ref.ReferenceQueue.remove(ReferenceQueue.java:218)
 com.mysql.cj.jdbc.AbandonedConnectionCleanupThread.run(AbandonedConnectionCleanupThread.java:84)
 java.base/java.util.concurrent.ThreadPoolExecutor.runWorker(ThreadPoolExecutor.java:1144)
 java.base/java.util.concurrent.ThreadPoolExecutor$Worker.run(ThreadPoolExecutor.java:642)
 java.base/java.lang.Thread.run(Thread.java:1570)
15-Oct-2024 23:21:01.441 INFO [main] org.apache.coyote.AbstractProtocol.stop Stopping ProtocolHandler ["http-nio-8080"]
15-Oct-2024 23:21:01.457 INFO [main] org.apache.coyote.AbstractProtocol.destroy Destroying ProtocolHandler ["http-nio-8080"]
