13-Oct-2024 14:23:24.374 INFO [main] org.apache.catalina.startup.VersionLoggerListener.log Nombre de la versión del servidor: Apache Tomcat/9.0.96
13-Oct-2024 14:23:24.377 INFO [main] org.apache.catalina.startup.VersionLoggerListener.log Server built:                      Oct 3 2024 19:44:30 UTC
13-Oct-2024 14:23:24.377 INFO [main] org.apache.catalina.startup.VersionLoggerListener.log Número de versión de servidor:     9.0.96.0
13-Oct-2024 14:23:24.378 INFO [main] org.apache.catalina.startup.VersionLoggerListener.log OS Name:                           Windows 11
13-Oct-2024 14:23:24.378 INFO [main] org.apache.catalina.startup.VersionLoggerListener.log Versión de Systema Operativo:      10.0
13-Oct-2024 14:23:24.378 INFO [main] org.apache.catalina.startup.VersionLoggerListener.log Arquitectura:                      amd64
13-Oct-2024 14:23:24.378 INFO [main] org.apache.catalina.startup.VersionLoggerListener.log Java Home:                         C:\Program Files\Java\jdk-22
13-Oct-2024 14:23:24.378 INFO [main] org.apache.catalina.startup.VersionLoggerListener.log JVM Version:                       22.0.2+9-70
13-Oct-2024 14:23:24.378 INFO [main] org.apache.catalina.startup.VersionLoggerListener.log Vededor JVM:                       Oracle Corporation
13-Oct-2024 14:23:24.378 INFO [main] org.apache.catalina.startup.VersionLoggerListener.log CATALINA_BASE:                     C:\Users\ghost\Documents\NetBeansProjects\apache-tomcat-9.0.96
13-Oct-2024 14:23:24.378 INFO [main] org.apache.catalina.startup.VersionLoggerListener.log CATALINA_HOME:                     C:\Users\ghost\Documents\NetBeansProjects\apache-tomcat-9.0.96
13-Oct-2024 14:23:24.385 INFO [main] org.apache.catalina.startup.VersionLoggerListener.log Command line argument:             --add-opens=java.base/java.lang=ALL-UNNAMED
13-Oct-2024 14:23:24.385 INFO [main] org.apache.catalina.startup.VersionLoggerListener.log Command line argument:             --add-opens=java.base/java.io=ALL-UNNAMED
13-Oct-2024 14:23:24.385 INFO [main] org.apache.catalina.startup.VersionLoggerListener.log Command line argument:             --add-opens=java.base/java.util=ALL-UNNAMED
13-Oct-2024 14:23:24.385 INFO [main] org.apache.catalina.startup.VersionLoggerListener.log Command line argument:             --add-opens=java.base/java.util.concurrent=ALL-UNNAMED
13-Oct-2024 14:23:24.386 INFO [main] org.apache.catalina.startup.VersionLoggerListener.log Command line argument:             --add-opens=java.rmi/sun.rmi.transport=ALL-UNNAMED
13-Oct-2024 14:23:24.386 INFO [main] org.apache.catalina.startup.VersionLoggerListener.log Command line argument:             -Djava.util.logging.config.file=C:\Users\ghost\Documents\NetBeansProjects\apache-tomcat-9.0.96\conf\logging.properties
13-Oct-2024 14:23:24.386 INFO [main] org.apache.catalina.startup.VersionLoggerListener.log Command line argument:             -Djava.util.logging.manager=org.apache.juli.ClassLoaderLogManager
13-Oct-2024 14:23:24.386 INFO [main] org.apache.catalina.startup.VersionLoggerListener.log Command line argument:             -Djdk.tls.ephemeralDHKeySize=2048
13-Oct-2024 14:23:24.386 INFO [main] org.apache.catalina.startup.VersionLoggerListener.log Command line argument:             -Djava.protocol.handler.pkgs=org.apache.catalina.webresources
13-Oct-2024 14:23:24.386 INFO [main] org.apache.catalina.startup.VersionLoggerListener.log Command line argument:             -Dignore.endorsed.dirs=
13-Oct-2024 14:23:24.386 INFO [main] org.apache.catalina.startup.VersionLoggerListener.log Command line argument:             -Dcatalina.base=C:\Users\ghost\Documents\NetBeansProjects\apache-tomcat-9.0.96
13-Oct-2024 14:23:24.386 INFO [main] org.apache.catalina.startup.VersionLoggerListener.log Command line argument:             -Dcatalina.home=C:\Users\ghost\Documents\NetBeansProjects\apache-tomcat-9.0.96
13-Oct-2024 14:23:24.386 INFO [main] org.apache.catalina.startup.VersionLoggerListener.log Command line argument:             -Djava.io.tmpdir=C:\Users\ghost\Documents\NetBeansProjects\apache-tomcat-9.0.96\temp
13-Oct-2024 14:23:24.392 INFO [main] org.apache.catalina.core.AprLifecycleListener.lifecycleEvent La biblioteca nativa de Apache Tomcat basada en ARP que permite un rendimiento óptimo en entornos de desarrollo no ha sido hallada en java.library.path: [C:\Program Files\Java\jdk-22\bin;C:\WINDOWS\Sun\Java\bin;C:\WINDOWS\system32;C:\WINDOWS;C:\ProgramData\Oracle\Java\javapath;C:\Program Files\Common Files\Oracle\Java\javapath;C:\Program Files (x86)\Common Files\Oracle\Java\java8path;C:\Program Files (x86)\Common Files\Oracle\Java\javapath;C:\WINDOWS\system32;C:\WINDOWS;C:\WINDOWS\System32\Wbem;C:\WINDOWS\System32\WindowsPowerShell\v1.0\;C:\WINDOWS\System32\OpenSSH\;C:\Program Files\Microsoft SQL Server\Client SDK\ODBC\170\Tools\Binn\;C:\Program Files (x86)\Microsoft SQL Server\160\Tools\Binn\;C:\Program Files\Microsoft SQL Server\160\Tools\Binn\;C:\Program Files\Microsoft SQL Server\160\DTS\Binn\;C:\Program Files (x86)\Microsoft SQL Server\160\DTS\Binn\;C:\Program Files\Microsoft SQL Server\150\Tools\Binn\;C:\Program Files\Git\cmd;C:\Users\ghost\AppData\Local\Microsoft\WindowsApps;C:\Program Files\Azure Data Studio\bin;C:\Users\ghost\AppData\Local\GitHubDesktop\bin;.]
13-Oct-2024 14:23:24.637 INFO [main] org.apache.coyote.AbstractProtocol.init Inicializando el manejador de protocolo ["http-nio-8080"]

13-Oct-2024 14:23:24.660 INFO [main] org.apache.catalina.startup.Catalina.load Server initialization in [435] milliseconds
13-Oct-2024 14:23:24.701 INFO [main] org.apache.catalina.core.StandardService.startInternal Arrancando servicio [Catalina]
13-Oct-2024 14:23:24.701 INFO [main] org.apache.catalina.core.StandardEngine.startInternal Starting Servlet engine: [Apache Tomcat/9.0.96]
13-Oct-2024 14:23:24.709 INFO [main] org.apache.catalina.startup.HostConfig.deployDirectory Desplegando el directorio [C:\Users\ghost\Documents\NetBeansProjects\apache-tomcat-9.0.96\webapps\docs] de la aplicación web
13-Oct-2024 14:23:24.965 INFO [main] org.apache.catalina.startup.HostConfig.deployDirectory Deployment of web application directory [C:\Users\ghost\Documents\NetBeansProjects\apache-tomcat-9.0.96\webapps\docs] has finished in [254] ms
13-Oct-2024 14:23:24.965 INFO [main] org.apache.catalina.startup.HostConfig.deployDirectory Desplegando el directorio [C:\Users\ghost\Documents\NetBeansProjects\apache-tomcat-9.0.96\webapps\examples] de la aplicación web
13-Oct-2024 14:23:25.320 INFO [main] org.apache.catalina.startup.HostConfig.deployDirectory Deployment of web application directory [C:\Users\ghost\Documents\NetBeansProjects\apache-tomcat-9.0.96\webapps\examples] has finished in [355] ms
13-Oct-2024 14:23:25.320 INFO [main] org.apache.catalina.startup.HostConfig.deployDirectory Desplegando el directorio [C:\Users\ghost\Documents\NetBeansProjects\apache-tomcat-9.0.96\webapps\host-manager] de la aplicación web
13-Oct-2024 14:23:25.353 INFO [main] org.apache.catalina.startup.HostConfig.deployDirectory Deployment of web application directory [C:\Users\ghost\Documents\NetBeansProjects\apache-tomcat-9.0.96\webapps\host-manager] has finished in [32] ms
13-Oct-2024 14:23:25.353 INFO [main] org.apache.catalina.startup.HostConfig.deployDirectory Desplegando el directorio [C:\Users\ghost\Documents\NetBeansProjects\apache-tomcat-9.0.96\webapps\manager] de la aplicación web
13-Oct-2024 14:23:25.382 INFO [main] org.apache.catalina.startup.HostConfig.deployDirectory Deployment of web application directory [C:\Users\ghost\Documents\NetBeansProjects\apache-tomcat-9.0.96\webapps\manager] has finished in [29] ms
13-Oct-2024 14:23:25.382 INFO [main] org.apache.catalina.startup.HostConfig.deployDirectory Desplegando el directorio [C:\Users\ghost\Documents\NetBeansProjects\apache-tomcat-9.0.96\webapps\ROOT] de la aplicación web
13-Oct-2024 14:23:25.401 INFO [main] org.apache.catalina.startup.HostConfig.deployDirectory Deployment of web application directory [C:\Users\ghost\Documents\NetBeansProjects\apache-tomcat-9.0.96\webapps\ROOT] has finished in [19] ms
13-Oct-2024 14:23:25.404 INFO [main] org.apache.coyote.AbstractProtocol.start Starting ProtocolHandler ["http-nio-8080"]
13-Oct-2024 14:23:25.422 INFO [main] org.apache.catalina.startup.Catalina.start Server startup in [761] milliseconds
13-Oct-2024 14:23:27.636 INFO [http-nio-8080-exec-1] org.apache.catalina.startup.HostConfig.deployDescriptor Desplieque del descriptor de configuración [C:\Users\ghost\Documents\NetBeansProjects\apache-tomcat-9.0.96\conf\Catalina\localhost\proyecto_web_CRUD.xml]
13-Oct-2024 14:23:27.637 WARNING [http-nio-8080-exec-1] org.apache.catalina.startup.HostConfig.deployDescriptor The path attribute with value [/proyecto_web_CRUD] in deployment descriptor [C:\Users\ghost\Documents\NetBeansProjects\apache-tomcat-9.0.96\conf\Catalina\localhost\proyecto_web_CRUD.xml] has been ignored
13-Oct-2024 14:23:27.669 INFO [http-nio-8080-exec-1] org.apache.catalina.startup.HostConfig.deployDescriptor Deployment of deployment descriptor [C:\Users\ghost\Documents\NetBeansProjects\apache-tomcat-9.0.96\conf\Catalina\localhost\proyecto_web_CRUD.xml] has finished in [33] ms
13-Oct-2024 14:23:27.672 INFO [http-nio-8080-exec-2] org.apache.catalina.util.LifecycleBase.start The start() method was called on component [StandardEngine[Catalina].StandardHost[localhost].StandardContext[/proyecto_web_CRUD]] after start() had already been called. The second call will be ignored.
13-Oct-2024 14:34:02.619 INFO [main] org.apache.catalina.core.StandardServer.await Se ha recibido un comando de apagado a través del puerto de apagado. Parando la instancia del Servidor.
13-Oct-2024 14:34:02.620 INFO [main] org.apache.coyote.AbstractProtocol.pause Pausing ProtocolHandler ["http-nio-8080"]
13-Oct-2024 14:34:02.624 INFO [main] org.apache.catalina.core.StandardService.stopInternal Parando servicio [Catalina]
13-Oct-2024 14:34:02.656 INFO [main] org.apache.coyote.AbstractProtocol.stop Stopping ProtocolHandler ["http-nio-8080"]
13-Oct-2024 14:34:02.659 INFO [main] org.apache.coyote.AbstractProtocol.destroy Destroying ProtocolHandler ["http-nio-8080"]
13-Oct-2024 14:35:09.907 INFO [main] org.apache.catalina.startup.VersionLoggerListener.log Nombre de la versión del servidor: Apache Tomcat/9.0.96
13-Oct-2024 14:35:09.909 INFO [main] org.apache.catalina.startup.VersionLoggerListener.log Server built:                      Oct 3 2024 19:44:30 UTC
13-Oct-2024 14:35:09.910 INFO [main] org.apache.catalina.startup.VersionLoggerListener.log Número de versión de servidor:     9.0.96.0
13-Oct-2024 14:35:09.910 INFO [main] org.apache.catalina.startup.VersionLoggerListener.log OS Name:                           Windows 11
13-Oct-2024 14:35:09.910 INFO [main] org.apache.catalina.startup.VersionLoggerListener.log Versión de Systema Operativo:      10.0
13-Oct-2024 14:35:09.910 INFO [main] org.apache.catalina.startup.VersionLoggerListener.log Arquitectura:                      amd64
13-Oct-2024 14:35:09.910 INFO [main] org.apache.catalina.startup.VersionLoggerListener.log Java Home:                         C:\Program Files\Java\jdk-22
13-Oct-2024 14:35:09.910 INFO [main] org.apache.catalina.startup.VersionLoggerListener.log JVM Version:                       22.0.2+9-70
13-Oct-2024 14:35:09.910 INFO [main] org.apache.catalina.startup.VersionLoggerListener.log Vededor JVM:                       Oracle Corporation
13-Oct-2024 14:35:09.910 INFO [main] org.apache.catalina.startup.VersionLoggerListener.log CATALINA_BASE:                     C:\Users\ghost\Documents\NetBeansProjects\apache-tomcat-9.0.96
13-Oct-2024 14:35:09.910 INFO [main] org.apache.catalina.startup.VersionLoggerListener.log CATALINA_HOME:                     C:\Users\ghost\Documents\NetBeansProjects\apache-tomcat-9.0.96
13-Oct-2024 14:35:09.917 INFO [main] org.apache.catalina.startup.VersionLoggerListener.log Command line argument:             --add-opens=java.base/java.lang=ALL-UNNAMED
13-Oct-2024 14:35:09.917 INFO [main] org.apache.catalina.startup.VersionLoggerListener.log Command line argument:             --add-opens=java.base/java.io=ALL-UNNAMED
13-Oct-2024 14:35:09.917 INFO [main] org.apache.catalina.startup.VersionLoggerListener.log Command line argument:             --add-opens=java.base/java.util=ALL-UNNAMED
13-Oct-2024 14:35:09.917 INFO [main] org.apache.catalina.startup.VersionLoggerListener.log Command line argument:             --add-opens=java.base/java.util.concurrent=ALL-UNNAMED
13-Oct-2024 14:35:09.917 INFO [main] org.apache.catalina.startup.VersionLoggerListener.log Command line argument:             --add-opens=java.rmi/sun.rmi.transport=ALL-UNNAMED
13-Oct-2024 14:35:09.917 INFO [main] org.apache.catalina.startup.VersionLoggerListener.log Command line argument:             -Djava.util.logging.config.file=C:\Users\ghost\Documents\NetBeansProjects\apache-tomcat-9.0.96\conf\logging.properties
13-Oct-2024 14:35:09.917 INFO [main] org.apache.catalina.startup.VersionLoggerListener.log Command line argument:             -Djava.util.logging.manager=org.apache.juli.ClassLoaderLogManager
13-Oct-2024 14:35:09.917 INFO [main] org.apache.catalina.startup.VersionLoggerListener.log Command line argument:             -Djdk.tls.ephemeralDHKeySize=2048
13-Oct-2024 14:35:09.917 INFO [main] org.apache.catalina.startup.VersionLoggerListener.log Command line argument:             -Djava.protocol.handler.pkgs=org.apache.catalina.webresources
13-Oct-2024 14:35:09.918 INFO [main] org.apache.catalina.startup.VersionLoggerListener.log Command line argument:             -Dignore.endorsed.dirs=
13-Oct-2024 14:35:09.918 INFO [main] org.apache.catalina.startup.VersionLoggerListener.log Command line argument:             -Dcatalina.base=C:\Users\ghost\Documents\NetBeansProjects\apache-tomcat-9.0.96
13-Oct-2024 14:35:09.918 INFO [main] org.apache.catalina.startup.VersionLoggerListener.log Command line argument:             -Dcatalina.home=C:\Users\ghost\Documents\NetBeansProjects\apache-tomcat-9.0.96
13-Oct-2024 14:35:09.918 INFO [main] org.apache.catalina.startup.VersionLoggerListener.log Command line argument:             -Djava.io.tmpdir=C:\Users\ghost\Documents\NetBeansProjects\apache-tomcat-9.0.96\temp
13-Oct-2024 14:35:09.924 INFO [main] org.apache.catalina.core.AprLifecycleListener.lifecycleEvent La biblioteca nativa de Apache Tomcat basada en ARP que permite un rendimiento óptimo en entornos de desarrollo no ha sido hallada en java.library.path: [C:\Program Files\Java\jdk-22\bin;C:\WINDOWS\Sun\Java\bin;C:\WINDOWS\system32;C:\WINDOWS;C:\ProgramData\Oracle\Java\javapath;C:\Program Files\Common Files\Oracle\Java\javapath;C:\Program Files (x86)\Common Files\Oracle\Java\java8path;C:\Program Files (x86)\Common Files\Oracle\Java\javapath;C:\WINDOWS\system32;C:\WINDOWS;C:\WINDOWS\System32\Wbem;C:\WINDOWS\System32\WindowsPowerShell\v1.0\;C:\WINDOWS\System32\OpenSSH\;C:\Program Files\Microsoft SQL Server\Client SDK\ODBC\170\Tools\Binn\;C:\Program Files (x86)\Microsoft SQL Server\160\Tools\Binn\;C:\Program Files\Microsoft SQL Server\160\Tools\Binn\;C:\Program Files\Microsoft SQL Server\160\DTS\Binn\;C:\Program Files (x86)\Microsoft SQL Server\160\DTS\Binn\;C:\Program Files\Microsoft SQL Server\150\Tools\Binn\;C:\Program Files\Git\cmd;C:\Users\ghost\AppData\Local\Microsoft\WindowsApps;C:\Program Files\Azure Data Studio\bin;C:\Users\ghost\AppData\Local\GitHubDesktop\bin;.]
13-Oct-2024 14:35:10.164 INFO [main] org.apache.coyote.AbstractProtocol.init Inicializando el manejador de protocolo ["http-nio-8080"]

13-Oct-2024 14:35:10.183 INFO [main] org.apache.catalina.startup.Catalina.load Server initialization in [427] milliseconds
13-Oct-2024 14:35:10.222 INFO [main] org.apache.catalina.core.StandardService.startInternal Arrancando servicio [Catalina]
13-Oct-2024 14:35:10.223 INFO [main] org.apache.catalina.core.StandardEngine.startInternal Starting Servlet engine: [Apache Tomcat/9.0.96]
13-Oct-2024 14:35:10.237 INFO [main] org.apache.catalina.startup.HostConfig.deployDescriptor Desplieque del descriptor de configuración [C:\Users\ghost\Documents\NetBeansProjects\apache-tomcat-9.0.96\conf\Catalina\localhost\proyecto_web_CRUD.xml]
13-Oct-2024 14:35:10.251 WARNING [main] org.apache.catalina.startup.HostConfig.deployDescriptor The path attribute with value [/proyecto_web_CRUD] in deployment descriptor [C:\Users\ghost\Documents\NetBeansProjects\apache-tomcat-9.0.96\conf\Catalina\localhost\proyecto_web_CRUD.xml] has been ignored
13-Oct-2024 14:35:10.489 INFO [main] org.apache.catalina.startup.HostConfig.deployDescriptor Deployment of deployment descriptor [C:\Users\ghost\Documents\NetBeansProjects\apache-tomcat-9.0.96\conf\Catalina\localhost\proyecto_web_CRUD.xml] has finished in [251] ms
13-Oct-2024 14:35:10.490 INFO [main] org.apache.catalina.startup.HostConfig.deployDirectory Desplegando el directorio [C:\Users\ghost\Documents\NetBeansProjects\apache-tomcat-9.0.96\webapps\docs] de la aplicación web
13-Oct-2024 14:35:10.522 INFO [main] org.apache.catalina.startup.HostConfig.deployDirectory Deployment of web application directory [C:\Users\ghost\Documents\NetBeansProjects\apache-tomcat-9.0.96\webapps\docs] has finished in [33] ms
13-Oct-2024 14:35:10.523 INFO [main] org.apache.catalina.startup.HostConfig.deployDirectory Desplegando el directorio [C:\Users\ghost\Documents\NetBeansProjects\apache-tomcat-9.0.96\webapps\examples] de la aplicación web
13-Oct-2024 14:35:10.880 INFO [main] org.apache.catalina.startup.HostConfig.deployDirectory Deployment of web application directory [C:\Users\ghost\Documents\NetBeansProjects\apache-tomcat-9.0.96\webapps\examples] has finished in [356] ms
13-Oct-2024 14:35:10.880 INFO [main] org.apache.catalina.startup.HostConfig.deployDirectory Desplegando el directorio [C:\Users\ghost\Documents\NetBeansProjects\apache-tomcat-9.0.96\webapps\host-manager] de la aplicación web
13-Oct-2024 14:35:10.909 INFO [main] org.apache.catalina.startup.HostConfig.deployDirectory Deployment of web application directory [C:\Users\ghost\Documents\NetBeansProjects\apache-tomcat-9.0.96\webapps\host-manager] has finished in [29] ms
13-Oct-2024 14:35:10.910 INFO [main] org.apache.catalina.startup.HostConfig.deployDirectory Desplegando el directorio [C:\Users\ghost\Documents\NetBeansProjects\apache-tomcat-9.0.96\webapps\manager] de la aplicación web
13-Oct-2024 14:35:10.944 INFO [main] org.apache.catalina.startup.HostConfig.deployDirectory Deployment of web application directory [C:\Users\ghost\Documents\NetBeansProjects\apache-tomcat-9.0.96\webapps\manager] has finished in [34] ms
13-Oct-2024 14:35:10.944 INFO [main] org.apache.catalina.startup.HostConfig.deployDirectory Desplegando el directorio [C:\Users\ghost\Documents\NetBeansProjects\apache-tomcat-9.0.96\webapps\ROOT] de la aplicación web
13-Oct-2024 14:35:10.964 INFO [main] org.apache.catalina.startup.HostConfig.deployDirectory Deployment of web application directory [C:\Users\ghost\Documents\NetBeansProjects\apache-tomcat-9.0.96\webapps\ROOT] has finished in [20] ms
13-Oct-2024 14:35:10.968 INFO [main] org.apache.coyote.AbstractProtocol.start Starting ProtocolHandler ["http-nio-8080"]
13-Oct-2024 14:35:10.989 INFO [main] org.apache.catalina.startup.Catalina.start Server startup in [804] milliseconds
13-Oct-2024 14:36:17.691 INFO [main] org.apache.catalina.core.StandardServer.await Se ha recibido un comando de apagado a través del puerto de apagado. Parando la instancia del Servidor.
13-Oct-2024 14:36:17.691 INFO [main] org.apache.coyote.AbstractProtocol.pause Pausing ProtocolHandler ["http-nio-8080"]
13-Oct-2024 14:36:17.694 INFO [main] org.apache.catalina.core.StandardService.stopInternal Parando servicio [Catalina]
13-Oct-2024 14:36:17.711 INFO [main] org.apache.coyote.AbstractProtocol.stop Stopping ProtocolHandler ["http-nio-8080"]
13-Oct-2024 14:36:17.723 INFO [main] org.apache.coyote.AbstractProtocol.destroy Destroying ProtocolHandler ["http-nio-8080"]
13-Oct-2024 14:36:26.361 INFO [main] org.apache.catalina.startup.VersionLoggerListener.log Nombre de la versión del servidor: Apache Tomcat/9.0.96
13-Oct-2024 14:36:26.363 INFO [main] org.apache.catalina.startup.VersionLoggerListener.log Server built:                      Oct 3 2024 19:44:30 UTC
13-Oct-2024 14:36:26.363 INFO [main] org.apache.catalina.startup.VersionLoggerListener.log Número de versión de servidor:     9.0.96.0
13-Oct-2024 14:36:26.363 INFO [main] org.apache.catalina.startup.VersionLoggerListener.log OS Name:                           Windows 11
13-Oct-2024 14:36:26.364 INFO [main] org.apache.catalina.startup.VersionLoggerListener.log Versión de Systema Operativo:      10.0
13-Oct-2024 14:36:26.364 INFO [main] org.apache.catalina.startup.VersionLoggerListener.log Arquitectura:                      amd64
13-Oct-2024 14:36:26.364 INFO [main] org.apache.catalina.startup.VersionLoggerListener.log Java Home:                         C:\Program Files\Java\jdk-22
13-Oct-2024 14:36:26.364 INFO [main] org.apache.catalina.startup.VersionLoggerListener.log JVM Version:                       22.0.2+9-70
13-Oct-2024 14:36:26.364 INFO [main] org.apache.catalina.startup.VersionLoggerListener.log Vededor JVM:                       Oracle Corporation
13-Oct-2024 14:36:26.364 INFO [main] org.apache.catalina.startup.VersionLoggerListener.log CATALINA_BASE:                     C:\Users\ghost\Documents\NetBeansProjects\apache-tomcat-9.0.96
13-Oct-2024 14:36:26.364 INFO [main] org.apache.catalina.startup.VersionLoggerListener.log CATALINA_HOME:                     C:\Users\ghost\Documents\NetBeansProjects\apache-tomcat-9.0.96
13-Oct-2024 14:36:26.370 INFO [main] org.apache.catalina.startup.VersionLoggerListener.log Command line argument:             --add-opens=java.base/java.lang=ALL-UNNAMED
13-Oct-2024 14:36:26.370 INFO [main] org.apache.catalina.startup.VersionLoggerListener.log Command line argument:             --add-opens=java.base/java.io=ALL-UNNAMED
13-Oct-2024 14:36:26.370 INFO [main] org.apache.catalina.startup.VersionLoggerListener.log Command line argument:             --add-opens=java.base/java.util=ALL-UNNAMED
13-Oct-2024 14:36:26.370 INFO [main] org.apache.catalina.startup.VersionLoggerListener.log Command line argument:             --add-opens=java.base/java.util.concurrent=ALL-UNNAMED
13-Oct-2024 14:36:26.370 INFO [main] org.apache.catalina.startup.VersionLoggerListener.log Command line argument:             --add-opens=java.rmi/sun.rmi.transport=ALL-UNNAMED
13-Oct-2024 14:36:26.370 INFO [main] org.apache.catalina.startup.VersionLoggerListener.log Command line argument:             -Djava.util.logging.config.file=C:\Users\ghost\Documents\NetBeansProjects\apache-tomcat-9.0.96\conf\logging.properties
13-Oct-2024 14:36:26.370 INFO [main] org.apache.catalina.startup.VersionLoggerListener.log Command line argument:             -Djava.util.logging.manager=org.apache.juli.ClassLoaderLogManager
13-Oct-2024 14:36:26.370 INFO [main] org.apache.catalina.startup.VersionLoggerListener.log Command line argument:             -Djdk.tls.ephemeralDHKeySize=2048
13-Oct-2024 14:36:26.370 INFO [main] org.apache.catalina.startup.VersionLoggerListener.log Command line argument:             -Djava.protocol.handler.pkgs=org.apache.catalina.webresources
13-Oct-2024 14:36:26.370 INFO [main] org.apache.catalina.startup.VersionLoggerListener.log Command line argument:             -agentlib:jdwp=transport=dt_shmem,address=tomcat_shared_memory_id,server=y,suspend=n
13-Oct-2024 14:36:26.370 INFO [main] org.apache.catalina.startup.VersionLoggerListener.log Command line argument:             -Dignore.endorsed.dirs=
13-Oct-2024 14:36:26.370 INFO [main] org.apache.catalina.startup.VersionLoggerListener.log Command line argument:             -Dcatalina.base=C:\Users\ghost\Documents\NetBeansProjects\apache-tomcat-9.0.96
13-Oct-2024 14:36:26.371 INFO [main] org.apache.catalina.startup.VersionLoggerListener.log Command line argument:             -Dcatalina.home=C:\Users\ghost\Documents\NetBeansProjects\apache-tomcat-9.0.96
13-Oct-2024 14:36:26.371 INFO [main] org.apache.catalina.startup.VersionLoggerListener.log Command line argument:             -Djava.io.tmpdir=C:\Users\ghost\Documents\NetBeansProjects\apache-tomcat-9.0.96\temp
13-Oct-2024 14:36:26.389 INFO [main] org.apache.catalina.core.AprLifecycleListener.lifecycleEvent La biblioteca nativa de Apache Tomcat basada en ARP que permite un rendimiento óptimo en entornos de desarrollo no ha sido hallada en java.library.path: [C:\Program Files\Java\jdk-22\bin;C:\WINDOWS\Sun\Java\bin;C:\WINDOWS\system32;C:\WINDOWS;C:\ProgramData\Oracle\Java\javapath;C:\Program Files\Common Files\Oracle\Java\javapath;C:\Program Files (x86)\Common Files\Oracle\Java\java8path;C:\Program Files (x86)\Common Files\Oracle\Java\javapath;C:\WINDOWS\system32;C:\WINDOWS;C:\WINDOWS\System32\Wbem;C:\WINDOWS\System32\WindowsPowerShell\v1.0\;C:\WINDOWS\System32\OpenSSH\;C:\Program Files\Microsoft SQL Server\Client SDK\ODBC\170\Tools\Binn\;C:\Program Files (x86)\Microsoft SQL Server\160\Tools\Binn\;C:\Program Files\Microsoft SQL Server\160\Tools\Binn\;C:\Program Files\Microsoft SQL Server\160\DTS\Binn\;C:\Program Files (x86)\Microsoft SQL Server\160\DTS\Binn\;C:\Program Files\Microsoft SQL Server\150\Tools\Binn\;C:\Program Files\Git\cmd;C:\Users\ghost\AppData\Local\Microsoft\WindowsApps;C:\Program Files\Azure Data Studio\bin;C:\Users\ghost\AppData\Local\GitHubDesktop\bin;.]
13-Oct-2024 14:36:26.627 INFO [main] org.apache.coyote.AbstractProtocol.init Inicializando el manejador de protocolo ["http-nio-8080"]

13-Oct-2024 14:36:26.645 INFO [main] org.apache.catalina.startup.Catalina.load Server initialization in [437] milliseconds
13-Oct-2024 14:36:26.682 INFO [main] org.apache.catalina.core.StandardService.startInternal Arrancando servicio [Catalina]
13-Oct-2024 14:36:26.682 INFO [main] org.apache.catalina.core.StandardEngine.startInternal Starting Servlet engine: [Apache Tomcat/9.0.96]
13-Oct-2024 14:36:26.690 INFO [main] org.apache.catalina.startup.HostConfig.deployDescriptor Desplieque del descriptor de configuración [C:\Users\ghost\Documents\NetBeansProjects\apache-tomcat-9.0.96\conf\Catalina\localhost\proyecto_web_CRUD.xml]
13-Oct-2024 14:36:26.702 WARNING [main] org.apache.catalina.startup.HostConfig.deployDescriptor The path attribute with value [/proyecto_web_CRUD] in deployment descriptor [C:\Users\ghost\Documents\NetBeansProjects\apache-tomcat-9.0.96\conf\Catalina\localhost\proyecto_web_CRUD.xml] has been ignored
13-Oct-2024 14:36:26.942 INFO [main] org.apache.catalina.startup.HostConfig.deployDescriptor Deployment of deployment descriptor [C:\Users\ghost\Documents\NetBeansProjects\apache-tomcat-9.0.96\conf\Catalina\localhost\proyecto_web_CRUD.xml] has finished in [249] ms
13-Oct-2024 14:36:26.942 INFO [main] org.apache.catalina.startup.HostConfig.deployDirectory Desplegando el directorio [C:\Users\ghost\Documents\NetBeansProjects\apache-tomcat-9.0.96\webapps\docs] de la aplicación web
13-Oct-2024 14:36:26.973 INFO [main] org.apache.catalina.startup.HostConfig.deployDirectory Deployment of web application directory [C:\Users\ghost\Documents\NetBeansProjects\apache-tomcat-9.0.96\webapps\docs] has finished in [31] ms
13-Oct-2024 14:36:26.973 INFO [main] org.apache.catalina.startup.HostConfig.deployDirectory Desplegando el directorio [C:\Users\ghost\Documents\NetBeansProjects\apache-tomcat-9.0.96\webapps\examples] de la aplicación web
13-Oct-2024 14:36:27.324 INFO [main] org.apache.catalina.startup.HostConfig.deployDirectory Deployment of web application directory [C:\Users\ghost\Documents\NetBeansProjects\apache-tomcat-9.0.96\webapps\examples] has finished in [351] ms
13-Oct-2024 14:36:27.324 INFO [main] org.apache.catalina.startup.HostConfig.deployDirectory Desplegando el directorio [C:\Users\ghost\Documents\NetBeansProjects\apache-tomcat-9.0.96\webapps\host-manager] de la aplicación web
13-Oct-2024 14:36:27.356 INFO [main] org.apache.catalina.startup.HostConfig.deployDirectory Deployment of web application directory [C:\Users\ghost\Documents\NetBeansProjects\apache-tomcat-9.0.96\webapps\host-manager] has finished in [32] ms
13-Oct-2024 14:36:27.356 INFO [main] org.apache.catalina.startup.HostConfig.deployDirectory Desplegando el directorio [C:\Users\ghost\Documents\NetBeansProjects\apache-tomcat-9.0.96\webapps\manager] de la aplicación web
13-Oct-2024 14:36:27.385 INFO [main] org.apache.catalina.startup.HostConfig.deployDirectory Deployment of web application directory [C:\Users\ghost\Documents\NetBeansProjects\apache-tomcat-9.0.96\webapps\manager] has finished in [29] ms
13-Oct-2024 14:36:27.385 INFO [main] org.apache.catalina.startup.HostConfig.deployDirectory Desplegando el directorio [C:\Users\ghost\Documents\NetBeansProjects\apache-tomcat-9.0.96\webapps\ROOT] de la aplicación web
13-Oct-2024 14:36:27.406 INFO [main] org.apache.catalina.startup.HostConfig.deployDirectory Deployment of web application directory [C:\Users\ghost\Documents\NetBeansProjects\apache-tomcat-9.0.96\webapps\ROOT] has finished in [20] ms
13-Oct-2024 14:36:27.410 INFO [main] org.apache.coyote.AbstractProtocol.start Starting ProtocolHandler ["http-nio-8080"]
13-Oct-2024 14:36:27.427 INFO [main] org.apache.catalina.startup.Catalina.start Server startup in [780] milliseconds
13-Oct-2024 15:59:52.376 INFO [http-nio-8080-exec-9] org.apache.catalina.startup.HostConfig.deployDescriptor Desplieque del descriptor de configuración [C:\Users\ghost\Documents\NetBeansProjects\apache-tomcat-9.0.96\conf\Catalina\localhost\web_empresa_bd.xml]
13-Oct-2024 15:59:52.380 WARNING [http-nio-8080-exec-9] org.apache.catalina.startup.HostConfig.deployDescriptor The path attribute with value [/web_empresa_bd] in deployment descriptor [C:\Users\ghost\Documents\NetBeansProjects\apache-tomcat-9.0.96\conf\Catalina\localhost\web_empresa_bd.xml] has been ignored
13-Oct-2024 15:59:52.782 INFO [http-nio-8080-exec-9] org.apache.jasper.servlet.TldScanner.scanJars Al menos un JAR, que se ha explorado buscando TLDs, aún no contenía TLDs. Activar historial de depuración para este historiador para una completa lista de los JARs que fueron explorados y de los que nos se halló TLDs. Saltarse JARs no necesarios durante la exploración puede dar lugar a una mejora de tiempo significativa en el arranque y compilación de JSP .
13-Oct-2024 15:59:52.787 INFO [http-nio-8080-exec-9] org.apache.catalina.startup.HostConfig.deployDescriptor Deployment of deployment descriptor [C:\Users\ghost\Documents\NetBeansProjects\apache-tomcat-9.0.96\conf\Catalina\localhost\web_empresa_bd.xml] has finished in [410] ms
13-Oct-2024 15:59:52.790 INFO [http-nio-8080-exec-10] org.apache.catalina.util.LifecycleBase.start The start() method was called on component [StandardEngine[Catalina].StandardHost[localhost].StandardContext[/web_empresa_bd]] after start() had already been called. The second call will be ignored.
13-Oct-2024 16:29:25.526 INFO [http-nio-8080-exec-1] org.apache.catalina.core.StandardContext.reload Ha comenzado la recarga de Contexto [/proyecto_web_CRUD]
13-Oct-2024 16:29:25.585 INFO [http-nio-8080-exec-1] org.apache.catalina.core.StandardContext.reload Se ha completado la recarga de este Contexto
13-Oct-2024 16:29:25.984 INFO [http-nio-8080-exec-4] org.apache.catalina.core.StandardContext.reload Ha comenzado la recarga de Contexto [/proyecto_web_CRUD]
13-Oct-2024 16:29:26.021 INFO [http-nio-8080-exec-4] org.apache.catalina.core.StandardContext.reload Se ha completado la recarga de este Contexto
13-Oct-2024 16:30:36.816 INFO [http-nio-8080-exec-10] org.apache.catalina.core.StandardContext.reload Ha comenzado la recarga de Contexto [/proyecto_web_CRUD]
13-Oct-2024 16:30:36.847 INFO [http-nio-8080-exec-10] org.apache.catalina.core.StandardContext.reload Se ha completado la recarga de este Contexto
13-Oct-2024 16:30:45.396 INFO [http-nio-8080-exec-10] org.apache.catalina.core.StandardContext.reload Ha comenzado la recarga de Contexto [/proyecto_web_CRUD]
13-Oct-2024 16:30:45.424 INFO [http-nio-8080-exec-10] org.apache.catalina.core.StandardContext.reload Se ha completado la recarga de este Contexto
13-Oct-2024 16:32:49.304 INFO [http-nio-8080-exec-14] org.apache.catalina.core.StandardContext.reload Ha comenzado la recarga de Contexto [/proyecto_web_CRUD]
13-Oct-2024 16:32:49.333 INFO [http-nio-8080-exec-14] org.apache.catalina.core.StandardContext.reload Se ha completado la recarga de este Contexto
13-Oct-2024 16:32:49.609 INFO [http-nio-8080-exec-15] org.apache.catalina.core.StandardContext.reload Ha comenzado la recarga de Contexto [/proyecto_web_CRUD]
13-Oct-2024 16:32:49.639 INFO [http-nio-8080-exec-15] org.apache.catalina.core.StandardContext.reload Se ha completado la recarga de este Contexto
13-Oct-2024 16:36:04.756 INFO [http-nio-8080-exec-23] org.apache.catalina.core.StandardContext.reload Ha comenzado la recarga de Contexto [/proyecto_web_CRUD]
13-Oct-2024 16:36:04.787 INFO [http-nio-8080-exec-23] org.apache.catalina.core.StandardContext.reload Se ha completado la recarga de este Contexto
13-Oct-2024 16:36:04.981 INFO [http-nio-8080-exec-18] org.apache.catalina.core.StandardContext.reload Ha comenzado la recarga de Contexto [/proyecto_web_CRUD]
13-Oct-2024 16:36:05.011 INFO [http-nio-8080-exec-18] org.apache.catalina.core.StandardContext.reload Se ha completado la recarga de este Contexto
13-Oct-2024 16:38:45.771 INFO [http-nio-8080-exec-29] org.apache.catalina.core.StandardContext.reload Ha comenzado la recarga de Contexto [/proyecto_web_CRUD]
13-Oct-2024 16:38:45.800 INFO [http-nio-8080-exec-29] org.apache.catalina.core.StandardContext.reload Se ha completado la recarga de este Contexto
13-Oct-2024 16:38:46.011 INFO [http-nio-8080-exec-27] org.apache.catalina.core.StandardContext.reload Ha comenzado la recarga de Contexto [/proyecto_web_CRUD]
13-Oct-2024 16:38:46.039 INFO [http-nio-8080-exec-27] org.apache.catalina.core.StandardContext.reload Se ha completado la recarga de este Contexto
13-Oct-2024 16:39:46.255 INFO [http-nio-8080-exec-29] org.apache.catalina.core.StandardContext.reload Ha comenzado la recarga de Contexto [/proyecto_web_CRUD]
13-Oct-2024 16:39:46.281 INFO [http-nio-8080-exec-29] org.apache.catalina.core.StandardContext.reload Se ha completado la recarga de este Contexto
13-Oct-2024 16:39:46.358 INFO [http-nio-8080-exec-27] org.apache.catalina.core.StandardContext.reload Ha comenzado la recarga de Contexto [/proyecto_web_CRUD]
13-Oct-2024 16:39:46.385 INFO [http-nio-8080-exec-27] org.apache.catalina.core.StandardContext.reload Se ha completado la recarga de este Contexto
13-Oct-2024 16:41:25.107 INFO [http-nio-8080-exec-27] org.apache.catalina.core.StandardContext.reload Ha comenzado la recarga de Contexto [/proyecto_web_CRUD]
13-Oct-2024 16:41:25.135 INFO [http-nio-8080-exec-27] org.apache.catalina.core.StandardContext.reload Se ha completado la recarga de este Contexto
13-Oct-2024 16:41:25.340 INFO [http-nio-8080-exec-47] org.apache.catalina.core.StandardContext.reload Ha comenzado la recarga de Contexto [/proyecto_web_CRUD]
13-Oct-2024 16:41:25.370 INFO [http-nio-8080-exec-47] org.apache.catalina.core.StandardContext.reload Se ha completado la recarga de este Contexto
13-Oct-2024 16:42:58.760 INFO [http-nio-8080-exec-36] org.apache.catalina.core.StandardContext.reload Ha comenzado la recarga de Contexto [/proyecto_web_CRUD]
13-Oct-2024 16:42:58.786 INFO [http-nio-8080-exec-36] org.apache.catalina.core.StandardContext.reload Se ha completado la recarga de este Contexto
13-Oct-2024 16:42:59.011 INFO [http-nio-8080-exec-54] org.apache.catalina.core.StandardContext.reload Ha comenzado la recarga de Contexto [/proyecto_web_CRUD]
13-Oct-2024 16:42:59.037 INFO [http-nio-8080-exec-54] org.apache.catalina.core.StandardContext.reload Se ha completado la recarga de este Contexto
13-Oct-2024 16:45:34.971 INFO [http-nio-8080-exec-57] org.apache.catalina.core.StandardContext.reload Ha comenzado la recarga de Contexto [/proyecto_web_CRUD]
13-Oct-2024 16:45:35.000 INFO [http-nio-8080-exec-57] org.apache.catalina.core.StandardContext.reload Se ha completado la recarga de este Contexto
13-Oct-2024 16:45:35.029 INFO [http-nio-8080-exec-66] org.apache.catalina.core.StandardContext.reload Ha comenzado la recarga de Contexto [/proyecto_web_CRUD]
13-Oct-2024 16:45:35.067 INFO [http-nio-8080-exec-66] org.apache.catalina.core.StandardContext.reload Se ha completado la recarga de este Contexto
13-Oct-2024 16:55:41.840 INFO [http-nio-8080-exec-76] org.apache.catalina.core.StandardContext.reload Ha comenzado la recarga de Contexto [/proyecto_web_CRUD]
13-Oct-2024 16:55:41.869 INFO [http-nio-8080-exec-76] org.apache.catalina.core.StandardContext.reload Se ha completado la recarga de este Contexto
13-Oct-2024 16:55:42.040 INFO [http-nio-8080-exec-69] org.apache.catalina.core.StandardContext.reload Ha comenzado la recarga de Contexto [/proyecto_web_CRUD]
13-Oct-2024 16:55:42.066 INFO [http-nio-8080-exec-69] org.apache.catalina.core.StandardContext.reload Se ha completado la recarga de este Contexto
13-Oct-2024 17:10:55.062 INFO [http-nio-8080-exec-81] org.apache.catalina.core.StandardContext.reload Ha comenzado la recarga de Contexto [/proyecto_web_CRUD]
13-Oct-2024 17:10:55.113 INFO [http-nio-8080-exec-81] org.apache.catalina.core.StandardContext.reload Se ha completado la recarga de este Contexto
13-Oct-2024 17:11:11.545 INFO [http-nio-8080-exec-80] org.apache.catalina.core.StandardContext.reload Ha comenzado la recarga de Contexto [/proyecto_web_CRUD]
13-Oct-2024 17:11:11.581 INFO [http-nio-8080-exec-80] org.apache.catalina.core.StandardContext.reload Se ha completado la recarga de este Contexto
13-Oct-2024 17:11:33.273 INFO [http-nio-8080-exec-86] org.apache.catalina.core.StandardContext.reload Ha comenzado la recarga de Contexto [/proyecto_web_CRUD]
13-Oct-2024 17:11:33.304 INFO [http-nio-8080-exec-86] org.apache.catalina.core.StandardContext.reload Se ha completado la recarga de este Contexto
13-Oct-2024 17:11:33.388 INFO [http-nio-8080-exec-83] org.apache.catalina.core.StandardContext.reload Ha comenzado la recarga de Contexto [/proyecto_web_CRUD]
13-Oct-2024 17:11:33.417 INFO [http-nio-8080-exec-83] org.apache.catalina.core.StandardContext.reload Se ha completado la recarga de este Contexto
13-Oct-2024 17:12:54.814 INFO [http-nio-8080-exec-85] org.apache.catalina.core.StandardContext.reload Ha comenzado la recarga de Contexto [/proyecto_web_CRUD]
13-Oct-2024 17:12:54.845 INFO [http-nio-8080-exec-85] org.apache.catalina.core.StandardContext.reload Se ha completado la recarga de este Contexto
13-Oct-2024 17:12:54.936 INFO [http-nio-8080-exec-87] org.apache.catalina.core.StandardContext.reload Ha comenzado la recarga de Contexto [/proyecto_web_CRUD]
13-Oct-2024 17:12:54.969 INFO [http-nio-8080-exec-87] org.apache.catalina.core.StandardContext.reload Se ha completado la recarga de este Contexto
13-Oct-2024 17:28:24.622 INFO [http-nio-8080-exec-98] org.apache.catalina.core.StandardContext.reload Ha comenzado la recarga de Contexto [/proyecto_web_CRUD]
13-Oct-2024 17:28:24.661 INFO [http-nio-8080-exec-98] org.apache.catalina.core.StandardContext.reload Se ha completado la recarga de este Contexto
13-Oct-2024 17:28:25.819 INFO [http-nio-8080-exec-99] org.apache.catalina.core.StandardContext.reload Ha comenzado la recarga de Contexto [/proyecto_web_CRUD]
13-Oct-2024 17:28:25.854 INFO [http-nio-8080-exec-99] org.apache.catalina.core.StandardContext.reload Se ha completado la recarga de este Contexto
13-Oct-2024 17:34:56.412 INFO [http-nio-8080-exec-105] org.apache.catalina.core.StandardContext.reload Ha comenzado la recarga de Contexto [/proyecto_web_CRUD]
13-Oct-2024 17:34:56.446 INFO [http-nio-8080-exec-105] org.apache.catalina.core.StandardContext.reload Se ha completado la recarga de este Contexto
13-Oct-2024 17:34:56.624 INFO [http-nio-8080-exec-97] org.apache.catalina.core.StandardContext.reload Ha comenzado la recarga de Contexto [/proyecto_web_CRUD]
13-Oct-2024 17:34:56.658 INFO [http-nio-8080-exec-97] org.apache.catalina.core.StandardContext.reload Se ha completado la recarga de este Contexto
13-Oct-2024 17:39:23.544 INFO [http-nio-8080-exec-117] org.apache.catalina.core.StandardContext.reload Ha comenzado la recarga de Contexto [/proyecto_web_CRUD]
13-Oct-2024 17:39:23.578 INFO [http-nio-8080-exec-117] org.apache.catalina.core.StandardContext.reload Se ha completado la recarga de este Contexto
13-Oct-2024 17:39:23.642 INFO [http-nio-8080-exec-115] org.apache.catalina.core.StandardContext.reload Ha comenzado la recarga de Contexto [/proyecto_web_CRUD]
13-Oct-2024 17:39:23.674 INFO [http-nio-8080-exec-115] org.apache.catalina.core.StandardContext.reload Se ha completado la recarga de este Contexto
13-Oct-2024 17:40:17.032 INFO [http-nio-8080-exec-122] org.apache.catalina.core.StandardContext.reload Ha comenzado la recarga de Contexto [/proyecto_web_CRUD]
13-Oct-2024 17:40:17.064 INFO [http-nio-8080-exec-122] org.apache.catalina.core.StandardContext.reload Se ha completado la recarga de este Contexto
13-Oct-2024 17:40:17.128 INFO [http-nio-8080-exec-123] org.apache.catalina.core.StandardContext.reload Ha comenzado la recarga de Contexto [/proyecto_web_CRUD]
13-Oct-2024 17:40:17.161 INFO [http-nio-8080-exec-123] org.apache.catalina.core.StandardContext.reload Se ha completado la recarga de este Contexto
13-Oct-2024 17:40:55.678 INFO [http-nio-8080-exec-115] org.apache.catalina.core.StandardContext.reload Ha comenzado la recarga de Contexto [/proyecto_web_CRUD]
13-Oct-2024 17:40:55.711 INFO [http-nio-8080-exec-115] org.apache.catalina.core.StandardContext.reload Se ha completado la recarga de este Contexto
13-Oct-2024 17:40:55.780 INFO [http-nio-8080-exec-128] org.apache.catalina.core.StandardContext.reload Ha comenzado la recarga de Contexto [/proyecto_web_CRUD]
13-Oct-2024 17:40:55.814 INFO [http-nio-8080-exec-128] org.apache.catalina.core.StandardContext.reload Se ha completado la recarga de este Contexto
13-Oct-2024 17:42:06.635 INFO [http-nio-8080-exec-136] org.apache.catalina.core.StandardContext.reload Ha comenzado la recarga de Contexto [/proyecto_web_CRUD]
13-Oct-2024 17:42:06.668 INFO [http-nio-8080-exec-136] org.apache.catalina.core.StandardContext.reload Se ha completado la recarga de este Contexto
13-Oct-2024 17:42:06.731 INFO [http-nio-8080-exec-134] org.apache.catalina.core.StandardContext.reload Ha comenzado la recarga de Contexto [/proyecto_web_CRUD]
13-Oct-2024 17:42:06.765 INFO [http-nio-8080-exec-134] org.apache.catalina.core.StandardContext.reload Se ha completado la recarga de este Contexto
13-Oct-2024 17:54:07.977 INFO [http-nio-8080-exec-144] org.apache.catalina.core.StandardContext.reload Ha comenzado la recarga de Contexto [/proyecto_web_CRUD]
13-Oct-2024 17:54:08.015 INFO [http-nio-8080-exec-144] org.apache.catalina.core.StandardContext.reload Se ha completado la recarga de este Contexto
13-Oct-2024 17:54:08.079 INFO [http-nio-8080-exec-146] org.apache.catalina.core.StandardContext.reload Ha comenzado la recarga de Contexto [/proyecto_web_CRUD]
13-Oct-2024 17:54:08.113 INFO [http-nio-8080-exec-146] org.apache.catalina.core.StandardContext.reload Se ha completado la recarga de este Contexto
13-Oct-2024 18:00:14.081 INFO [http-nio-8080-exec-162] org.apache.catalina.core.StandardContext.reload Ha comenzado la recarga de Contexto [/proyecto_web_CRUD]
13-Oct-2024 18:00:14.115 INFO [http-nio-8080-exec-162] org.apache.catalina.core.StandardContext.reload Se ha completado la recarga de este Contexto
13-Oct-2024 18:00:14.180 INFO [http-nio-8080-exec-156] org.apache.catalina.core.StandardContext.reload Ha comenzado la recarga de Contexto [/proyecto_web_CRUD]
13-Oct-2024 18:00:14.214 INFO [http-nio-8080-exec-156] org.apache.catalina.core.StandardContext.reload Se ha completado la recarga de este Contexto
13-Oct-2024 18:08:36.594 INFO [http-nio-8080-exec-170] org.apache.catalina.core.StandardContext.reload Ha comenzado la recarga de Contexto [/proyecto_web_CRUD]
13-Oct-2024 18:08:36.630 INFO [http-nio-8080-exec-170] org.apache.catalina.core.StandardContext.reload Se ha completado la recarga de este Contexto
13-Oct-2024 18:08:36.693 INFO [http-nio-8080-exec-173] org.apache.catalina.core.StandardContext.reload Ha comenzado la recarga de Contexto [/proyecto_web_CRUD]
13-Oct-2024 18:08:36.726 INFO [http-nio-8080-exec-173] org.apache.catalina.core.StandardContext.reload Se ha completado la recarga de este Contexto
13-Oct-2024 19:05:53.732 INFO [http-nio-8080-exec-178] org.apache.catalina.core.StandardContext.reload Ha comenzado la recarga de Contexto [/proyecto_web_CRUD]
13-Oct-2024 19:05:53.813 INFO [http-nio-8080-exec-178] org.apache.catalina.core.StandardContext.reload Se ha completado la recarga de este Contexto
13-Oct-2024 19:13:16.461 INFO [http-nio-8080-exec-188] org.apache.catalina.core.StandardContext.reload Ha comenzado la recarga de Contexto [/proyecto_web_CRUD]
13-Oct-2024 19:13:16.836 INFO [http-nio-8080-exec-188] org.apache.jasper.servlet.TldScanner.scanJars Al menos un JAR, que se ha explorado buscando TLDs, aún no contenía TLDs. Activar historial de depuración para este historiador para una completa lista de los JARs que fueron explorados y de los que nos se halló TLDs. Saltarse JARs no necesarios durante la exploración puede dar lugar a una mejora de tiempo significativa en el arranque y compilación de JSP .
13-Oct-2024 19:13:16.839 INFO [http-nio-8080-exec-188] org.apache.catalina.core.StandardContext.reload Se ha completado la recarga de este Contexto
13-Oct-2024 19:13:17.855 INFO [http-nio-8080-exec-193] org.apache.catalina.core.StandardContext.reload Ha comenzado la recarga de Contexto [/proyecto_web_CRUD]
13-Oct-2024 19:13:17.869 WARNING [http-nio-8080-exec-193] org.apache.catalina.loader.WebappClassLoaderBase.clearReferencesThreads The web application [proyecto_web_CRUD] appears to have started a thread named [mysql-cj-abandoned-connection-cleanup] but has failed to stop it. This is very likely to create a memory leak. Stack trace of thread:
 java.base/jdk.internal.misc.Unsafe.park(Native Method)
 java.base/java.util.concurrent.locks.LockSupport.parkNanos(LockSupport.java:269)
 java.base/java.util.concurrent.locks.AbstractQueuedSynchronizer$ConditionObject.await(AbstractQueuedSynchronizer.java:1847)
 java.base/java.lang.ref.ReferenceQueue.await(ReferenceQueue.java:71)
 java.base/java.lang.ref.ReferenceQueue.remove0(ReferenceQueue.java:143)
 java.base/java.lang.ref.ReferenceQueue.remove(ReferenceQueue.java:218)
 com.mysql.cj.jdbc.AbandonedConnectionCleanupThread.run(AbandonedConnectionCleanupThread.java:84)
 java.base/java.util.concurrent.ThreadPoolExecutor.runWorker(ThreadPoolExecutor.java:1144)
 java.base/java.util.concurrent.ThreadPoolExecutor$Worker.run(ThreadPoolExecutor.java:642)
 java.base/java.lang.Thread.run(Thread.java:1570)
13-Oct-2024 19:13:18.173 INFO [http-nio-8080-exec-193] org.apache.jasper.servlet.TldScanner.scanJars Al menos un JAR, que se ha explorado buscando TLDs, aún no contenía TLDs. Activar historial de depuración para este historiador para una completa lista de los JARs que fueron explorados y de los que nos se halló TLDs. Saltarse JARs no necesarios durante la exploración puede dar lugar a una mejora de tiempo significativa en el arranque y compilación de JSP .
13-Oct-2024 19:13:18.175 INFO [http-nio-8080-exec-193] org.apache.catalina.core.StandardContext.reload Se ha completado la recarga de este Contexto
13-Oct-2024 19:13:22.871 INFO [mysql-cj-abandoned-connection-cleanup] org.apache.catalina.loader.WebappClassLoaderBase.checkStateForResourceLoading Acceso ilegal: esta instancia de aplicación web ya ha sido parada.  Could not load [].  La eventual traza de pila que sigue ha sido motivada por un error lanzado con motivos de depuración así como para intentar terminar el hilo que motivó el acceso ilegal y no tiene impacto funcional.
	java.lang.IllegalStateException: Acceso ilegal: esta instancia de aplicación web ya ha sido parada.  Could not load [].  La eventual traza de pila que sigue ha sido motivada por un error lanzado con motivos de depuración así como para intentar terminar el hilo que motivó el acceso ilegal y no tiene impacto funcional.
		at org.apache.catalina.loader.WebappClassLoaderBase.checkStateForResourceLoading(WebappClassLoaderBase.java:1328)
		at org.apache.catalina.loader.WebappClassLoaderBase.getResource(WebappClassLoaderBase.java:960)
		at com.mysql.cj.jdbc.AbandonedConnectionCleanupThread.checkThreadContextClassLoader(AbandonedConnectionCleanupThread.java:116)
		at com.mysql.cj.jdbc.AbandonedConnectionCleanupThread.run(AbandonedConnectionCleanupThread.java:83)
		at java.base/java.util.concurrent.ThreadPoolExecutor.runWorker(ThreadPoolExecutor.java:1144)
		at java.base/java.util.concurrent.ThreadPoolExecutor$Worker.run(ThreadPoolExecutor.java:642)
		at java.base/java.lang.Thread.run(Thread.java:1570)
13-Oct-2024 19:15:51.267 INFO [http-nio-8080-exec-190] org.apache.catalina.core.StandardContext.reload Ha comenzado la recarga de Contexto [/proyecto_web_CRUD]
13-Oct-2024 19:15:51.273 WARNING [http-nio-8080-exec-190] org.apache.catalina.loader.WebappClassLoaderBase.clearReferencesThreads The web application [proyecto_web_CRUD] appears to have started a thread named [mysql-cj-abandoned-connection-cleanup] but has failed to stop it. This is very likely to create a memory leak. Stack trace of thread:
13-Oct-2024 19:15:51.566 INFO [http-nio-8080-exec-190] org.apache.jasper.servlet.TldScanner.scanJars Al menos un JAR, que se ha explorado buscando TLDs, aún no contenía TLDs. Activar historial de depuración para este historiador para una completa lista de los JARs que fueron explorados y de los que nos se halló TLDs. Saltarse JARs no necesarios durante la exploración puede dar lugar a una mejora de tiempo significativa en el arranque y compilación de JSP .
13-Oct-2024 19:15:51.568 INFO [http-nio-8080-exec-190] org.apache.catalina.core.StandardContext.reload Se ha completado la recarga de este Contexto
13-Oct-2024 19:15:51.570 INFO [http-nio-8080-exec-191] org.apache.catalina.core.StandardContext.reload Ha comenzado la recarga de Contexto [/proyecto_web_CRUD]
13-Oct-2024 19:15:51.576 WARNING [http-nio-8080-exec-191] org.apache.catalina.loader.WebappClassLoaderBase.clearReferencesThreads The web application [proyecto_web_CRUD] appears to have started a thread named [mysql-cj-abandoned-connection-cleanup] but has failed to stop it. This is very likely to create a memory leak. Stack trace of thread:
13-Oct-2024 19:15:51.871 INFO [http-nio-8080-exec-191] org.apache.jasper.servlet.TldScanner.scanJars Al menos un JAR, que se ha explorado buscando TLDs, aún no contenía TLDs. Activar historial de depuración para este historiador para una completa lista de los JARs que fueron explorados y de los que nos se halló TLDs. Saltarse JARs no necesarios durante la exploración puede dar lugar a una mejora de tiempo significativa en el arranque y compilación de JSP .
13-Oct-2024 19:15:51.873 INFO [http-nio-8080-exec-191] org.apache.catalina.core.StandardContext.reload Se ha completado la recarga de este Contexto
13-Oct-2024 19:15:56.275 INFO [mysql-cj-abandoned-connection-cleanup] org.apache.catalina.loader.WebappClassLoaderBase.checkStateForResourceLoading Acceso ilegal: esta instancia de aplicación web ya ha sido parada.  Could not load [].  La eventual traza de pila que sigue ha sido motivada por un error lanzado con motivos de depuración así como para intentar terminar el hilo que motivó el acceso ilegal y no tiene impacto funcional.
	java.lang.IllegalStateException: Acceso ilegal: esta instancia de aplicación web ya ha sido parada.  Could not load [].  La eventual traza de pila que sigue ha sido motivada por un error lanzado con motivos de depuración así como para intentar terminar el hilo que motivó el acceso ilegal y no tiene impacto funcional.
		at org.apache.catalina.loader.WebappClassLoaderBase.checkStateForResourceLoading(WebappClassLoaderBase.java:1328)
		at org.apache.catalina.loader.WebappClassLoaderBase.getResource(WebappClassLoaderBase.java:960)
		at com.mysql.cj.jdbc.AbandonedConnectionCleanupThread.checkThreadContextClassLoader(AbandonedConnectionCleanupThread.java:116)
		at com.mysql.cj.jdbc.AbandonedConnectionCleanupThread.run(AbandonedConnectionCleanupThread.java:83)
		at java.base/java.util.concurrent.ThreadPoolExecutor.runWorker(ThreadPoolExecutor.java:1144)
		at java.base/java.util.concurrent.ThreadPoolExecutor$Worker.run(ThreadPoolExecutor.java:642)
		at java.base/java.lang.Thread.run(Thread.java:1570)
13-Oct-2024 19:15:56.578 INFO [mysql-cj-abandoned-connection-cleanup] org.apache.catalina.loader.WebappClassLoaderBase.checkStateForResourceLoading Acceso ilegal: esta instancia de aplicación web ya ha sido parada.  Could not load [].  La eventual traza de pila que sigue ha sido motivada por un error lanzado con motivos de depuración así como para intentar terminar el hilo que motivó el acceso ilegal y no tiene impacto funcional.
	java.lang.IllegalStateException: Acceso ilegal: esta instancia de aplicación web ya ha sido parada.  Could not load [].  La eventual traza de pila que sigue ha sido motivada por un error lanzado con motivos de depuración así como para intentar terminar el hilo que motivó el acceso ilegal y no tiene impacto funcional.
		at org.apache.catalina.loader.WebappClassLoaderBase.checkStateForResourceLoading(WebappClassLoaderBase.java:1328)
		at org.apache.catalina.loader.WebappClassLoaderBase.getResource(WebappClassLoaderBase.java:960)
		at com.mysql.cj.jdbc.AbandonedConnectionCleanupThread.checkThreadContextClassLoader(AbandonedConnectionCleanupThread.java:116)
		at com.mysql.cj.jdbc.AbandonedConnectionCleanupThread.run(AbandonedConnectionCleanupThread.java:83)
		at java.base/java.util.concurrent.ThreadPoolExecutor.runWorker(ThreadPoolExecutor.java:1144)
		at java.base/java.util.concurrent.ThreadPoolExecutor$Worker.run(ThreadPoolExecutor.java:642)
		at java.base/java.lang.Thread.run(Thread.java:1570)
13-Oct-2024 19:19:06.861 INFO [http-nio-8080-exec-200] org.apache.catalina.core.StandardContext.reload Ha comenzado la recarga de Contexto [/proyecto_web_CRUD]
13-Oct-2024 19:19:06.869 WARNING [http-nio-8080-exec-200] org.apache.catalina.loader.WebappClassLoaderBase.clearReferencesThreads The web application [proyecto_web_CRUD] appears to have started a thread named [mysql-cj-abandoned-connection-cleanup] but has failed to stop it. This is very likely to create a memory leak. Stack trace of thread:
13-Oct-2024 19:19:07.188 INFO [http-nio-8080-exec-200] org.apache.jasper.servlet.TldScanner.scanJars Al menos un JAR, que se ha explorado buscando TLDs, aún no contenía TLDs. Activar historial de depuración para este historiador para una completa lista de los JARs que fueron explorados y de los que nos se halló TLDs. Saltarse JARs no necesarios durante la exploración puede dar lugar a una mejora de tiempo significativa en el arranque y compilación de JSP .
13-Oct-2024 19:19:07.191 INFO [http-nio-8080-exec-200] org.apache.catalina.core.StandardContext.reload Se ha completado la recarga de este Contexto
13-Oct-2024 19:19:07.510 INFO [http-nio-8080-exec-201] org.apache.catalina.core.StandardContext.reload Ha comenzado la recarga de Contexto [/proyecto_web_CRUD]
13-Oct-2024 19:19:07.517 WARNING [http-nio-8080-exec-201] org.apache.catalina.loader.WebappClassLoaderBase.clearReferencesThreads The web application [proyecto_web_CRUD] appears to have started a thread named [mysql-cj-abandoned-connection-cleanup] but has failed to stop it. This is very likely to create a memory leak. Stack trace of thread:
13-Oct-2024 19:19:07.804 INFO [http-nio-8080-exec-201] org.apache.jasper.servlet.TldScanner.scanJars Al menos un JAR, que se ha explorado buscando TLDs, aún no contenía TLDs. Activar historial de depuración para este historiador para una completa lista de los JARs que fueron explorados y de los que nos se halló TLDs. Saltarse JARs no necesarios durante la exploración puede dar lugar a una mejora de tiempo significativa en el arranque y compilación de JSP .
13-Oct-2024 19:19:07.806 INFO [http-nio-8080-exec-201] org.apache.catalina.core.StandardContext.reload Se ha completado la recarga de este Contexto
13-Oct-2024 19:19:11.875 INFO [mysql-cj-abandoned-connection-cleanup] org.apache.catalina.loader.WebappClassLoaderBase.checkStateForResourceLoading Acceso ilegal: esta instancia de aplicación web ya ha sido parada.  Could not load [].  La eventual traza de pila que sigue ha sido motivada por un error lanzado con motivos de depuración así como para intentar terminar el hilo que motivó el acceso ilegal y no tiene impacto funcional.
	java.lang.IllegalStateException: Acceso ilegal: esta instancia de aplicación web ya ha sido parada.  Could not load [].  La eventual traza de pila que sigue ha sido motivada por un error lanzado con motivos de depuración así como para intentar terminar el hilo que motivó el acceso ilegal y no tiene impacto funcional.
		at org.apache.catalina.loader.WebappClassLoaderBase.checkStateForResourceLoading(WebappClassLoaderBase.java:1328)
		at org.apache.catalina.loader.WebappClassLoaderBase.getResource(WebappClassLoaderBase.java:960)
		at com.mysql.cj.jdbc.AbandonedConnectionCleanupThread.checkThreadContextClassLoader(AbandonedConnectionCleanupThread.java:116)
		at com.mysql.cj.jdbc.AbandonedConnectionCleanupThread.run(AbandonedConnectionCleanupThread.java:83)
		at java.base/java.util.concurrent.ThreadPoolExecutor.runWorker(ThreadPoolExecutor.java:1144)
		at java.base/java.util.concurrent.ThreadPoolExecutor$Worker.run(ThreadPoolExecutor.java:642)
		at java.base/java.lang.Thread.run(Thread.java:1570)
13-Oct-2024 19:19:12.521 INFO [mysql-cj-abandoned-connection-cleanup] org.apache.catalina.loader.WebappClassLoaderBase.checkStateForResourceLoading Acceso ilegal: esta instancia de aplicación web ya ha sido parada.  Could not load [].  La eventual traza de pila que sigue ha sido motivada por un error lanzado con motivos de depuración así como para intentar terminar el hilo que motivó el acceso ilegal y no tiene impacto funcional.
	java.lang.IllegalStateException: Acceso ilegal: esta instancia de aplicación web ya ha sido parada.  Could not load [].  La eventual traza de pila que sigue ha sido motivada por un error lanzado con motivos de depuración así como para intentar terminar el hilo que motivó el acceso ilegal y no tiene impacto funcional.
		at org.apache.catalina.loader.WebappClassLoaderBase.checkStateForResourceLoading(WebappClassLoaderBase.java:1328)
		at org.apache.catalina.loader.WebappClassLoaderBase.getResource(WebappClassLoaderBase.java:960)
		at com.mysql.cj.jdbc.AbandonedConnectionCleanupThread.checkThreadContextClassLoader(AbandonedConnectionCleanupThread.java:116)
		at com.mysql.cj.jdbc.AbandonedConnectionCleanupThread.run(AbandonedConnectionCleanupThread.java:83)
		at java.base/java.util.concurrent.ThreadPoolExecutor.runWorker(ThreadPoolExecutor.java:1144)
		at java.base/java.util.concurrent.ThreadPoolExecutor$Worker.run(ThreadPoolExecutor.java:642)
		at java.base/java.lang.Thread.run(Thread.java:1570)
13-Oct-2024 19:19:20.187 INFO [http-nio-8080-exec-203] org.apache.catalina.core.StandardContext.reload Ha comenzado la recarga de Contexto [/proyecto_web_CRUD]
13-Oct-2024 19:19:20.194 WARNING [http-nio-8080-exec-203] org.apache.catalina.loader.WebappClassLoaderBase.clearReferencesThreads The web application [proyecto_web_CRUD] appears to have started a thread named [mysql-cj-abandoned-connection-cleanup] but has failed to stop it. This is very likely to create a memory leak. Stack trace of thread:
 com.mysql.cj.jdbc.AbandonedConnectionCleanupThread.run(AbandonedConnectionCleanupThread.java:83)
 java.base/java.util.concurrent.ThreadPoolExecutor.runWorker(ThreadPoolExecutor.java:1144)
 java.base/java.util.concurrent.ThreadPoolExecutor$Worker.run(ThreadPoolExecutor.java:642)
 java.base/java.lang.Thread.run(Thread.java:1570)
13-Oct-2024 19:19:20.478 INFO [http-nio-8080-exec-203] org.apache.jasper.servlet.TldScanner.scanJars Al menos un JAR, que se ha explorado buscando TLDs, aún no contenía TLDs. Activar historial de depuración para este historiador para una completa lista de los JARs que fueron explorados y de los que nos se halló TLDs. Saltarse JARs no necesarios durante la exploración puede dar lugar a una mejora de tiempo significativa en el arranque y compilación de JSP .
13-Oct-2024 19:19:20.480 INFO [http-nio-8080-exec-203] org.apache.catalina.core.StandardContext.reload Se ha completado la recarga de este Contexto
13-Oct-2024 19:19:21.205 INFO [http-nio-8080-exec-206] org.apache.catalina.core.StandardContext.reload Ha comenzado la recarga de Contexto [/proyecto_web_CRUD]
13-Oct-2024 19:19:21.212 WARNING [http-nio-8080-exec-206] org.apache.catalina.loader.WebappClassLoaderBase.clearReferencesThreads The web application [proyecto_web_CRUD] appears to have started a thread named [mysql-cj-abandoned-connection-cleanup] but has failed to stop it. This is very likely to create a memory leak. Stack trace of thread:
 java.base/java.util.concurrent.ThreadPoolExecutor.runWorker(ThreadPoolExecutor.java:1131)
 java.base/java.util.concurrent.ThreadPoolExecutor$Worker.run(ThreadPoolExecutor.java:642)
 java.base/java.lang.Thread.run(Thread.java:1570)
13-Oct-2024 19:19:21.484 INFO [http-nio-8080-exec-206] org.apache.jasper.servlet.TldScanner.scanJars Al menos un JAR, que se ha explorado buscando TLDs, aún no contenía TLDs. Activar historial de depuración para este historiador para una completa lista de los JARs que fueron explorados y de los que nos se halló TLDs. Saltarse JARs no necesarios durante la exploración puede dar lugar a una mejora de tiempo significativa en el arranque y compilación de JSP .
13-Oct-2024 19:19:21.486 INFO [http-nio-8080-exec-206] org.apache.catalina.core.StandardContext.reload Se ha completado la recarga de este Contexto
13-Oct-2024 19:19:25.204 INFO [mysql-cj-abandoned-connection-cleanup] org.apache.catalina.loader.WebappClassLoaderBase.checkStateForResourceLoading Acceso ilegal: esta instancia de aplicación web ya ha sido parada.  Could not load [].  La eventual traza de pila que sigue ha sido motivada por un error lanzado con motivos de depuración así como para intentar terminar el hilo que motivó el acceso ilegal y no tiene impacto funcional.
	java.lang.IllegalStateException: Acceso ilegal: esta instancia de aplicación web ya ha sido parada.  Could not load [].  La eventual traza de pila que sigue ha sido motivada por un error lanzado con motivos de depuración así como para intentar terminar el hilo que motivó el acceso ilegal y no tiene impacto funcional.
		at org.apache.catalina.loader.WebappClassLoaderBase.checkStateForResourceLoading(WebappClassLoaderBase.java:1328)
		at org.apache.catalina.loader.WebappClassLoaderBase.getResource(WebappClassLoaderBase.java:960)
		at com.mysql.cj.jdbc.AbandonedConnectionCleanupThread.checkThreadContextClassLoader(AbandonedConnectionCleanupThread.java:116)
		at com.mysql.cj.jdbc.AbandonedConnectionCleanupThread.run(AbandonedConnectionCleanupThread.java:83)
		at java.base/java.util.concurrent.ThreadPoolExecutor.runWorker(ThreadPoolExecutor.java:1144)
		at java.base/java.util.concurrent.ThreadPoolExecutor$Worker.run(ThreadPoolExecutor.java:642)
		at java.base/java.lang.Thread.run(Thread.java:1570)
13-Oct-2024 19:19:26.216 INFO [mysql-cj-abandoned-connection-cleanup] org.apache.catalina.loader.WebappClassLoaderBase.checkStateForResourceLoading Acceso ilegal: esta instancia de aplicación web ya ha sido parada.  Could not load [].  La eventual traza de pila que sigue ha sido motivada por un error lanzado con motivos de depuración así como para intentar terminar el hilo que motivó el acceso ilegal y no tiene impacto funcional.
	java.lang.IllegalStateException: Acceso ilegal: esta instancia de aplicación web ya ha sido parada.  Could not load [].  La eventual traza de pila que sigue ha sido motivada por un error lanzado con motivos de depuración así como para intentar terminar el hilo que motivó el acceso ilegal y no tiene impacto funcional.
		at org.apache.catalina.loader.WebappClassLoaderBase.checkStateForResourceLoading(WebappClassLoaderBase.java:1328)
		at org.apache.catalina.loader.WebappClassLoaderBase.getResource(WebappClassLoaderBase.java:960)
		at com.mysql.cj.jdbc.AbandonedConnectionCleanupThread.checkThreadContextClassLoader(AbandonedConnectionCleanupThread.java:116)
		at com.mysql.cj.jdbc.AbandonedConnectionCleanupThread.run(AbandonedConnectionCleanupThread.java:83)
		at java.base/java.util.concurrent.ThreadPoolExecutor.runWorker(ThreadPoolExecutor.java:1144)
		at java.base/java.util.concurrent.ThreadPoolExecutor$Worker.run(ThreadPoolExecutor.java:642)
		at java.base/java.lang.Thread.run(Thread.java:1570)
13-Oct-2024 19:23:01.655 INFO [http-nio-8080-exec-214] org.apache.catalina.core.StandardContext.reload Ha comenzado la recarga de Contexto [/proyecto_web_CRUD]
13-Oct-2024 19:23:01.664 WARNING [http-nio-8080-exec-214] org.apache.catalina.loader.WebappClassLoaderBase.clearReferencesThreads The web application [proyecto_web_CRUD] appears to have started a thread named [mysql-cj-abandoned-connection-cleanup] but has failed to stop it. This is very likely to create a memory leak. Stack trace of thread:
 com.mysql.cj.jdbc.AbandonedConnectionCleanupThread.run(AbandonedConnectionCleanupThread.java:83)
 java.base/java.util.concurrent.ThreadPoolExecutor.runWorker(ThreadPoolExecutor.java:1144)
 java.base/java.util.concurrent.ThreadPoolExecutor$Worker.run(ThreadPoolExecutor.java:642)
 java.base/java.lang.Thread.run(Thread.java:1570)
13-Oct-2024 19:23:01.973 INFO [http-nio-8080-exec-214] org.apache.jasper.servlet.TldScanner.scanJars Al menos un JAR, que se ha explorado buscando TLDs, aún no contenía TLDs. Activar historial de depuración para este historiador para una completa lista de los JARs que fueron explorados y de los que nos se halló TLDs. Saltarse JARs no necesarios durante la exploración puede dar lugar a una mejora de tiempo significativa en el arranque y compilación de JSP .
13-Oct-2024 19:23:01.975 INFO [http-nio-8080-exec-214] org.apache.catalina.core.StandardContext.reload Se ha completado la recarga de este Contexto
13-Oct-2024 19:23:05.394 INFO [http-nio-8080-exec-202] org.apache.catalina.core.StandardContext.reload Ha comenzado la recarga de Contexto [/proyecto_web_CRUD]
13-Oct-2024 19:23:05.401 WARNING [http-nio-8080-exec-202] org.apache.catalina.loader.WebappClassLoaderBase.clearReferencesThreads The web application [proyecto_web_CRUD] appears to have started a thread named [mysql-cj-abandoned-connection-cleanup] but has failed to stop it. This is very likely to create a memory leak. Stack trace of thread:
13-Oct-2024 19:23:05.673 INFO [http-nio-8080-exec-202] org.apache.jasper.servlet.TldScanner.scanJars Al menos un JAR, que se ha explorado buscando TLDs, aún no contenía TLDs. Activar historial de depuración para este historiador para una completa lista de los JARs que fueron explorados y de los que nos se halló TLDs. Saltarse JARs no necesarios durante la exploración puede dar lugar a una mejora de tiempo significativa en el arranque y compilación de JSP .
13-Oct-2024 19:23:05.675 INFO [http-nio-8080-exec-202] org.apache.catalina.core.StandardContext.reload Se ha completado la recarga de este Contexto
13-Oct-2024 19:23:06.676 INFO [mysql-cj-abandoned-connection-cleanup] org.apache.catalina.loader.WebappClassLoaderBase.checkStateForResourceLoading Acceso ilegal: esta instancia de aplicación web ya ha sido parada.  Could not load [].  La eventual traza de pila que sigue ha sido motivada por un error lanzado con motivos de depuración así como para intentar terminar el hilo que motivó el acceso ilegal y no tiene impacto funcional.
	java.lang.IllegalStateException: Acceso ilegal: esta instancia de aplicación web ya ha sido parada.  Could not load [].  La eventual traza de pila que sigue ha sido motivada por un error lanzado con motivos de depuración así como para intentar terminar el hilo que motivó el acceso ilegal y no tiene impacto funcional.
		at org.apache.catalina.loader.WebappClassLoaderBase.checkStateForResourceLoading(WebappClassLoaderBase.java:1328)
		at org.apache.catalina.loader.WebappClassLoaderBase.getResource(WebappClassLoaderBase.java:960)
		at com.mysql.cj.jdbc.AbandonedConnectionCleanupThread.checkThreadContextClassLoader(AbandonedConnectionCleanupThread.java:116)
		at com.mysql.cj.jdbc.AbandonedConnectionCleanupThread.run(AbandonedConnectionCleanupThread.java:83)
		at java.base/java.util.concurrent.ThreadPoolExecutor.runWorker(ThreadPoolExecutor.java:1144)
		at java.base/java.util.concurrent.ThreadPoolExecutor$Worker.run(ThreadPoolExecutor.java:642)
		at java.base/java.lang.Thread.run(Thread.java:1570)
13-Oct-2024 19:23:10.414 INFO [mysql-cj-abandoned-connection-cleanup] org.apache.catalina.loader.WebappClassLoaderBase.checkStateForResourceLoading Acceso ilegal: esta instancia de aplicación web ya ha sido parada.  Could not load [].  La eventual traza de pila que sigue ha sido motivada por un error lanzado con motivos de depuración así como para intentar terminar el hilo que motivó el acceso ilegal y no tiene impacto funcional.
	java.lang.IllegalStateException: Acceso ilegal: esta instancia de aplicación web ya ha sido parada.  Could not load [].  La eventual traza de pila que sigue ha sido motivada por un error lanzado con motivos de depuración así como para intentar terminar el hilo que motivó el acceso ilegal y no tiene impacto funcional.
		at org.apache.catalina.loader.WebappClassLoaderBase.checkStateForResourceLoading(WebappClassLoaderBase.java:1328)
		at org.apache.catalina.loader.WebappClassLoaderBase.getResource(WebappClassLoaderBase.java:960)
		at com.mysql.cj.jdbc.AbandonedConnectionCleanupThread.checkThreadContextClassLoader(AbandonedConnectionCleanupThread.java:116)
		at com.mysql.cj.jdbc.AbandonedConnectionCleanupThread.run(AbandonedConnectionCleanupThread.java:83)
		at java.base/java.util.concurrent.ThreadPoolExecutor.runWorker(ThreadPoolExecutor.java:1144)
		at java.base/java.util.concurrent.ThreadPoolExecutor$Worker.run(ThreadPoolExecutor.java:642)
		at java.base/java.lang.Thread.run(Thread.java:1570)
13-Oct-2024 19:28:24.319 INFO [http-nio-8080-exec-219] org.apache.catalina.core.StandardContext.reload Ha comenzado la recarga de Contexto [/proyecto_web_CRUD]
13-Oct-2024 19:28:24.326 WARNING [http-nio-8080-exec-219] org.apache.catalina.loader.WebappClassLoaderBase.clearReferencesThreads The web application [proyecto_web_CRUD] appears to have started a thread named [mysql-cj-abandoned-connection-cleanup] but has failed to stop it. This is very likely to create a memory leak. Stack trace of thread:
 com.mysql.cj.jdbc.AbandonedConnectionCleanupThread.checkThreadContextClassLoader(AbandonedConnectionCleanupThread.java:116)
 com.mysql.cj.jdbc.AbandonedConnectionCleanupThread.run(AbandonedConnectionCleanupThread.java:83)
 java.base/java.util.concurrent.ThreadPoolExecutor.runWorker(ThreadPoolExecutor.java:1144)
 java.base/java.util.concurrent.ThreadPoolExecutor$Worker.run(ThreadPoolExecutor.java:642)
 java.base/java.lang.Thread.run(Thread.java:1570)
13-Oct-2024 19:28:24.656 INFO [http-nio-8080-exec-219] org.apache.jasper.servlet.TldScanner.scanJars Al menos un JAR, que se ha explorado buscando TLDs, aún no contenía TLDs. Activar historial de depuración para este historiador para una completa lista de los JARs que fueron explorados y de los que nos se halló TLDs. Saltarse JARs no necesarios durante la exploración puede dar lugar a una mejora de tiempo significativa en el arranque y compilación de JSP .
13-Oct-2024 19:28:24.658 INFO [http-nio-8080-exec-219] org.apache.catalina.core.StandardContext.reload Se ha completado la recarga de este Contexto
13-Oct-2024 19:28:24.661 INFO [http-nio-8080-exec-218] org.apache.catalina.core.StandardContext.reload Ha comenzado la recarga de Contexto [/proyecto_web_CRUD]
13-Oct-2024 19:28:24.670 WARNING [http-nio-8080-exec-218] org.apache.catalina.loader.WebappClassLoaderBase.clearReferencesThreads The web application [proyecto_web_CRUD] appears to have started a thread named [mysql-cj-abandoned-connection-cleanup] but has failed to stop it. This is very likely to create a memory leak. Stack trace of thread:
 com.mysql.cj.jdbc.AbandonedConnectionCleanupThread.checkThreadContextClassLoader(AbandonedConnectionCleanupThread.java:116)
 com.mysql.cj.jdbc.AbandonedConnectionCleanupThread.run(AbandonedConnectionCleanupThread.java:83)
 java.base/java.util.concurrent.ThreadPoolExecutor.runWorker(ThreadPoolExecutor.java:1144)
 java.base/java.util.concurrent.ThreadPoolExecutor$Worker.run(ThreadPoolExecutor.java:642)
 java.base/java.lang.Thread.run(Thread.java:1570)
13-Oct-2024 19:28:24.955 INFO [http-nio-8080-exec-218] org.apache.jasper.servlet.TldScanner.scanJars Al menos un JAR, que se ha explorado buscando TLDs, aún no contenía TLDs. Activar historial de depuración para este historiador para una completa lista de los JARs que fueron explorados y de los que nos se halló TLDs. Saltarse JARs no necesarios durante la exploración puede dar lugar a una mejora de tiempo significativa en el arranque y compilación de JSP .
13-Oct-2024 19:28:24.958 INFO [http-nio-8080-exec-218] org.apache.catalina.core.StandardContext.reload Se ha completado la recarga de este Contexto
13-Oct-2024 19:28:29.336 INFO [mysql-cj-abandoned-connection-cleanup] org.apache.catalina.loader.WebappClassLoaderBase.checkStateForResourceLoading Acceso ilegal: esta instancia de aplicación web ya ha sido parada.  Could not load [].  La eventual traza de pila que sigue ha sido motivada por un error lanzado con motivos de depuración así como para intentar terminar el hilo que motivó el acceso ilegal y no tiene impacto funcional.
	java.lang.IllegalStateException: Acceso ilegal: esta instancia de aplicación web ya ha sido parada.  Could not load [].  La eventual traza de pila que sigue ha sido motivada por un error lanzado con motivos de depuración así como para intentar terminar el hilo que motivó el acceso ilegal y no tiene impacto funcional.
		at org.apache.catalina.loader.WebappClassLoaderBase.checkStateForResourceLoading(WebappClassLoaderBase.java:1328)
		at org.apache.catalina.loader.WebappClassLoaderBase.getResource(WebappClassLoaderBase.java:960)
		at com.mysql.cj.jdbc.AbandonedConnectionCleanupThread.checkThreadContextClassLoader(AbandonedConnectionCleanupThread.java:116)
		at com.mysql.cj.jdbc.AbandonedConnectionCleanupThread.run(AbandonedConnectionCleanupThread.java:83)
		at java.base/java.util.concurrent.ThreadPoolExecutor.runWorker(ThreadPoolExecutor.java:1144)
		at java.base/java.util.concurrent.ThreadPoolExecutor$Worker.run(ThreadPoolExecutor.java:642)
		at java.base/java.lang.Thread.run(Thread.java:1570)
13-Oct-2024 19:28:29.686 INFO [mysql-cj-abandoned-connection-cleanup] org.apache.catalina.loader.WebappClassLoaderBase.checkStateForResourceLoading Acceso ilegal: esta instancia de aplicación web ya ha sido parada.  Could not load [].  La eventual traza de pila que sigue ha sido motivada por un error lanzado con motivos de depuración así como para intentar terminar el hilo que motivó el acceso ilegal y no tiene impacto funcional.
	java.lang.IllegalStateException: Acceso ilegal: esta instancia de aplicación web ya ha sido parada.  Could not load [].  La eventual traza de pila que sigue ha sido motivada por un error lanzado con motivos de depuración así como para intentar terminar el hilo que motivó el acceso ilegal y no tiene impacto funcional.
		at org.apache.catalina.loader.WebappClassLoaderBase.checkStateForResourceLoading(WebappClassLoaderBase.java:1328)
		at org.apache.catalina.loader.WebappClassLoaderBase.getResource(WebappClassLoaderBase.java:960)
		at com.mysql.cj.jdbc.AbandonedConnectionCleanupThread.checkThreadContextClassLoader(AbandonedConnectionCleanupThread.java:116)
		at com.mysql.cj.jdbc.AbandonedConnectionCleanupThread.run(AbandonedConnectionCleanupThread.java:83)
		at java.base/java.util.concurrent.ThreadPoolExecutor.runWorker(ThreadPoolExecutor.java:1144)
		at java.base/java.util.concurrent.ThreadPoolExecutor$Worker.run(ThreadPoolExecutor.java:642)
		at java.base/java.lang.Thread.run(Thread.java:1570)
13-Oct-2024 19:45:15.907 INFO [http-nio-8080-exec-229] org.apache.catalina.core.StandardContext.reload Ha comenzado la recarga de Contexto [/proyecto_web_CRUD]
13-Oct-2024 19:45:15.910 WARNING [http-nio-8080-exec-229] org.apache.catalina.loader.WebappClassLoaderBase.clearReferencesJdbc La aplicación web [proyecto_web_CRUD] registró el conductor JDBC [com.mysql.cj.jdbc.Driver] pero falló al anular el registro mientras la aplicación web estaba parada. Para prevenir un fallo de memoria, se ha anulado el registro del conductor JDBC por la fuerza.
13-Oct-2024 19:45:15.910 WARNING [http-nio-8080-exec-229] org.apache.catalina.loader.WebappClassLoaderBase.clearReferencesThreads The web application [proyecto_web_CRUD] appears to have started a thread named [mysql-cj-abandoned-connection-cleanup] but has failed to stop it. This is very likely to create a memory leak. Stack trace of thread:
 java.base/jdk.internal.misc.Unsafe.park(Native Method)
 java.base/java.util.concurrent.locks.LockSupport.parkNanos(LockSupport.java:269)
 java.base/java.util.concurrent.locks.AbstractQueuedSynchronizer$ConditionObject.await(AbstractQueuedSynchronizer.java:1847)
 java.base/java.lang.ref.ReferenceQueue.await(ReferenceQueue.java:71)
 java.base/java.lang.ref.ReferenceQueue.remove0(ReferenceQueue.java:143)
 java.base/java.lang.ref.ReferenceQueue.remove(ReferenceQueue.java:218)
 com.mysql.cj.jdbc.AbandonedConnectionCleanupThread.run(AbandonedConnectionCleanupThread.java:84)
 java.base/java.util.concurrent.ThreadPoolExecutor.runWorker(ThreadPoolExecutor.java:1144)
 java.base/java.util.concurrent.ThreadPoolExecutor$Worker.run(ThreadPoolExecutor.java:642)
 java.base/java.lang.Thread.run(Thread.java:1570)
13-Oct-2024 19:45:16.179 INFO [http-nio-8080-exec-229] org.apache.jasper.servlet.TldScanner.scanJars Al menos un JAR, que se ha explorado buscando TLDs, aún no contenía TLDs. Activar historial de depuración para este historiador para una completa lista de los JARs que fueron explorados y de los que nos se halló TLDs. Saltarse JARs no necesarios durante la exploración puede dar lugar a una mejora de tiempo significativa en el arranque y compilación de JSP .
13-Oct-2024 19:45:16.182 INFO [http-nio-8080-exec-229] org.apache.catalina.core.StandardContext.reload Se ha completado la recarga de este Contexto
13-Oct-2024 19:45:18.168 INFO [mysql-cj-abandoned-connection-cleanup] org.apache.catalina.loader.WebappClassLoaderBase.checkStateForResourceLoading Acceso ilegal: esta instancia de aplicación web ya ha sido parada.  Could not load [].  La eventual traza de pila que sigue ha sido motivada por un error lanzado con motivos de depuración así como para intentar terminar el hilo que motivó el acceso ilegal y no tiene impacto funcional.
	java.lang.IllegalStateException: Acceso ilegal: esta instancia de aplicación web ya ha sido parada.  Could not load [].  La eventual traza de pila que sigue ha sido motivada por un error lanzado con motivos de depuración así como para intentar terminar el hilo que motivó el acceso ilegal y no tiene impacto funcional.
		at org.apache.catalina.loader.WebappClassLoaderBase.checkStateForResourceLoading(WebappClassLoaderBase.java:1328)
		at org.apache.catalina.loader.WebappClassLoaderBase.getResource(WebappClassLoaderBase.java:960)
		at com.mysql.cj.jdbc.AbandonedConnectionCleanupThread.checkThreadContextClassLoader(AbandonedConnectionCleanupThread.java:116)
		at com.mysql.cj.jdbc.AbandonedConnectionCleanupThread.run(AbandonedConnectionCleanupThread.java:83)
		at java.base/java.util.concurrent.ThreadPoolExecutor.runWorker(ThreadPoolExecutor.java:1144)
		at java.base/java.util.concurrent.ThreadPoolExecutor$Worker.run(ThreadPoolExecutor.java:642)
		at java.base/java.lang.Thread.run(Thread.java:1570)
13-Oct-2024 19:45:30.579 INFO [http-nio-8080-exec-230] org.apache.catalina.core.StandardContext.reload Ha comenzado la recarga de Contexto [/proyecto_web_CRUD]
13-Oct-2024 19:45:30.591 WARNING [http-nio-8080-exec-230] org.apache.catalina.loader.WebappClassLoaderBase.clearReferencesThreads The web application [proyecto_web_CRUD] appears to have started a thread named [mysql-cj-abandoned-connection-cleanup] but has failed to stop it. This is very likely to create a memory leak. Stack trace of thread:
13-Oct-2024 19:45:30.896 INFO [http-nio-8080-exec-230] org.apache.jasper.servlet.TldScanner.scanJars Al menos un JAR, que se ha explorado buscando TLDs, aún no contenía TLDs. Activar historial de depuración para este historiador para una completa lista de los JARs que fueron explorados y de los que nos se halló TLDs. Saltarse JARs no necesarios durante la exploración puede dar lugar a una mejora de tiempo significativa en el arranque y compilación de JSP .
13-Oct-2024 19:45:30.898 INFO [http-nio-8080-exec-230] org.apache.catalina.core.StandardContext.reload Se ha completado la recarga de este Contexto
13-Oct-2024 19:45:31.218 INFO [http-nio-8080-exec-222] org.apache.catalina.core.StandardContext.reload Ha comenzado la recarga de Contexto [/proyecto_web_CRUD]
13-Oct-2024 19:45:31.224 WARNING [http-nio-8080-exec-222] org.apache.catalina.loader.WebappClassLoaderBase.clearReferencesThreads The web application [proyecto_web_CRUD] appears to have started a thread named [mysql-cj-abandoned-connection-cleanup] but has failed to stop it. This is very likely to create a memory leak. Stack trace of thread:
13-Oct-2024 19:45:31.512 INFO [http-nio-8080-exec-222] org.apache.jasper.servlet.TldScanner.scanJars Al menos un JAR, que se ha explorado buscando TLDs, aún no contenía TLDs. Activar historial de depuración para este historiador para una completa lista de los JARs que fueron explorados y de los que nos se halló TLDs. Saltarse JARs no necesarios durante la exploración puede dar lugar a una mejora de tiempo significativa en el arranque y compilación de JSP .
13-Oct-2024 19:45:31.515 INFO [http-nio-8080-exec-222] org.apache.catalina.core.StandardContext.reload Se ha completado la recarga de este Contexto
13-Oct-2024 19:45:35.595 INFO [mysql-cj-abandoned-connection-cleanup] org.apache.catalina.loader.WebappClassLoaderBase.checkStateForResourceLoading Acceso ilegal: esta instancia de aplicación web ya ha sido parada.  Could not load [].  La eventual traza de pila que sigue ha sido motivada por un error lanzado con motivos de depuración así como para intentar terminar el hilo que motivó el acceso ilegal y no tiene impacto funcional.
	java.lang.IllegalStateException: Acceso ilegal: esta instancia de aplicación web ya ha sido parada.  Could not load [].  La eventual traza de pila que sigue ha sido motivada por un error lanzado con motivos de depuración así como para intentar terminar el hilo que motivó el acceso ilegal y no tiene impacto funcional.
		at org.apache.catalina.loader.WebappClassLoaderBase.checkStateForResourceLoading(WebappClassLoaderBase.java:1328)
		at org.apache.catalina.loader.WebappClassLoaderBase.getResource(WebappClassLoaderBase.java:960)
		at com.mysql.cj.jdbc.AbandonedConnectionCleanupThread.checkThreadContextClassLoader(AbandonedConnectionCleanupThread.java:116)
		at com.mysql.cj.jdbc.AbandonedConnectionCleanupThread.run(AbandonedConnectionCleanupThread.java:83)
		at java.base/java.util.concurrent.ThreadPoolExecutor.runWorker(ThreadPoolExecutor.java:1144)
		at java.base/java.util.concurrent.ThreadPoolExecutor$Worker.run(ThreadPoolExecutor.java:642)
		at java.base/java.lang.Thread.run(Thread.java:1570)
13-Oct-2024 19:45:36.229 INFO [mysql-cj-abandoned-connection-cleanup] org.apache.catalina.loader.WebappClassLoaderBase.checkStateForResourceLoading Acceso ilegal: esta instancia de aplicación web ya ha sido parada.  Could not load [].  La eventual traza de pila que sigue ha sido motivada por un error lanzado con motivos de depuración así como para intentar terminar el hilo que motivó el acceso ilegal y no tiene impacto funcional.
	java.lang.IllegalStateException: Acceso ilegal: esta instancia de aplicación web ya ha sido parada.  Could not load [].  La eventual traza de pila que sigue ha sido motivada por un error lanzado con motivos de depuración así como para intentar terminar el hilo que motivó el acceso ilegal y no tiene impacto funcional.
		at org.apache.catalina.loader.WebappClassLoaderBase.checkStateForResourceLoading(WebappClassLoaderBase.java:1328)
		at org.apache.catalina.loader.WebappClassLoaderBase.getResource(WebappClassLoaderBase.java:960)
		at com.mysql.cj.jdbc.AbandonedConnectionCleanupThread.checkThreadContextClassLoader(AbandonedConnectionCleanupThread.java:116)
		at com.mysql.cj.jdbc.AbandonedConnectionCleanupThread.run(AbandonedConnectionCleanupThread.java:83)
		at java.base/java.util.concurrent.ThreadPoolExecutor.runWorker(ThreadPoolExecutor.java:1144)
		at java.base/java.util.concurrent.ThreadPoolExecutor$Worker.run(ThreadPoolExecutor.java:642)
		at java.base/java.lang.Thread.run(Thread.java:1570)
13-Oct-2024 19:48:58.816 INFO [http-nio-8080-exec-222] org.apache.catalina.core.StandardContext.reload Ha comenzado la recarga de Contexto [/proyecto_web_CRUD]
13-Oct-2024 19:48:58.823 WARNING [http-nio-8080-exec-222] org.apache.catalina.loader.WebappClassLoaderBase.clearReferencesThreads The web application [proyecto_web_CRUD] appears to have started a thread named [mysql-cj-abandoned-connection-cleanup] but has failed to stop it. This is very likely to create a memory leak. Stack trace of thread:
13-Oct-2024 19:48:59.094 INFO [http-nio-8080-exec-222] org.apache.jasper.servlet.TldScanner.scanJars Al menos un JAR, que se ha explorado buscando TLDs, aún no contenía TLDs. Activar historial de depuración para este historiador para una completa lista de los JARs que fueron explorados y de los que nos se halló TLDs. Saltarse JARs no necesarios durante la exploración puede dar lugar a una mejora de tiempo significativa en el arranque y compilación de JSP .
13-Oct-2024 19:48:59.097 INFO [http-nio-8080-exec-222] org.apache.catalina.core.StandardContext.reload Se ha completado la recarga de este Contexto
13-Oct-2024 19:49:03.829 INFO [mysql-cj-abandoned-connection-cleanup] org.apache.catalina.loader.WebappClassLoaderBase.checkStateForResourceLoading Acceso ilegal: esta instancia de aplicación web ya ha sido parada.  Could not load [].  La eventual traza de pila que sigue ha sido motivada por un error lanzado con motivos de depuración así como para intentar terminar el hilo que motivó el acceso ilegal y no tiene impacto funcional.
	java.lang.IllegalStateException: Acceso ilegal: esta instancia de aplicación web ya ha sido parada.  Could not load [].  La eventual traza de pila que sigue ha sido motivada por un error lanzado con motivos de depuración así como para intentar terminar el hilo que motivó el acceso ilegal y no tiene impacto funcional.
		at org.apache.catalina.loader.WebappClassLoaderBase.checkStateForResourceLoading(WebappClassLoaderBase.java:1328)
		at org.apache.catalina.loader.WebappClassLoaderBase.getResource(WebappClassLoaderBase.java:960)
		at com.mysql.cj.jdbc.AbandonedConnectionCleanupThread.checkThreadContextClassLoader(AbandonedConnectionCleanupThread.java:116)
		at com.mysql.cj.jdbc.AbandonedConnectionCleanupThread.run(AbandonedConnectionCleanupThread.java:83)
		at java.base/java.util.concurrent.ThreadPoolExecutor.runWorker(ThreadPoolExecutor.java:1144)
		at java.base/java.util.concurrent.ThreadPoolExecutor$Worker.run(ThreadPoolExecutor.java:642)
		at java.base/java.lang.Thread.run(Thread.java:1570)
13-Oct-2024 19:49:08.055 INFO [http-nio-8080-exec-235] org.apache.catalina.core.StandardContext.reload Ha comenzado la recarga de Contexto [/proyecto_web_CRUD]
13-Oct-2024 19:49:08.061 WARNING [http-nio-8080-exec-235] org.apache.catalina.loader.WebappClassLoaderBase.clearReferencesThreads The web application [proyecto_web_CRUD] appears to have started a thread named [mysql-cj-abandoned-connection-cleanup] but has failed to stop it. This is very likely to create a memory leak. Stack trace of thread:
13-Oct-2024 19:49:08.340 INFO [http-nio-8080-exec-235] org.apache.jasper.servlet.TldScanner.scanJars Al menos un JAR, que se ha explorado buscando TLDs, aún no contenía TLDs. Activar historial de depuración para este historiador para una completa lista de los JARs que fueron explorados y de los que nos se halló TLDs. Saltarse JARs no necesarios durante la exploración puede dar lugar a una mejora de tiempo significativa en el arranque y compilación de JSP .
13-Oct-2024 19:49:08.342 INFO [http-nio-8080-exec-235] org.apache.catalina.core.StandardContext.reload Se ha completado la recarga de este Contexto
13-Oct-2024 19:49:13.077 INFO [mysql-cj-abandoned-connection-cleanup] org.apache.catalina.loader.WebappClassLoaderBase.checkStateForResourceLoading Acceso ilegal: esta instancia de aplicación web ya ha sido parada.  Could not load [].  La eventual traza de pila que sigue ha sido motivada por un error lanzado con motivos de depuración así como para intentar terminar el hilo que motivó el acceso ilegal y no tiene impacto funcional.
	java.lang.IllegalStateException: Acceso ilegal: esta instancia de aplicación web ya ha sido parada.  Could not load [].  La eventual traza de pila que sigue ha sido motivada por un error lanzado con motivos de depuración así como para intentar terminar el hilo que motivó el acceso ilegal y no tiene impacto funcional.
		at org.apache.catalina.loader.WebappClassLoaderBase.checkStateForResourceLoading(WebappClassLoaderBase.java:1328)
		at org.apache.catalina.loader.WebappClassLoaderBase.getResource(WebappClassLoaderBase.java:960)
		at com.mysql.cj.jdbc.AbandonedConnectionCleanupThread.checkThreadContextClassLoader(AbandonedConnectionCleanupThread.java:116)
		at com.mysql.cj.jdbc.AbandonedConnectionCleanupThread.run(AbandonedConnectionCleanupThread.java:83)
		at java.base/java.util.concurrent.ThreadPoolExecutor.runWorker(ThreadPoolExecutor.java:1144)
		at java.base/java.util.concurrent.ThreadPoolExecutor$Worker.run(ThreadPoolExecutor.java:642)
		at java.base/java.lang.Thread.run(Thread.java:1570)
13-Oct-2024 19:49:17.329 INFO [http-nio-8080-exec-236] org.apache.catalina.core.StandardContext.reload Ha comenzado la recarga de Contexto [/proyecto_web_CRUD]
13-Oct-2024 19:49:17.335 WARNING [http-nio-8080-exec-236] org.apache.catalina.loader.WebappClassLoaderBase.clearReferencesThreads The web application [proyecto_web_CRUD] appears to have started a thread named [mysql-cj-abandoned-connection-cleanup] but has failed to stop it. This is very likely to create a memory leak. Stack trace of thread:
13-Oct-2024 19:49:17.615 INFO [http-nio-8080-exec-236] org.apache.jasper.servlet.TldScanner.scanJars Al menos un JAR, que se ha explorado buscando TLDs, aún no contenía TLDs. Activar historial de depuración para este historiador para una completa lista de los JARs que fueron explorados y de los que nos se halló TLDs. Saltarse JARs no necesarios durante la exploración puede dar lugar a una mejora de tiempo significativa en el arranque y compilación de JSP .
13-Oct-2024 19:49:17.617 INFO [http-nio-8080-exec-236] org.apache.catalina.core.StandardContext.reload Se ha completado la recarga de este Contexto
13-Oct-2024 19:49:22.348 INFO [mysql-cj-abandoned-connection-cleanup] org.apache.catalina.loader.WebappClassLoaderBase.checkStateForResourceLoading Acceso ilegal: esta instancia de aplicación web ya ha sido parada.  Could not load [].  La eventual traza de pila que sigue ha sido motivada por un error lanzado con motivos de depuración así como para intentar terminar el hilo que motivó el acceso ilegal y no tiene impacto funcional.
	java.lang.IllegalStateException: Acceso ilegal: esta instancia de aplicación web ya ha sido parada.  Could not load [].  La eventual traza de pila que sigue ha sido motivada por un error lanzado con motivos de depuración así como para intentar terminar el hilo que motivó el acceso ilegal y no tiene impacto funcional.
		at org.apache.catalina.loader.WebappClassLoaderBase.checkStateForResourceLoading(WebappClassLoaderBase.java:1328)
		at org.apache.catalina.loader.WebappClassLoaderBase.getResource(WebappClassLoaderBase.java:960)
		at com.mysql.cj.jdbc.AbandonedConnectionCleanupThread.checkThreadContextClassLoader(AbandonedConnectionCleanupThread.java:116)
		at com.mysql.cj.jdbc.AbandonedConnectionCleanupThread.run(AbandonedConnectionCleanupThread.java:83)
		at java.base/java.util.concurrent.ThreadPoolExecutor.runWorker(ThreadPoolExecutor.java:1144)
		at java.base/java.util.concurrent.ThreadPoolExecutor$Worker.run(ThreadPoolExecutor.java:642)
		at java.base/java.lang.Thread.run(Thread.java:1570)
13-Oct-2024 19:49:27.731 INFO [http-nio-8080-exec-235] org.apache.catalina.core.StandardContext.reload Ha comenzado la recarga de Contexto [/proyecto_web_CRUD]
13-Oct-2024 19:49:27.737 WARNING [http-nio-8080-exec-235] org.apache.catalina.loader.WebappClassLoaderBase.clearReferencesThreads The web application [proyecto_web_CRUD] appears to have started a thread named [mysql-cj-abandoned-connection-cleanup] but has failed to stop it. This is very likely to create a memory leak. Stack trace of thread:
 java.base/java.io.WinNTFileSystem.getBooleanAttributes0(Native Method)
 java.base/java.io.WinNTFileSystem.getBooleanAttributes(WinNTFileSystem.java:512)
 java.base/java.io.FileSystem.hasBooleanAttributes(FileSystem.java:125)
 java.base/java.io.File.isFile(File.java:900)
 org.apache.catalina.webresources.AbstractFileResourceSet.file(AbstractFileResourceSet.java:69)
 org.apache.catalina.webresources.DirResourceSet.getResource(DirResourceSet.java:94)
 org.apache.catalina.webresources.StandardRoot.getResourceInternal(StandardRoot.java:272)
 org.apache.catalina.webresources.CachedResource.validateResource(CachedResource.java:105)
 org.apache.catalina.webresources.Cache.getResource(Cache.java:96)
 org.apache.catalina.webresources.StandardRoot.getResource(StandardRoot.java:211)
 org.apache.catalina.webresources.StandardRoot.getClassLoaderResource(StandardRoot.java:220)
 org.apache.catalina.loader.WebappClassLoaderBase.findResource(WebappClassLoaderBase.java:872)
 org.apache.catalina.loader.WebappClassLoaderBase.getResource(WebappClassLoaderBase.java:981)
 com.mysql.cj.jdbc.AbandonedConnectionCleanupThread.checkThreadContextClassLoader(AbandonedConnectionCleanupThread.java:116)
 com.mysql.cj.jdbc.AbandonedConnectionCleanupThread.run(AbandonedConnectionCleanupThread.java:83)
 java.base/java.util.concurrent.ThreadPoolExecutor.runWorker(ThreadPoolExecutor.java:1144)
 java.base/java.util.concurrent.ThreadPoolExecutor$Worker.run(ThreadPoolExecutor.java:642)
 java.base/java.lang.Thread.run(Thread.java:1570)
13-Oct-2024 19:49:28.013 INFO [http-nio-8080-exec-235] org.apache.jasper.servlet.TldScanner.scanJars Al menos un JAR, que se ha explorado buscando TLDs, aún no contenía TLDs. Activar historial de depuración para este historiador para una completa lista de los JARs que fueron explorados y de los que nos se halló TLDs. Saltarse JARs no necesarios durante la exploración puede dar lugar a una mejora de tiempo significativa en el arranque y compilación de JSP .
13-Oct-2024 19:49:28.015 INFO [http-nio-8080-exec-235] org.apache.catalina.core.StandardContext.reload Se ha completado la recarga de este Contexto
13-Oct-2024 19:49:28.017 INFO [http-nio-8080-exec-222] org.apache.catalina.core.StandardContext.reload Ha comenzado la recarga de Contexto [/proyecto_web_CRUD]
13-Oct-2024 19:49:28.024 WARNING [http-nio-8080-exec-222] org.apache.catalina.loader.WebappClassLoaderBase.clearReferencesThreads The web application [proyecto_web_CRUD] appears to have started a thread named [mysql-cj-abandoned-connection-cleanup] but has failed to stop it. This is very likely to create a memory leak. Stack trace of thread:
 com.mysql.cj.jdbc.AbandonedConnectionCleanupThread.run(AbandonedConnectionCleanupThread.java:83)
 java.base/java.util.concurrent.ThreadPoolExecutor.runWorker(ThreadPoolExecutor.java:1144)
 java.base/java.util.concurrent.ThreadPoolExecutor$Worker.run(ThreadPoolExecutor.java:642)
 java.base/java.lang.Thread.run(Thread.java:1570)
13-Oct-2024 19:49:28.309 INFO [http-nio-8080-exec-222] org.apache.jasper.servlet.TldScanner.scanJars Al menos un JAR, que se ha explorado buscando TLDs, aún no contenía TLDs. Activar historial de depuración para este historiador para una completa lista de los JARs que fueron explorados y de los que nos se halló TLDs. Saltarse JARs no necesarios durante la exploración puede dar lugar a una mejora de tiempo significativa en el arranque y compilación de JSP .
13-Oct-2024 19:49:28.311 INFO [http-nio-8080-exec-222] org.apache.catalina.core.StandardContext.reload Se ha completado la recarga de este Contexto
13-Oct-2024 19:49:32.748 INFO [mysql-cj-abandoned-connection-cleanup] org.apache.catalina.loader.WebappClassLoaderBase.checkStateForResourceLoading Acceso ilegal: esta instancia de aplicación web ya ha sido parada.  Could not load [].  La eventual traza de pila que sigue ha sido motivada por un error lanzado con motivos de depuración así como para intentar terminar el hilo que motivó el acceso ilegal y no tiene impacto funcional.
	java.lang.IllegalStateException: Acceso ilegal: esta instancia de aplicación web ya ha sido parada.  Could not load [].  La eventual traza de pila que sigue ha sido motivada por un error lanzado con motivos de depuración así como para intentar terminar el hilo que motivó el acceso ilegal y no tiene impacto funcional.
		at org.apache.catalina.loader.WebappClassLoaderBase.checkStateForResourceLoading(WebappClassLoaderBase.java:1328)
		at org.apache.catalina.loader.WebappClassLoaderBase.getResource(WebappClassLoaderBase.java:960)
		at com.mysql.cj.jdbc.AbandonedConnectionCleanupThread.checkThreadContextClassLoader(AbandonedConnectionCleanupThread.java:116)
		at com.mysql.cj.jdbc.AbandonedConnectionCleanupThread.run(AbandonedConnectionCleanupThread.java:83)
		at java.base/java.util.concurrent.ThreadPoolExecutor.runWorker(ThreadPoolExecutor.java:1144)
		at java.base/java.util.concurrent.ThreadPoolExecutor$Worker.run(ThreadPoolExecutor.java:642)
		at java.base/java.lang.Thread.run(Thread.java:1570)
13-Oct-2024 19:49:33.035 INFO [mysql-cj-abandoned-connection-cleanup] org.apache.catalina.loader.WebappClassLoaderBase.checkStateForResourceLoading Acceso ilegal: esta instancia de aplicación web ya ha sido parada.  Could not load [].  La eventual traza de pila que sigue ha sido motivada por un error lanzado con motivos de depuración así como para intentar terminar el hilo que motivó el acceso ilegal y no tiene impacto funcional.
	java.lang.IllegalStateException: Acceso ilegal: esta instancia de aplicación web ya ha sido parada.  Could not load [].  La eventual traza de pila que sigue ha sido motivada por un error lanzado con motivos de depuración así como para intentar terminar el hilo que motivó el acceso ilegal y no tiene impacto funcional.
		at org.apache.catalina.loader.WebappClassLoaderBase.checkStateForResourceLoading(WebappClassLoaderBase.java:1328)
		at org.apache.catalina.loader.WebappClassLoaderBase.getResource(WebappClassLoaderBase.java:960)
		at com.mysql.cj.jdbc.AbandonedConnectionCleanupThread.checkThreadContextClassLoader(AbandonedConnectionCleanupThread.java:116)
		at com.mysql.cj.jdbc.AbandonedConnectionCleanupThread.run(AbandonedConnectionCleanupThread.java:83)
		at java.base/java.util.concurrent.ThreadPoolExecutor.runWorker(ThreadPoolExecutor.java:1144)
		at java.base/java.util.concurrent.ThreadPoolExecutor$Worker.run(ThreadPoolExecutor.java:642)
		at java.base/java.lang.Thread.run(Thread.java:1570)
13-Oct-2024 19:58:28.056 INFO [http-nio-8080-exec-242] org.apache.catalina.core.StandardContext.reload Ha comenzado la recarga de Contexto [/proyecto_web_CRUD]
13-Oct-2024 19:58:28.058 WARNING [http-nio-8080-exec-242] org.apache.catalina.loader.WebappClassLoaderBase.clearReferencesJdbc La aplicación web [proyecto_web_CRUD] registró el conductor JDBC [com.mysql.cj.jdbc.Driver] pero falló al anular el registro mientras la aplicación web estaba parada. Para prevenir un fallo de memoria, se ha anulado el registro del conductor JDBC por la fuerza.
13-Oct-2024 19:58:28.058 WARNING [http-nio-8080-exec-242] org.apache.catalina.loader.WebappClassLoaderBase.clearReferencesThreads The web application [proyecto_web_CRUD] appears to have started a thread named [mysql-cj-abandoned-connection-cleanup] but has failed to stop it. This is very likely to create a memory leak. Stack trace of thread:
 java.base/jdk.internal.misc.Unsafe.park(Native Method)
 java.base/java.util.concurrent.locks.LockSupport.parkNanos(LockSupport.java:269)
 java.base/java.util.concurrent.locks.AbstractQueuedSynchronizer$ConditionObject.await(AbstractQueuedSynchronizer.java:1847)
 java.base/java.lang.ref.ReferenceQueue.await(ReferenceQueue.java:71)
 java.base/java.lang.ref.ReferenceQueue.remove0(ReferenceQueue.java:143)
 java.base/java.lang.ref.ReferenceQueue.remove(ReferenceQueue.java:218)
 com.mysql.cj.jdbc.AbandonedConnectionCleanupThread.run(AbandonedConnectionCleanupThread.java:84)
 java.base/java.util.concurrent.ThreadPoolExecutor.runWorker(ThreadPoolExecutor.java:1144)
 java.base/java.util.concurrent.ThreadPoolExecutor$Worker.run(ThreadPoolExecutor.java:642)
 java.base/java.lang.Thread.run(Thread.java:1570)
13-Oct-2024 19:58:28.156 INFO [mysql-cj-abandoned-connection-cleanup] org.apache.catalina.loader.WebappClassLoaderBase.checkStateForResourceLoading Acceso ilegal: esta instancia de aplicación web ya ha sido parada.  Could not load [].  La eventual traza de pila que sigue ha sido motivada por un error lanzado con motivos de depuración así como para intentar terminar el hilo que motivó el acceso ilegal y no tiene impacto funcional.
	java.lang.IllegalStateException: Acceso ilegal: esta instancia de aplicación web ya ha sido parada.  Could not load [].  La eventual traza de pila que sigue ha sido motivada por un error lanzado con motivos de depuración así como para intentar terminar el hilo que motivó el acceso ilegal y no tiene impacto funcional.
		at org.apache.catalina.loader.WebappClassLoaderBase.checkStateForResourceLoading(WebappClassLoaderBase.java:1328)
		at org.apache.catalina.loader.WebappClassLoaderBase.getResource(WebappClassLoaderBase.java:960)
		at com.mysql.cj.jdbc.AbandonedConnectionCleanupThread.checkThreadContextClassLoader(AbandonedConnectionCleanupThread.java:116)
		at com.mysql.cj.jdbc.AbandonedConnectionCleanupThread.run(AbandonedConnectionCleanupThread.java:83)
		at java.base/java.util.concurrent.ThreadPoolExecutor.runWorker(ThreadPoolExecutor.java:1144)
		at java.base/java.util.concurrent.ThreadPoolExecutor$Worker.run(ThreadPoolExecutor.java:642)
		at java.base/java.lang.Thread.run(Thread.java:1570)
13-Oct-2024 19:58:28.156 INFO [mysql-cj-abandoned-connection-cleanup] org.apache.catalina.loader.WebappClassLoaderBase.checkStateForResourceLoading Acceso ilegal: esta instancia de aplicación web ya ha sido parada.  Could not load [].  La eventual traza de pila que sigue ha sido motivada por un error lanzado con motivos de depuración así como para intentar terminar el hilo que motivó el acceso ilegal y no tiene impacto funcional.
	java.lang.IllegalStateException: Acceso ilegal: esta instancia de aplicación web ya ha sido parada.  Could not load [].  La eventual traza de pila que sigue ha sido motivada por un error lanzado con motivos de depuración así como para intentar terminar el hilo que motivó el acceso ilegal y no tiene impacto funcional.
		at org.apache.catalina.loader.WebappClassLoaderBase.checkStateForResourceLoading(WebappClassLoaderBase.java:1328)
		at org.apache.catalina.loader.WebappClassLoaderBase.getResource(WebappClassLoaderBase.java:960)
		at com.mysql.cj.jdbc.AbandonedConnectionCleanupThread.checkThreadContextClassLoader(AbandonedConnectionCleanupThread.java:116)
		at com.mysql.cj.jdbc.AbandonedConnectionCleanupThread.run(AbandonedConnectionCleanupThread.java:83)
		at java.base/java.util.concurrent.ThreadPoolExecutor.runWorker(ThreadPoolExecutor.java:1144)
		at java.base/java.util.concurrent.ThreadPoolExecutor$Worker.run(ThreadPoolExecutor.java:642)
		at java.base/java.lang.Thread.run(Thread.java:1570)
13-Oct-2024 19:58:28.275 INFO [mysql-cj-abandoned-connection-cleanup] org.apache.catalina.loader.WebappClassLoaderBase.checkStateForResourceLoading Acceso ilegal: esta instancia de aplicación web ya ha sido parada.  Could not load [].  La eventual traza de pila que sigue ha sido motivada por un error lanzado con motivos de depuración así como para intentar terminar el hilo que motivó el acceso ilegal y no tiene impacto funcional.
	java.lang.IllegalStateException: Acceso ilegal: esta instancia de aplicación web ya ha sido parada.  Could not load [].  La eventual traza de pila que sigue ha sido motivada por un error lanzado con motivos de depuración así como para intentar terminar el hilo que motivó el acceso ilegal y no tiene impacto funcional.
		at org.apache.catalina.loader.WebappClassLoaderBase.checkStateForResourceLoading(WebappClassLoaderBase.java:1328)
		at org.apache.catalina.loader.WebappClassLoaderBase.getResource(WebappClassLoaderBase.java:960)
		at com.mysql.cj.jdbc.AbandonedConnectionCleanupThread.checkThreadContextClassLoader(AbandonedConnectionCleanupThread.java:116)
		at com.mysql.cj.jdbc.AbandonedConnectionCleanupThread.run(AbandonedConnectionCleanupThread.java:83)
		at java.base/java.util.concurrent.ThreadPoolExecutor.runWorker(ThreadPoolExecutor.java:1144)
		at java.base/java.util.concurrent.ThreadPoolExecutor$Worker.run(ThreadPoolExecutor.java:642)
		at java.base/java.lang.Thread.run(Thread.java:1570)
13-Oct-2024 19:58:28.275 INFO [mysql-cj-abandoned-connection-cleanup] org.apache.catalina.loader.WebappClassLoaderBase.checkStateForResourceLoading Acceso ilegal: esta instancia de aplicación web ya ha sido parada.  Could not load [].  La eventual traza de pila que sigue ha sido motivada por un error lanzado con motivos de depuración así como para intentar terminar el hilo que motivó el acceso ilegal y no tiene impacto funcional.
	java.lang.IllegalStateException: Acceso ilegal: esta instancia de aplicación web ya ha sido parada.  Could not load [].  La eventual traza de pila que sigue ha sido motivada por un error lanzado con motivos de depuración así como para intentar terminar el hilo que motivó el acceso ilegal y no tiene impacto funcional.
		at org.apache.catalina.loader.WebappClassLoaderBase.checkStateForResourceLoading(WebappClassLoaderBase.java:1328)
		at org.apache.catalina.loader.WebappClassLoaderBase.getResource(WebappClassLoaderBase.java:960)
		at com.mysql.cj.jdbc.AbandonedConnectionCleanupThread.checkThreadContextClassLoader(AbandonedConnectionCleanupThread.java:116)
		at com.mysql.cj.jdbc.AbandonedConnectionCleanupThread.run(AbandonedConnectionCleanupThread.java:83)
		at java.base/java.util.concurrent.ThreadPoolExecutor.runWorker(ThreadPoolExecutor.java:1144)
		at java.base/java.util.concurrent.ThreadPoolExecutor$Worker.run(ThreadPoolExecutor.java:642)
		at java.base/java.lang.Thread.run(Thread.java:1570)
13-Oct-2024 19:58:28.275 INFO [mysql-cj-abandoned-connection-cleanup] org.apache.catalina.loader.WebappClassLoaderBase.checkStateForResourceLoading Acceso ilegal: esta instancia de aplicación web ya ha sido parada.  Could not load [].  La eventual traza de pila que sigue ha sido motivada por un error lanzado con motivos de depuración así como para intentar terminar el hilo que motivó el acceso ilegal y no tiene impacto funcional.
	java.lang.IllegalStateException: Acceso ilegal: esta instancia de aplicación web ya ha sido parada.  Could not load [].  La eventual traza de pila que sigue ha sido motivada por un error lanzado con motivos de depuración así como para intentar terminar el hilo que motivó el acceso ilegal y no tiene impacto funcional.
		at org.apache.catalina.loader.WebappClassLoaderBase.checkStateForResourceLoading(WebappClassLoaderBase.java:1328)
		at org.apache.catalina.loader.WebappClassLoaderBase.getResource(WebappClassLoaderBase.java:960)
		at com.mysql.cj.jdbc.AbandonedConnectionCleanupThread.checkThreadContextClassLoader(AbandonedConnectionCleanupThread.java:116)
		at com.mysql.cj.jdbc.AbandonedConnectionCleanupThread.run(AbandonedConnectionCleanupThread.java:83)
		at java.base/java.util.concurrent.ThreadPoolExecutor.runWorker(ThreadPoolExecutor.java:1144)
		at java.base/java.util.concurrent.ThreadPoolExecutor$Worker.run(ThreadPoolExecutor.java:642)
		at java.base/java.lang.Thread.run(Thread.java:1570)
13-Oct-2024 19:58:28.354 INFO [http-nio-8080-exec-242] org.apache.jasper.servlet.TldScanner.scanJars Al menos un JAR, que se ha explorado buscando TLDs, aún no contenía TLDs. Activar historial de depuración para este historiador para una completa lista de los JARs que fueron explorados y de los que nos se halló TLDs. Saltarse JARs no necesarios durante la exploración puede dar lugar a una mejora de tiempo significativa en el arranque y compilación de JSP .
13-Oct-2024 19:58:28.359 INFO [mysql-cj-abandoned-connection-cleanup] org.apache.catalina.loader.WebappClassLoaderBase.checkStateForResourceLoading Acceso ilegal: esta instancia de aplicación web ya ha sido parada.  Could not load [].  La eventual traza de pila que sigue ha sido motivada por un error lanzado con motivos de depuración así como para intentar terminar el hilo que motivó el acceso ilegal y no tiene impacto funcional.
	java.lang.IllegalStateException: Acceso ilegal: esta instancia de aplicación web ya ha sido parada.  Could not load [].  La eventual traza de pila que sigue ha sido motivada por un error lanzado con motivos de depuración así como para intentar terminar el hilo que motivó el acceso ilegal y no tiene impacto funcional.
		at org.apache.catalina.loader.WebappClassLoaderBase.checkStateForResourceLoading(WebappClassLoaderBase.java:1328)
		at org.apache.catalina.loader.WebappClassLoaderBase.getResource(WebappClassLoaderBase.java:960)
		at com.mysql.cj.jdbc.AbandonedConnectionCleanupThread.checkThreadContextClassLoader(AbandonedConnectionCleanupThread.java:116)
		at com.mysql.cj.jdbc.AbandonedConnectionCleanupThread.run(AbandonedConnectionCleanupThread.java:83)
		at java.base/java.util.concurrent.ThreadPoolExecutor.runWorker(ThreadPoolExecutor.java:1144)
		at java.base/java.util.concurrent.ThreadPoolExecutor$Worker.run(ThreadPoolExecutor.java:642)
		at java.base/java.lang.Thread.run(Thread.java:1570)
13-Oct-2024 19:58:28.359 INFO [mysql-cj-abandoned-connection-cleanup] org.apache.catalina.loader.WebappClassLoaderBase.checkStateForResourceLoading Acceso ilegal: esta instancia de aplicación web ya ha sido parada.  Could not load [].  La eventual traza de pila que sigue ha sido motivada por un error lanzado con motivos de depuración así como para intentar terminar el hilo que motivó el acceso ilegal y no tiene impacto funcional.
	java.lang.IllegalStateException: Acceso ilegal: esta instancia de aplicación web ya ha sido parada.  Could not load [].  La eventual traza de pila que sigue ha sido motivada por un error lanzado con motivos de depuración así como para intentar terminar el hilo que motivó el acceso ilegal y no tiene impacto funcional.
		at org.apache.catalina.loader.WebappClassLoaderBase.checkStateForResourceLoading(WebappClassLoaderBase.java:1328)
		at org.apache.catalina.loader.WebappClassLoaderBase.getResource(WebappClassLoaderBase.java:960)
		at com.mysql.cj.jdbc.AbandonedConnectionCleanupThread.checkThreadContextClassLoader(AbandonedConnectionCleanupThread.java:116)
		at com.mysql.cj.jdbc.AbandonedConnectionCleanupThread.run(AbandonedConnectionCleanupThread.java:83)
		at java.base/java.util.concurrent.ThreadPoolExecutor.runWorker(ThreadPoolExecutor.java:1144)
		at java.base/java.util.concurrent.ThreadPoolExecutor$Worker.run(ThreadPoolExecutor.java:642)
		at java.base/java.lang.Thread.run(Thread.java:1570)
13-Oct-2024 19:58:28.359 INFO [mysql-cj-abandoned-connection-cleanup] org.apache.catalina.loader.WebappClassLoaderBase.checkStateForResourceLoading Acceso ilegal: esta instancia de aplicación web ya ha sido parada.  Could not load [].  La eventual traza de pila que sigue ha sido motivada por un error lanzado con motivos de depuración así como para intentar terminar el hilo que motivó el acceso ilegal y no tiene impacto funcional.
	java.lang.IllegalStateException: Acceso ilegal: esta instancia de aplicación web ya ha sido parada.  Could not load [].  La eventual traza de pila que sigue ha sido motivada por un error lanzado con motivos de depuración así como para intentar terminar el hilo que motivó el acceso ilegal y no tiene impacto funcional.
		at org.apache.catalina.loader.WebappClassLoaderBase.checkStateForResourceLoading(WebappClassLoaderBase.java:1328)
		at org.apache.catalina.loader.WebappClassLoaderBase.getResource(WebappClassLoaderBase.java:960)
		at com.mysql.cj.jdbc.AbandonedConnectionCleanupThread.checkThreadContextClassLoader(AbandonedConnectionCleanupThread.java:116)
		at com.mysql.cj.jdbc.AbandonedConnectionCleanupThread.run(AbandonedConnectionCleanupThread.java:83)
		at java.base/java.util.concurrent.ThreadPoolExecutor.runWorker(ThreadPoolExecutor.java:1144)
		at java.base/java.util.concurrent.ThreadPoolExecutor$Worker.run(ThreadPoolExecutor.java:642)
		at java.base/java.lang.Thread.run(Thread.java:1570)
13-Oct-2024 19:58:28.361 INFO [http-nio-8080-exec-242] org.apache.catalina.core.StandardContext.reload Se ha completado la recarga de este Contexto
13-Oct-2024 19:58:28.417 INFO [mysql-cj-abandoned-connection-cleanup] org.apache.catalina.loader.WebappClassLoaderBase.checkStateForResourceLoading Acceso ilegal: esta instancia de aplicación web ya ha sido parada.  Could not load [].  La eventual traza de pila que sigue ha sido motivada por un error lanzado con motivos de depuración así como para intentar terminar el hilo que motivó el acceso ilegal y no tiene impacto funcional.
	java.lang.IllegalStateException: Acceso ilegal: esta instancia de aplicación web ya ha sido parada.  Could not load [].  La eventual traza de pila que sigue ha sido motivada por un error lanzado con motivos de depuración así como para intentar terminar el hilo que motivó el acceso ilegal y no tiene impacto funcional.
		at org.apache.catalina.loader.WebappClassLoaderBase.checkStateForResourceLoading(WebappClassLoaderBase.java:1328)
		at org.apache.catalina.loader.WebappClassLoaderBase.getResource(WebappClassLoaderBase.java:960)
		at com.mysql.cj.jdbc.AbandonedConnectionCleanupThread.checkThreadContextClassLoader(AbandonedConnectionCleanupThread.java:116)
		at com.mysql.cj.jdbc.AbandonedConnectionCleanupThread.run(AbandonedConnectionCleanupThread.java:83)
		at java.base/java.util.concurrent.ThreadPoolExecutor.runWorker(ThreadPoolExecutor.java:1144)
		at java.base/java.util.concurrent.ThreadPoolExecutor$Worker.run(ThreadPoolExecutor.java:642)
		at java.base/java.lang.Thread.run(Thread.java:1570)
13-Oct-2024 19:58:28.417 INFO [mysql-cj-abandoned-connection-cleanup] org.apache.catalina.loader.WebappClassLoaderBase.checkStateForResourceLoading Acceso ilegal: esta instancia de aplicación web ya ha sido parada.  Could not load [].  La eventual traza de pila que sigue ha sido motivada por un error lanzado con motivos de depuración así como para intentar terminar el hilo que motivó el acceso ilegal y no tiene impacto funcional.
	java.lang.IllegalStateException: Acceso ilegal: esta instancia de aplicación web ya ha sido parada.  Could not load [].  La eventual traza de pila que sigue ha sido motivada por un error lanzado con motivos de depuración así como para intentar terminar el hilo que motivó el acceso ilegal y no tiene impacto funcional.
		at org.apache.catalina.loader.WebappClassLoaderBase.checkStateForResourceLoading(WebappClassLoaderBase.java:1328)
		at org.apache.catalina.loader.WebappClassLoaderBase.getResource(WebappClassLoaderBase.java:960)
		at com.mysql.cj.jdbc.AbandonedConnectionCleanupThread.checkThreadContextClassLoader(AbandonedConnectionCleanupThread.java:116)
		at com.mysql.cj.jdbc.AbandonedConnectionCleanupThread.run(AbandonedConnectionCleanupThread.java:83)
		at java.base/java.util.concurrent.ThreadPoolExecutor.runWorker(ThreadPoolExecutor.java:1144)
		at java.base/java.util.concurrent.ThreadPoolExecutor$Worker.run(ThreadPoolExecutor.java:642)
		at java.base/java.lang.Thread.run(Thread.java:1570)
13-Oct-2024 19:58:28.417 INFO [mysql-cj-abandoned-connection-cleanup] org.apache.catalina.loader.WebappClassLoaderBase.checkStateForResourceLoading Acceso ilegal: esta instancia de aplicación web ya ha sido parada.  Could not load [].  La eventual traza de pila que sigue ha sido motivada por un error lanzado con motivos de depuración así como para intentar terminar el hilo que motivó el acceso ilegal y no tiene impacto funcional.
	java.lang.IllegalStateException: Acceso ilegal: esta instancia de aplicación web ya ha sido parada.  Could not load [].  La eventual traza de pila que sigue ha sido motivada por un error lanzado con motivos de depuración así como para intentar terminar el hilo que motivó el acceso ilegal y no tiene impacto funcional.
		at org.apache.catalina.loader.WebappClassLoaderBase.checkStateForResourceLoading(WebappClassLoaderBase.java:1328)
		at org.apache.catalina.loader.WebappClassLoaderBase.getResource(WebappClassLoaderBase.java:960)
		at com.mysql.cj.jdbc.AbandonedConnectionCleanupThread.checkThreadContextClassLoader(AbandonedConnectionCleanupThread.java:116)
		at com.mysql.cj.jdbc.AbandonedConnectionCleanupThread.run(AbandonedConnectionCleanupThread.java:83)
		at java.base/java.util.concurrent.ThreadPoolExecutor.runWorker(ThreadPoolExecutor.java:1144)
		at java.base/java.util.concurrent.ThreadPoolExecutor$Worker.run(ThreadPoolExecutor.java:642)
		at java.base/java.lang.Thread.run(Thread.java:1570)
13-Oct-2024 19:58:28.419 INFO [http-nio-8080-exec-251] org.apache.catalina.core.StandardContext.reload Ha comenzado la recarga de Contexto [/proyecto_web_CRUD]
13-Oct-2024 19:58:28.482 WARNING [http-nio-8080-exec-251] org.apache.catalina.loader.WebappClassLoaderBase.clearReferencesThreads The web application [proyecto_web_CRUD] appears to have started a thread named [mysql-cj-abandoned-connection-cleanup] but has failed to stop it. This is very likely to create a memory leak. Stack trace of thread:
13-Oct-2024 19:58:28.773 INFO [http-nio-8080-exec-251] org.apache.jasper.servlet.TldScanner.scanJars Al menos un JAR, que se ha explorado buscando TLDs, aún no contenía TLDs. Activar historial de depuración para este historiador para una completa lista de los JARs que fueron explorados y de los que nos se halló TLDs. Saltarse JARs no necesarios durante la exploración puede dar lugar a una mejora de tiempo significativa en el arranque y compilación de JSP .
13-Oct-2024 19:58:28.775 INFO [http-nio-8080-exec-251] org.apache.catalina.core.StandardContext.reload Se ha completado la recarga de este Contexto
13-Oct-2024 19:58:33.488 INFO [mysql-cj-abandoned-connection-cleanup] org.apache.catalina.loader.WebappClassLoaderBase.checkStateForResourceLoading Acceso ilegal: esta instancia de aplicación web ya ha sido parada.  Could not load [].  La eventual traza de pila que sigue ha sido motivada por un error lanzado con motivos de depuración así como para intentar terminar el hilo que motivó el acceso ilegal y no tiene impacto funcional.
	java.lang.IllegalStateException: Acceso ilegal: esta instancia de aplicación web ya ha sido parada.  Could not load [].  La eventual traza de pila que sigue ha sido motivada por un error lanzado con motivos de depuración así como para intentar terminar el hilo que motivó el acceso ilegal y no tiene impacto funcional.
		at org.apache.catalina.loader.WebappClassLoaderBase.checkStateForResourceLoading(WebappClassLoaderBase.java:1328)
		at org.apache.catalina.loader.WebappClassLoaderBase.getResource(WebappClassLoaderBase.java:960)
		at com.mysql.cj.jdbc.AbandonedConnectionCleanupThread.checkThreadContextClassLoader(AbandonedConnectionCleanupThread.java:116)
		at com.mysql.cj.jdbc.AbandonedConnectionCleanupThread.run(AbandonedConnectionCleanupThread.java:83)
		at java.base/java.util.concurrent.ThreadPoolExecutor.runWorker(ThreadPoolExecutor.java:1144)
		at java.base/java.util.concurrent.ThreadPoolExecutor$Worker.run(ThreadPoolExecutor.java:642)
		at java.base/java.lang.Thread.run(Thread.java:1570)
13-Oct-2024 20:10:02.889 INFO [http-nio-8080-exec-256] org.apache.catalina.core.StandardContext.reload Ha comenzado la recarga de Contexto [/proyecto_web_CRUD]
13-Oct-2024 20:10:02.891 WARNING [http-nio-8080-exec-256] org.apache.catalina.loader.WebappClassLoaderBase.clearReferencesJdbc La aplicación web [proyecto_web_CRUD] registró el conductor JDBC [com.mysql.cj.jdbc.Driver] pero falló al anular el registro mientras la aplicación web estaba parada. Para prevenir un fallo de memoria, se ha anulado el registro del conductor JDBC por la fuerza.
13-Oct-2024 20:10:02.891 WARNING [http-nio-8080-exec-256] org.apache.catalina.loader.WebappClassLoaderBase.clearReferencesThreads The web application [proyecto_web_CRUD] appears to have started a thread named [mysql-cj-abandoned-connection-cleanup] but has failed to stop it. This is very likely to create a memory leak. Stack trace of thread:
 java.base/jdk.internal.misc.Unsafe.park(Native Method)
 java.base/java.util.concurrent.locks.LockSupport.parkNanos(LockSupport.java:269)
 java.base/java.util.concurrent.locks.AbstractQueuedSynchronizer$ConditionObject.await(AbstractQueuedSynchronizer.java:1847)
 java.base/java.lang.ref.ReferenceQueue.await(ReferenceQueue.java:71)
 java.base/java.lang.ref.ReferenceQueue.remove0(ReferenceQueue.java:143)
 java.base/java.lang.ref.ReferenceQueue.remove(ReferenceQueue.java:218)
 com.mysql.cj.jdbc.AbandonedConnectionCleanupThread.run(AbandonedConnectionCleanupThread.java:84)
 java.base/java.util.concurrent.ThreadPoolExecutor.runWorker(ThreadPoolExecutor.java:1144)
 java.base/java.util.concurrent.ThreadPoolExecutor$Worker.run(ThreadPoolExecutor.java:642)
 java.base/java.lang.Thread.run(Thread.java:1570)
13-Oct-2024 20:10:02.937 INFO [mysql-cj-abandoned-connection-cleanup] org.apache.catalina.loader.WebappClassLoaderBase.checkStateForResourceLoading Acceso ilegal: esta instancia de aplicación web ya ha sido parada.  Could not load [].  La eventual traza de pila que sigue ha sido motivada por un error lanzado con motivos de depuración así como para intentar terminar el hilo que motivó el acceso ilegal y no tiene impacto funcional.
	java.lang.IllegalStateException: Acceso ilegal: esta instancia de aplicación web ya ha sido parada.  Could not load [].  La eventual traza de pila que sigue ha sido motivada por un error lanzado con motivos de depuración así como para intentar terminar el hilo que motivó el acceso ilegal y no tiene impacto funcional.
		at org.apache.catalina.loader.WebappClassLoaderBase.checkStateForResourceLoading(WebappClassLoaderBase.java:1328)
		at org.apache.catalina.loader.WebappClassLoaderBase.getResource(WebappClassLoaderBase.java:960)
		at com.mysql.cj.jdbc.AbandonedConnectionCleanupThread.checkThreadContextClassLoader(AbandonedConnectionCleanupThread.java:116)
		at com.mysql.cj.jdbc.AbandonedConnectionCleanupThread.run(AbandonedConnectionCleanupThread.java:83)
		at java.base/java.util.concurrent.ThreadPoolExecutor.runWorker(ThreadPoolExecutor.java:1144)
		at java.base/java.util.concurrent.ThreadPoolExecutor$Worker.run(ThreadPoolExecutor.java:642)
		at java.base/java.lang.Thread.run(Thread.java:1570)
13-Oct-2024 20:10:02.937 INFO [mysql-cj-abandoned-connection-cleanup] org.apache.catalina.loader.WebappClassLoaderBase.checkStateForResourceLoading Acceso ilegal: esta instancia de aplicación web ya ha sido parada.  Could not load [].  La eventual traza de pila que sigue ha sido motivada por un error lanzado con motivos de depuración así como para intentar terminar el hilo que motivó el acceso ilegal y no tiene impacto funcional.
	java.lang.IllegalStateException: Acceso ilegal: esta instancia de aplicación web ya ha sido parada.  Could not load [].  La eventual traza de pila que sigue ha sido motivada por un error lanzado con motivos de depuración así como para intentar terminar el hilo que motivó el acceso ilegal y no tiene impacto funcional.
		at org.apache.catalina.loader.WebappClassLoaderBase.checkStateForResourceLoading(WebappClassLoaderBase.java:1328)
		at org.apache.catalina.loader.WebappClassLoaderBase.getResource(WebappClassLoaderBase.java:960)
		at com.mysql.cj.jdbc.AbandonedConnectionCleanupThread.checkThreadContextClassLoader(AbandonedConnectionCleanupThread.java:116)
		at com.mysql.cj.jdbc.AbandonedConnectionCleanupThread.run(AbandonedConnectionCleanupThread.java:83)
		at java.base/java.util.concurrent.ThreadPoolExecutor.runWorker(ThreadPoolExecutor.java:1144)
		at java.base/java.util.concurrent.ThreadPoolExecutor$Worker.run(ThreadPoolExecutor.java:642)
		at java.base/java.lang.Thread.run(Thread.java:1570)
13-Oct-2024 20:10:03.061 INFO [mysql-cj-abandoned-connection-cleanup] org.apache.catalina.loader.WebappClassLoaderBase.checkStateForResourceLoading Acceso ilegal: esta instancia de aplicación web ya ha sido parada.  Could not load [].  La eventual traza de pila que sigue ha sido motivada por un error lanzado con motivos de depuración así como para intentar terminar el hilo que motivó el acceso ilegal y no tiene impacto funcional.
	java.lang.IllegalStateException: Acceso ilegal: esta instancia de aplicación web ya ha sido parada.  Could not load [].  La eventual traza de pila que sigue ha sido motivada por un error lanzado con motivos de depuración así como para intentar terminar el hilo que motivó el acceso ilegal y no tiene impacto funcional.
		at org.apache.catalina.loader.WebappClassLoaderBase.checkStateForResourceLoading(WebappClassLoaderBase.java:1328)
		at org.apache.catalina.loader.WebappClassLoaderBase.getResource(WebappClassLoaderBase.java:960)
		at com.mysql.cj.jdbc.AbandonedConnectionCleanupThread.checkThreadContextClassLoader(AbandonedConnectionCleanupThread.java:116)
		at com.mysql.cj.jdbc.AbandonedConnectionCleanupThread.run(AbandonedConnectionCleanupThread.java:83)
		at java.base/java.util.concurrent.ThreadPoolExecutor.runWorker(ThreadPoolExecutor.java:1144)
		at java.base/java.util.concurrent.ThreadPoolExecutor$Worker.run(ThreadPoolExecutor.java:642)
		at java.base/java.lang.Thread.run(Thread.java:1570)
13-Oct-2024 20:10:03.197 INFO [http-nio-8080-exec-256] org.apache.jasper.servlet.TldScanner.scanJars Al menos un JAR, que se ha explorado buscando TLDs, aún no contenía TLDs. Activar historial de depuración para este historiador para una completa lista de los JARs que fueron explorados y de los que nos se halló TLDs. Saltarse JARs no necesarios durante la exploración puede dar lugar a una mejora de tiempo significativa en el arranque y compilación de JSP .
13-Oct-2024 20:10:03.199 INFO [http-nio-8080-exec-256] org.apache.catalina.core.StandardContext.reload Se ha completado la recarga de este Contexto
13-Oct-2024 20:10:45.945 INFO [main] org.apache.catalina.core.StandardServer.await Se ha recibido un comando de apagado a través del puerto de apagado. Parando la instancia del Servidor.
13-Oct-2024 20:10:45.946 INFO [main] org.apache.coyote.AbstractProtocol.pause Pausing ProtocolHandler ["http-nio-8080"]
13-Oct-2024 20:10:45.948 INFO [main] org.apache.catalina.core.StandardService.stopInternal Parando servicio [Catalina]
13-Oct-2024 20:10:45.958 WARNING [main] org.apache.catalina.loader.WebappClassLoaderBase.clearReferencesJdbc La aplicación web [web_empresa_bd] registró el conductor JDBC [com.mysql.cj.jdbc.Driver] pero falló al anular el registro mientras la aplicación web estaba parada. Para prevenir un fallo de memoria, se ha anulado el registro del conductor JDBC por la fuerza.
13-Oct-2024 20:10:45.958 WARNING [main] org.apache.catalina.loader.WebappClassLoaderBase.clearReferencesThreads The web application [web_empresa_bd] appears to have started a thread named [mysql-cj-abandoned-connection-cleanup] but has failed to stop it. This is very likely to create a memory leak. Stack trace of thread:
 java.base/jdk.internal.misc.Unsafe.park(Native Method)
 java.base/java.util.concurrent.locks.LockSupport.parkNanos(LockSupport.java:269)
 java.base/java.util.concurrent.locks.AbstractQueuedSynchronizer$ConditionObject.await(AbstractQueuedSynchronizer.java:1847)
 java.base/java.lang.ref.ReferenceQueue.await(ReferenceQueue.java:71)
 java.base/java.lang.ref.ReferenceQueue.remove0(ReferenceQueue.java:143)
 java.base/java.lang.ref.ReferenceQueue.remove(ReferenceQueue.java:218)
 com.mysql.cj.jdbc.AbandonedConnectionCleanupThread.run(AbandonedConnectionCleanupThread.java:84)
 java.base/java.util.concurrent.ThreadPoolExecutor.runWorker(ThreadPoolExecutor.java:1144)
 java.base/java.util.concurrent.ThreadPoolExecutor$Worker.run(ThreadPoolExecutor.java:642)
 java.base/java.lang.Thread.run(Thread.java:1570)
13-Oct-2024 20:10:45.964 INFO [main] org.apache.coyote.AbstractProtocol.stop Stopping ProtocolHandler ["http-nio-8080"]
13-Oct-2024 20:10:45.982 INFO [main] org.apache.coyote.AbstractProtocol.destroy Destroying ProtocolHandler ["http-nio-8080"]
