01-Nov-2024 00:14:06.500 INFO [main] org.apache.catalina.core.ApplicationContext.log SessionListener: contextDestroyed()
01-Nov-2024 00:14:06.500 INFO [main] org.apache.catalina.core.ApplicationContext.log ContextListener: contextDestroyed()
01-Nov-2024 00:14:34.483 INFO [main] org.apache.catalina.core.ApplicationContext.log ContextListener: contextInitialized()
01-Nov-2024 00:14:34.483 INFO [main] org.apache.catalina.core.ApplicationContext.log SessionListener: contextInitialized()
01-Nov-2024 00:14:34.484 INFO [main] org.apache.catalina.core.ApplicationContext.log ContextListener: attributeAdded('StockTicker', 'async.Stockticker@23afc725')
01-Nov-2024 00:25:00.948 INFO [main] org.apache.catalina.core.ApplicationContext.log SessionListener: contextDestroyed()
01-Nov-2024 00:25:00.949 INFO [main] org.apache.catalina.core.ApplicationContext.log ContextListener: contextDestroyed()
01-Nov-2024 00:25:26.834 INFO [main] org.apache.catalina.core.ApplicationContext.log ContextListener: contextInitialized()
01-Nov-2024 00:25:26.834 INFO [main] org.apache.catalina.core.ApplicationContext.log SessionListener: contextInitialized()
01-Nov-2024 00:25:26.835 INFO [main] org.apache.catalina.core.ApplicationContext.log ContextListener: attributeAdded('StockTicker', 'async.Stockticker@2565a7d0')
01-Nov-2024 00:25:42.227 INFO [main] org.apache.catalina.core.ApplicationContext.log SessionListener: contextDestroyed()
01-Nov-2024 00:25:42.228 INFO [main] org.apache.catalina.core.ApplicationContext.log ContextListener: contextDestroyed()
01-Nov-2024 00:53:51.783 INFO [main] org.apache.catalina.core.ApplicationContext.log ContextListener: contextInitialized()
01-Nov-2024 00:53:51.783 INFO [main] org.apache.catalina.core.ApplicationContext.log SessionListener: contextInitialized()
01-Nov-2024 00:53:51.785 INFO [main] org.apache.catalina.core.ApplicationContext.log ContextListener: attributeAdded('StockTicker', 'async.Stockticker@5f409872')
01-Nov-2024 01:47:26.295 INFO [main] org.apache.catalina.core.ApplicationContext.log SessionListener: contextDestroyed()
01-Nov-2024 01:47:26.295 INFO [main] org.apache.catalina.core.ApplicationContext.log ContextListener: contextDestroyed()
01-Nov-2024 17:57:19.420 INFO [main] org.apache.catalina.core.ApplicationContext.log ContextListener: contextInitialized()
01-Nov-2024 17:57:19.420 INFO [main] org.apache.catalina.core.ApplicationContext.log SessionListener: contextInitialized()
01-Nov-2024 17:57:19.422 INFO [main] org.apache.catalina.core.ApplicationContext.log ContextListener: attributeAdded('StockTicker', 'async.Stockticker@2c34402')
01-Nov-2024 18:01:29.872 SEVERE [http-nio-8080-exec-9] org.apache.catalina.core.StandardWrapperValve.invoke El Servlet.service() para el servlet [jsp] en el contexto con ruta [/pr_sistema_empresa_weblocal] lanzó la excepción [Ha sucedido una excepción al procesar la página JSP [/index.jsp] en línea [28]

25:             <select name="drop_marca" id="drop_marca" class="form-control"> 
26:                 <% 
27:                 marcas marcas = new marcas();
28:                 HashMap<String, String> drop = marcas.drop_Marca();
29:                 for(String i: drop.keySet()){
30:                     out.println("<option value='" + i + "'> "+drop.get(i)+" </option>");
31:                 }


Stacktrace:] con causa raíz
	java.lang.NullPointerException: Cannot invoke "java.sql.Connection.createStatement()" because "this.cn.conexionBD" is null
		at Modelo.marcas.drop_Marca(marcas.java:54)
		at org.apache.jsp.index_jsp._jspService(index_jsp.java:152)
		at org.apache.jasper.runtime.HttpJspBase.service(HttpJspBase.java:67)
		at javax.servlet.http.HttpServlet.service(HttpServlet.java:623)
		at org.apache.jasper.servlet.JspServletWrapper.service(JspServletWrapper.java:466)
		at org.apache.jasper.servlet.JspServlet.serviceJspFile(JspServlet.java:376)
		at org.apache.jasper.servlet.JspServlet.service(JspServlet.java:324)
		at javax.servlet.http.HttpServlet.service(HttpServlet.java:623)
		at org.apache.catalina.core.ApplicationFilterChain.internalDoFilter(ApplicationFilterChain.java:199)
		at org.apache.catalina.core.ApplicationFilterChain.doFilter(ApplicationFilterChain.java:144)
		at org.apache.tomcat.websocket.server.WsFilter.doFilter(WsFilter.java:51)
		at org.apache.catalina.core.ApplicationFilterChain.internalDoFilter(ApplicationFilterChain.java:168)
		at org.apache.catalina.core.ApplicationFilterChain.doFilter(ApplicationFilterChain.java:144)
		at org.apache.catalina.core.StandardWrapperValve.invoke(StandardWrapperValve.java:168)
		at org.apache.catalina.core.StandardContextValve.invoke(StandardContextValve.java:90)
		at org.apache.catalina.authenticator.AuthenticatorBase.invoke(AuthenticatorBase.java:482)
		at org.apache.catalina.core.StandardHostValve.invoke(StandardHostValve.java:130)
		at org.apache.catalina.valves.ErrorReportValve.invoke(ErrorReportValve.java:93)
		at org.apache.catalina.valves.AbstractAccessLogValve.invoke(AbstractAccessLogValve.java:660)
		at org.apache.catalina.core.StandardEngineValve.invoke(StandardEngineValve.java:74)
		at org.apache.catalina.connector.CoyoteAdapter.service(CoyoteAdapter.java:346)
		at org.apache.coyote.http11.Http11Processor.service(Http11Processor.java:383)
		at org.apache.coyote.AbstractProcessorLight.process(AbstractProcessorLight.java:63)
		at org.apache.coyote.AbstractProtocol$ConnectionHandler.process(AbstractProtocol.java:937)
		at org.apache.tomcat.util.net.NioEndpoint$SocketProcessor.doRun(NioEndpoint.java:1791)
		at org.apache.tomcat.util.net.SocketProcessorBase.run(SocketProcessorBase.java:52)
		at org.apache.tomcat.util.threads.ThreadPoolExecutor.runWorker(ThreadPoolExecutor.java:1190)
		at org.apache.tomcat.util.threads.ThreadPoolExecutor$Worker.run(ThreadPoolExecutor.java:659)
		at org.apache.tomcat.util.threads.TaskThread$WrappingRunnable.run(TaskThread.java:63)
		at java.base/java.lang.Thread.run(Thread.java:1570)
01-Nov-2024 18:02:02.399 SEVERE [http-nio-8080-exec-10] org.apache.catalina.core.StandardWrapperValve.invoke El Servlet.service() para el servlet [jsp] en el contexto con ruta [/pr_sistema_empresa_weblocal] lanzó la excepción [Ha sucedido una excepción al procesar la página JSP [/index.jsp] en línea [28]

25:             <select name="drop_marca" id="drop_marca" class="form-control"> 
26:                 <% 
27:                 marcas marcas = new marcas();
28:                 HashMap<String, String> drop = marcas.drop_Marca();
29:                 for(String i: drop.keySet()){
30:                     out.println("<option value='" + i + "'> "+drop.get(i)+" </option>");
31:                 }


Stacktrace:] con causa raíz
	java.lang.NullPointerException: Cannot invoke "java.sql.Connection.createStatement()" because "this.cn.conexionBD" is null
		at Modelo.marcas.drop_Marca(marcas.java:54)
		at org.apache.jsp.index_jsp._jspService(index_jsp.java:152)
		at org.apache.jasper.runtime.HttpJspBase.service(HttpJspBase.java:67)
		at javax.servlet.http.HttpServlet.service(HttpServlet.java:623)
		at org.apache.jasper.servlet.JspServletWrapper.service(JspServletWrapper.java:466)
		at org.apache.jasper.servlet.JspServlet.serviceJspFile(JspServlet.java:376)
		at org.apache.jasper.servlet.JspServlet.service(JspServlet.java:324)
		at javax.servlet.http.HttpServlet.service(HttpServlet.java:623)
		at org.apache.catalina.core.ApplicationFilterChain.internalDoFilter(ApplicationFilterChain.java:199)
		at org.apache.catalina.core.ApplicationFilterChain.doFilter(ApplicationFilterChain.java:144)
		at org.apache.tomcat.websocket.server.WsFilter.doFilter(WsFilter.java:51)
		at org.apache.catalina.core.ApplicationFilterChain.internalDoFilter(ApplicationFilterChain.java:168)
		at org.apache.catalina.core.ApplicationFilterChain.doFilter(ApplicationFilterChain.java:144)
		at org.apache.catalina.core.StandardWrapperValve.invoke(StandardWrapperValve.java:168)
		at org.apache.catalina.core.StandardContextValve.invoke(StandardContextValve.java:90)
		at org.apache.catalina.authenticator.AuthenticatorBase.invoke(AuthenticatorBase.java:482)
		at org.apache.catalina.core.StandardHostValve.invoke(StandardHostValve.java:130)
		at org.apache.catalina.valves.ErrorReportValve.invoke(ErrorReportValve.java:93)
		at org.apache.catalina.valves.AbstractAccessLogValve.invoke(AbstractAccessLogValve.java:660)
		at org.apache.catalina.core.StandardEngineValve.invoke(StandardEngineValve.java:74)
		at org.apache.catalina.connector.CoyoteAdapter.service(CoyoteAdapter.java:346)
		at org.apache.coyote.http11.Http11Processor.service(Http11Processor.java:383)
		at org.apache.coyote.AbstractProcessorLight.process(AbstractProcessorLight.java:63)
		at org.apache.coyote.AbstractProtocol$ConnectionHandler.process(AbstractProtocol.java:937)
		at org.apache.tomcat.util.net.NioEndpoint$SocketProcessor.doRun(NioEndpoint.java:1791)
		at org.apache.tomcat.util.net.SocketProcessorBase.run(SocketProcessorBase.java:52)
		at org.apache.tomcat.util.threads.ThreadPoolExecutor.runWorker(ThreadPoolExecutor.java:1190)
		at org.apache.tomcat.util.threads.ThreadPoolExecutor$Worker.run(ThreadPoolExecutor.java:659)
		at org.apache.tomcat.util.threads.TaskThread$WrappingRunnable.run(TaskThread.java:63)
		at java.base/java.lang.Thread.run(Thread.java:1570)
01-Nov-2024 18:02:36.738 SEVERE [http-nio-8080-exec-5] org.apache.catalina.core.StandardWrapperValve.invoke El Servlet.service() para el servlet [jsp] en el contexto con ruta [/pr_sistema_empresa_weblocal] lanzó la excepción [Ha sucedido una excepción al procesar la página JSP [/index.jsp] en línea [28]

25:             <select name="drop_marca" id="drop_marca" class="form-control"> 
26:                 <% 
27:                 marcas marcas = new marcas();
28:                 HashMap<String, String> drop = marcas.drop_Marca();
29:                 for(String i: drop.keySet()){
30:                     out.println("<option value='" + i + "'> "+drop.get(i)+" </option>");
31:                 }


Stacktrace:] con causa raíz
	java.lang.NullPointerException: Cannot invoke "java.sql.Connection.createStatement()" because "this.cn.conexionBD" is null
		at Modelo.marcas.drop_Marca(marcas.java:54)
		at org.apache.jsp.index_jsp._jspService(index_jsp.java:152)
		at org.apache.jasper.runtime.HttpJspBase.service(HttpJspBase.java:67)
		at javax.servlet.http.HttpServlet.service(HttpServlet.java:623)
		at org.apache.jasper.servlet.JspServletWrapper.service(JspServletWrapper.java:466)
		at org.apache.jasper.servlet.JspServlet.serviceJspFile(JspServlet.java:376)
		at org.apache.jasper.servlet.JspServlet.service(JspServlet.java:324)
		at javax.servlet.http.HttpServlet.service(HttpServlet.java:623)
		at org.apache.catalina.core.ApplicationFilterChain.internalDoFilter(ApplicationFilterChain.java:199)
		at org.apache.catalina.core.ApplicationFilterChain.doFilter(ApplicationFilterChain.java:144)
		at org.apache.tomcat.websocket.server.WsFilter.doFilter(WsFilter.java:51)
		at org.apache.catalina.core.ApplicationFilterChain.internalDoFilter(ApplicationFilterChain.java:168)
		at org.apache.catalina.core.ApplicationFilterChain.doFilter(ApplicationFilterChain.java:144)
		at org.apache.catalina.core.StandardWrapperValve.invoke(StandardWrapperValve.java:168)
		at org.apache.catalina.core.StandardContextValve.invoke(StandardContextValve.java:90)
		at org.apache.catalina.authenticator.AuthenticatorBase.invoke(AuthenticatorBase.java:482)
		at org.apache.catalina.core.StandardHostValve.invoke(StandardHostValve.java:130)
		at org.apache.catalina.valves.ErrorReportValve.invoke(ErrorReportValve.java:93)
		at org.apache.catalina.valves.AbstractAccessLogValve.invoke(AbstractAccessLogValve.java:660)
		at org.apache.catalina.core.StandardEngineValve.invoke(StandardEngineValve.java:74)
		at org.apache.catalina.connector.CoyoteAdapter.service(CoyoteAdapter.java:346)
		at org.apache.coyote.http11.Http11Processor.service(Http11Processor.java:383)
		at org.apache.coyote.AbstractProcessorLight.process(AbstractProcessorLight.java:63)
		at org.apache.coyote.AbstractProtocol$ConnectionHandler.process(AbstractProtocol.java:937)
		at org.apache.tomcat.util.net.NioEndpoint$SocketProcessor.doRun(NioEndpoint.java:1791)
		at org.apache.tomcat.util.net.SocketProcessorBase.run(SocketProcessorBase.java:52)
		at org.apache.tomcat.util.threads.ThreadPoolExecutor.runWorker(ThreadPoolExecutor.java:1190)
		at org.apache.tomcat.util.threads.ThreadPoolExecutor$Worker.run(ThreadPoolExecutor.java:659)
		at org.apache.tomcat.util.threads.TaskThread$WrappingRunnable.run(TaskThread.java:63)
		at java.base/java.lang.Thread.run(Thread.java:1570)
01-Nov-2024 18:11:01.448 SEVERE [http-nio-8080-exec-37] org.apache.catalina.core.StandardWrapperValve.invoke El Servlet.service() para el servlet [jsp] en el contexto con ruta [/proyecto_web_CRUD] lanzó la excepción [Ha sucedido una excepción al procesar la página JSP [/Proveedores.jsp] en línea [70]

67:                 </thead>
68:                 <tbody id="tbl_proveedor">
69:                     <% 
70:                         Proveedor proveedor = new Proveedor();
71:                         DefaultTableModel tabla = proveedor.leer();
72:                         for (int t = 0; t < tabla.getRowCount(); t++) {
73:                             out.println("<tr data-id='" + tabla.getValueAt(t, 0) + "'>");


Stacktrace:] con causa raíz
	java.lang.RuntimeException: Uncompilable code - duplicate class: modelo_proveedores.Persona
		at modelo_proveedores.Persona.<clinit>(Persona.java:1)
		at org.apache.jsp.Proveedores_jsp._jspService(Proveedores_jsp.java:188)
		at org.apache.jasper.runtime.HttpJspBase.service(HttpJspBase.java:67)
		at javax.servlet.http.HttpServlet.service(HttpServlet.java:623)
		at org.apache.jasper.servlet.JspServletWrapper.service(JspServletWrapper.java:466)
		at org.apache.jasper.servlet.JspServlet.serviceJspFile(JspServlet.java:376)
		at org.apache.jasper.servlet.JspServlet.service(JspServlet.java:324)
		at javax.servlet.http.HttpServlet.service(HttpServlet.java:623)
		at org.apache.catalina.core.ApplicationFilterChain.internalDoFilter(ApplicationFilterChain.java:199)
		at org.apache.catalina.core.ApplicationFilterChain.doFilter(ApplicationFilterChain.java:144)
		at org.apache.tomcat.websocket.server.WsFilter.doFilter(WsFilter.java:51)
		at org.apache.catalina.core.ApplicationFilterChain.internalDoFilter(ApplicationFilterChain.java:168)
		at org.apache.catalina.core.ApplicationFilterChain.doFilter(ApplicationFilterChain.java:144)
		at org.apache.catalina.core.StandardWrapperValve.invoke(StandardWrapperValve.java:168)
		at org.apache.catalina.core.StandardContextValve.invoke(StandardContextValve.java:90)
		at org.apache.catalina.authenticator.AuthenticatorBase.invoke(AuthenticatorBase.java:482)
		at org.apache.catalina.core.StandardHostValve.invoke(StandardHostValve.java:130)
		at org.apache.catalina.valves.ErrorReportValve.invoke(ErrorReportValve.java:93)
		at org.apache.catalina.valves.AbstractAccessLogValve.invoke(AbstractAccessLogValve.java:660)
		at org.apache.catalina.core.StandardEngineValve.invoke(StandardEngineValve.java:74)
		at org.apache.catalina.connector.CoyoteAdapter.service(CoyoteAdapter.java:346)
		at org.apache.coyote.http11.Http11Processor.service(Http11Processor.java:383)
		at org.apache.coyote.AbstractProcessorLight.process(AbstractProcessorLight.java:63)
		at org.apache.coyote.AbstractProtocol$ConnectionHandler.process(AbstractProtocol.java:937)
		at org.apache.tomcat.util.net.NioEndpoint$SocketProcessor.doRun(NioEndpoint.java:1791)
		at org.apache.tomcat.util.net.SocketProcessorBase.run(SocketProcessorBase.java:52)
		at org.apache.tomcat.util.threads.ThreadPoolExecutor.runWorker(ThreadPoolExecutor.java:1190)
		at org.apache.tomcat.util.threads.ThreadPoolExecutor$Worker.run(ThreadPoolExecutor.java:659)
		at org.apache.tomcat.util.threads.TaskThread$WrappingRunnable.run(TaskThread.java:63)
		at java.base/java.lang.Thread.run(Thread.java:1570)
01-Nov-2024 18:11:04.694 SEVERE [http-nio-8080-exec-34] org.apache.catalina.core.StandardWrapperValve.invoke El Servlet.service() para el servlet [jsp] en el contexto con ruta [/proyecto_web_CRUD] lanzó la excepción [Ha sucedido una excepción al procesar la página JSP [/Proveedores.jsp] en línea [70]

67:                 </thead>
68:                 <tbody id="tbl_proveedor">
69:                     <% 
70:                         Proveedor proveedor = new Proveedor();
71:                         DefaultTableModel tabla = proveedor.leer();
72:                         for (int t = 0; t < tabla.getRowCount(); t++) {
73:                             out.println("<tr data-id='" + tabla.getValueAt(t, 0) + "'>");


Stacktrace:] con causa raíz
	java.lang.ExceptionInInitializerError: Exception java.lang.ExceptionInInitializerError [in thread "http-nio-8080-exec-37"]
		at org.apache.jsp.Proveedores_jsp._jspService(Proveedores_jsp.java:188)
		at org.apache.jasper.runtime.HttpJspBase.service(HttpJspBase.java:67)
		at javax.servlet.http.HttpServlet.service(HttpServlet.java:623)
		at org.apache.jasper.servlet.JspServletWrapper.service(JspServletWrapper.java:466)
		at org.apache.jasper.servlet.JspServlet.serviceJspFile(JspServlet.java:376)
		at org.apache.jasper.servlet.JspServlet.service(JspServlet.java:324)
		at javax.servlet.http.HttpServlet.service(HttpServlet.java:623)
		at org.apache.catalina.core.ApplicationFilterChain.internalDoFilter(ApplicationFilterChain.java:199)
		at org.apache.catalina.core.ApplicationFilterChain.doFilter(ApplicationFilterChain.java:144)
		at org.apache.tomcat.websocket.server.WsFilter.doFilter(WsFilter.java:51)
		at org.apache.catalina.core.ApplicationFilterChain.internalDoFilter(ApplicationFilterChain.java:168)
		at org.apache.catalina.core.ApplicationFilterChain.doFilter(ApplicationFilterChain.java:144)
		at org.apache.catalina.core.StandardWrapperValve.invoke(StandardWrapperValve.java:168)
		at org.apache.catalina.core.StandardContextValve.invoke(StandardContextValve.java:90)
		at org.apache.catalina.authenticator.AuthenticatorBase.invoke(AuthenticatorBase.java:482)
		at org.apache.catalina.core.StandardHostValve.invoke(StandardHostValve.java:130)
		at org.apache.catalina.valves.ErrorReportValve.invoke(ErrorReportValve.java:93)
		at org.apache.catalina.valves.AbstractAccessLogValve.invoke(AbstractAccessLogValve.java:660)
		at org.apache.catalina.core.StandardEngineValve.invoke(StandardEngineValve.java:74)
		at org.apache.catalina.connector.CoyoteAdapter.service(CoyoteAdapter.java:346)
		at org.apache.coyote.http11.Http11Processor.service(Http11Processor.java:383)
		at org.apache.coyote.AbstractProcessorLight.process(AbstractProcessorLight.java:63)
		at org.apache.coyote.AbstractProtocol$ConnectionHandler.process(AbstractProtocol.java:937)
		at org.apache.tomcat.util.net.NioEndpoint$SocketProcessor.doRun(NioEndpoint.java:1791)
		at org.apache.tomcat.util.net.SocketProcessorBase.run(SocketProcessorBase.java:52)
		at org.apache.tomcat.util.threads.ThreadPoolExecutor.runWorker(ThreadPoolExecutor.java:1190)
		at org.apache.tomcat.util.threads.ThreadPoolExecutor$Worker.run(ThreadPoolExecutor.java:659)
		at org.apache.tomcat.util.threads.TaskThread$WrappingRunnable.run(TaskThread.java:63)
		at java.base/java.lang.Thread.run(Thread.java:1570)
01-Nov-2024 18:11:06.327 SEVERE [http-nio-8080-exec-41] org.apache.catalina.core.StandardWrapperValve.invoke El Servlet.service() para el servlet [jsp] en el contexto con ruta [/proyecto_web_CRUD] lanzó la excepción [Ha sucedido una excepción al procesar la página JSP [/Proveedores.jsp] en línea [70]

67:                 </thead>
68:                 <tbody id="tbl_proveedor">
69:                     <% 
70:                         Proveedor proveedor = new Proveedor();
71:                         DefaultTableModel tabla = proveedor.leer();
72:                         for (int t = 0; t < tabla.getRowCount(); t++) {
73:                             out.println("<tr data-id='" + tabla.getValueAt(t, 0) + "'>");


Stacktrace:] con causa raíz
	java.lang.ExceptionInInitializerError: Exception java.lang.ExceptionInInitializerError [in thread "http-nio-8080-exec-37"]
		at org.apache.jsp.Proveedores_jsp._jspService(Proveedores_jsp.java:188)
		at org.apache.jasper.runtime.HttpJspBase.service(HttpJspBase.java:67)
		at javax.servlet.http.HttpServlet.service(HttpServlet.java:623)
		at org.apache.jasper.servlet.JspServletWrapper.service(JspServletWrapper.java:466)
		at org.apache.jasper.servlet.JspServlet.serviceJspFile(JspServlet.java:376)
		at org.apache.jasper.servlet.JspServlet.service(JspServlet.java:324)
		at javax.servlet.http.HttpServlet.service(HttpServlet.java:623)
		at org.apache.catalina.core.ApplicationFilterChain.internalDoFilter(ApplicationFilterChain.java:199)
		at org.apache.catalina.core.ApplicationFilterChain.doFilter(ApplicationFilterChain.java:144)
		at org.apache.tomcat.websocket.server.WsFilter.doFilter(WsFilter.java:51)
		at org.apache.catalina.core.ApplicationFilterChain.internalDoFilter(ApplicationFilterChain.java:168)
		at org.apache.catalina.core.ApplicationFilterChain.doFilter(ApplicationFilterChain.java:144)
		at org.apache.catalina.core.StandardWrapperValve.invoke(StandardWrapperValve.java:168)
		at org.apache.catalina.core.StandardContextValve.invoke(StandardContextValve.java:90)
		at org.apache.catalina.authenticator.AuthenticatorBase.invoke(AuthenticatorBase.java:482)
		at org.apache.catalina.core.StandardHostValve.invoke(StandardHostValve.java:130)
		at org.apache.catalina.valves.ErrorReportValve.invoke(ErrorReportValve.java:93)
		at org.apache.catalina.valves.AbstractAccessLogValve.invoke(AbstractAccessLogValve.java:660)
		at org.apache.catalina.core.StandardEngineValve.invoke(StandardEngineValve.java:74)
		at org.apache.catalina.connector.CoyoteAdapter.service(CoyoteAdapter.java:346)
		at org.apache.coyote.http11.Http11Processor.service(Http11Processor.java:383)
		at org.apache.coyote.AbstractProcessorLight.process(AbstractProcessorLight.java:63)
		at org.apache.coyote.AbstractProtocol$ConnectionHandler.process(AbstractProtocol.java:937)
		at org.apache.tomcat.util.net.NioEndpoint$SocketProcessor.doRun(NioEndpoint.java:1791)
		at org.apache.tomcat.util.net.SocketProcessorBase.run(SocketProcessorBase.java:52)
		at org.apache.tomcat.util.threads.ThreadPoolExecutor.runWorker(ThreadPoolExecutor.java:1190)
		at org.apache.tomcat.util.threads.ThreadPoolExecutor$Worker.run(ThreadPoolExecutor.java:659)
		at org.apache.tomcat.util.threads.TaskThread$WrappingRunnable.run(TaskThread.java:63)
		at java.base/java.lang.Thread.run(Thread.java:1570)
01-Nov-2024 18:12:12.019 INFO [main] org.apache.catalina.core.ApplicationContext.log SessionListener: contextDestroyed()
01-Nov-2024 18:12:12.019 INFO [main] org.apache.catalina.core.ApplicationContext.log ContextListener: contextDestroyed()
01-Nov-2024 18:14:11.120 INFO [main] org.apache.catalina.core.ApplicationContext.log ContextListener: contextInitialized()
01-Nov-2024 18:14:11.120 INFO [main] org.apache.catalina.core.ApplicationContext.log SessionListener: contextInitialized()
01-Nov-2024 18:14:11.122 INFO [main] org.apache.catalina.core.ApplicationContext.log ContextListener: attributeAdded('StockTicker', 'async.Stockticker@5bb99d1d')
01-Nov-2024 18:14:17.334 SEVERE [http-nio-8080-exec-7] org.apache.catalina.core.StandardWrapperValve.invoke El Servlet.service() para el servlet [jsp] en el contexto con ruta [/proyecto_web_CRUD] lanzó la excepción [Ha sucedido una excepción al procesar la página JSP [Proveedores.jsp] en línea [70]

67:                 </thead>
68:                 <tbody id="tbl_proveedor">
69:                     <% 
70:                         Proveedor proveedor = new Proveedor();
71:                         DefaultTableModel tabla = proveedor.leer();
72:                         for (int t = 0; t < tabla.getRowCount(); t++) {
73:                             out.println("<tr data-id='" + tabla.getValueAt(t, 0) + "'>");


Stacktrace:] con causa raíz
	java.lang.ClassNotFoundException: modelo_proveedores.Proveedor
		at org.apache.catalina.loader.WebappClassLoaderBase.loadClass(WebappClassLoaderBase.java:1308)
		at org.apache.catalina.loader.WebappClassLoaderBase.loadClass(WebappClassLoaderBase.java:1120)
		at org.apache.jasper.servlet.JasperLoader.loadClass(JasperLoader.java:122)
		at org.apache.jasper.servlet.JasperLoader.loadClass(JasperLoader.java:58)
		at org.apache.jsp.Proveedores_jsp._jspService(Proveedores_jsp.java:188)
		at org.apache.jasper.runtime.HttpJspBase.service(HttpJspBase.java:67)
		at javax.servlet.http.HttpServlet.service(HttpServlet.java:623)
		at org.apache.jasper.servlet.JspServletWrapper.service(JspServletWrapper.java:466)
		at org.apache.jasper.servlet.JspServlet.serviceJspFile(JspServlet.java:376)
		at org.apache.jasper.servlet.JspServlet.service(JspServlet.java:324)
		at javax.servlet.http.HttpServlet.service(HttpServlet.java:623)
		at org.apache.catalina.core.ApplicationFilterChain.internalDoFilter(ApplicationFilterChain.java:199)
		at org.apache.catalina.core.ApplicationFilterChain.doFilter(ApplicationFilterChain.java:144)
		at org.apache.tomcat.websocket.server.WsFilter.doFilter(WsFilter.java:51)
		at org.apache.catalina.core.ApplicationFilterChain.internalDoFilter(ApplicationFilterChain.java:168)
		at org.apache.catalina.core.ApplicationFilterChain.doFilter(ApplicationFilterChain.java:144)
		at org.apache.catalina.core.StandardWrapperValve.invoke(StandardWrapperValve.java:168)
		at org.apache.catalina.core.StandardContextValve.invoke(StandardContextValve.java:90)
		at org.apache.catalina.authenticator.AuthenticatorBase.invoke(AuthenticatorBase.java:482)
		at org.apache.catalina.core.StandardHostValve.invoke(StandardHostValve.java:130)
		at org.apache.catalina.valves.ErrorReportValve.invoke(ErrorReportValve.java:93)
		at org.apache.catalina.valves.AbstractAccessLogValve.invoke(AbstractAccessLogValve.java:660)
		at org.apache.catalina.core.StandardEngineValve.invoke(StandardEngineValve.java:74)
		at org.apache.catalina.connector.CoyoteAdapter.service(CoyoteAdapter.java:346)
		at org.apache.coyote.http11.Http11Processor.service(Http11Processor.java:383)
		at org.apache.coyote.AbstractProcessorLight.process(AbstractProcessorLight.java:63)
		at org.apache.coyote.AbstractProtocol$ConnectionHandler.process(AbstractProtocol.java:937)
		at org.apache.tomcat.util.net.NioEndpoint$SocketProcessor.doRun(NioEndpoint.java:1791)
		at org.apache.tomcat.util.net.SocketProcessorBase.run(SocketProcessorBase.java:52)
		at org.apache.tomcat.util.threads.ThreadPoolExecutor.runWorker(ThreadPoolExecutor.java:1190)
		at org.apache.tomcat.util.threads.ThreadPoolExecutor$Worker.run(ThreadPoolExecutor.java:659)
		at org.apache.tomcat.util.threads.TaskThread$WrappingRunnable.run(TaskThread.java:63)
		at java.base/java.lang.Thread.run(Thread.java:1570)
01-Nov-2024 18:14:18.647 SEVERE [http-nio-8080-exec-3] org.apache.catalina.core.StandardWrapperValve.invoke El Servlet.service() para el servlet [jsp] en el contexto con ruta [/proyecto_web_CRUD] lanzó la excepción [Ha sucedido una excepción al procesar la página JSP [Proveedores.jsp] en línea [70]

67:                 </thead>
68:                 <tbody id="tbl_proveedor">
69:                     <% 
70:                         Proveedor proveedor = new Proveedor();
71:                         DefaultTableModel tabla = proveedor.leer();
72:                         for (int t = 0; t < tabla.getRowCount(); t++) {
73:                             out.println("<tr data-id='" + tabla.getValueAt(t, 0) + "'>");


Stacktrace:] con causa raíz
	java.lang.ClassNotFoundException: modelo_proveedores.Proveedor
		at org.apache.jsp.Proveedores_jsp._jspService(Proveedores_jsp.java:188)
		at org.apache.jasper.runtime.HttpJspBase.service(HttpJspBase.java:67)
		at javax.servlet.http.HttpServlet.service(HttpServlet.java:623)
		at org.apache.jasper.servlet.JspServletWrapper.service(JspServletWrapper.java:466)
		at org.apache.jasper.servlet.JspServlet.serviceJspFile(JspServlet.java:376)
		at org.apache.jasper.servlet.JspServlet.service(JspServlet.java:324)
		at javax.servlet.http.HttpServlet.service(HttpServlet.java:623)
		at org.apache.catalina.core.ApplicationFilterChain.internalDoFilter(ApplicationFilterChain.java:199)
		at org.apache.catalina.core.ApplicationFilterChain.doFilter(ApplicationFilterChain.java:144)
		at org.apache.tomcat.websocket.server.WsFilter.doFilter(WsFilter.java:51)
		at org.apache.catalina.core.ApplicationFilterChain.internalDoFilter(ApplicationFilterChain.java:168)
		at org.apache.catalina.core.ApplicationFilterChain.doFilter(ApplicationFilterChain.java:144)
		at org.apache.catalina.core.StandardWrapperValve.invoke(StandardWrapperValve.java:168)
		at org.apache.catalina.core.StandardContextValve.invoke(StandardContextValve.java:90)
		at org.apache.catalina.authenticator.AuthenticatorBase.invoke(AuthenticatorBase.java:482)
		at org.apache.catalina.core.StandardHostValve.invoke(StandardHostValve.java:130)
		at org.apache.catalina.valves.ErrorReportValve.invoke(ErrorReportValve.java:93)
		at org.apache.catalina.valves.AbstractAccessLogValve.invoke(AbstractAccessLogValve.java:660)
		at org.apache.catalina.core.StandardEngineValve.invoke(StandardEngineValve.java:74)
		at org.apache.catalina.connector.CoyoteAdapter.service(CoyoteAdapter.java:346)
		at org.apache.coyote.http11.Http11Processor.service(Http11Processor.java:383)
		at org.apache.coyote.AbstractProcessorLight.process(AbstractProcessorLight.java:63)
		at org.apache.coyote.AbstractProtocol$ConnectionHandler.process(AbstractProtocol.java:937)
		at org.apache.tomcat.util.net.NioEndpoint$SocketProcessor.doRun(NioEndpoint.java:1791)
		at org.apache.tomcat.util.net.SocketProcessorBase.run(SocketProcessorBase.java:52)
		at org.apache.tomcat.util.threads.ThreadPoolExecutor.runWorker(ThreadPoolExecutor.java:1190)
		at org.apache.tomcat.util.threads.ThreadPoolExecutor$Worker.run(ThreadPoolExecutor.java:659)
		at org.apache.tomcat.util.threads.TaskThread$WrappingRunnable.run(TaskThread.java:63)
		at java.base/java.lang.Thread.run(Thread.java:1570)
01-Nov-2024 18:14:19.278 SEVERE [http-nio-8080-exec-1] org.apache.catalina.core.StandardWrapperValve.invoke El Servlet.service() para el servlet [jsp] en el contexto con ruta [/proyecto_web_CRUD] lanzó la excepción [Ha sucedido una excepción al procesar la página JSP [Proveedores.jsp] en línea [70]

67:                 </thead>
68:                 <tbody id="tbl_proveedor">
69:                     <% 
70:                         Proveedor proveedor = new Proveedor();
71:                         DefaultTableModel tabla = proveedor.leer();
72:                         for (int t = 0; t < tabla.getRowCount(); t++) {
73:                             out.println("<tr data-id='" + tabla.getValueAt(t, 0) + "'>");


Stacktrace:] con causa raíz
	java.lang.ClassNotFoundException: modelo_proveedores.Proveedor
		at org.apache.jsp.Proveedores_jsp._jspService(Proveedores_jsp.java:188)
		at org.apache.jasper.runtime.HttpJspBase.service(HttpJspBase.java:67)
		at javax.servlet.http.HttpServlet.service(HttpServlet.java:623)
		at org.apache.jasper.servlet.JspServletWrapper.service(JspServletWrapper.java:466)
		at org.apache.jasper.servlet.JspServlet.serviceJspFile(JspServlet.java:376)
		at org.apache.jasper.servlet.JspServlet.service(JspServlet.java:324)
		at javax.servlet.http.HttpServlet.service(HttpServlet.java:623)
		at org.apache.catalina.core.ApplicationFilterChain.internalDoFilter(ApplicationFilterChain.java:199)
		at org.apache.catalina.core.ApplicationFilterChain.doFilter(ApplicationFilterChain.java:144)
		at org.apache.tomcat.websocket.server.WsFilter.doFilter(WsFilter.java:51)
		at org.apache.catalina.core.ApplicationFilterChain.internalDoFilter(ApplicationFilterChain.java:168)
		at org.apache.catalina.core.ApplicationFilterChain.doFilter(ApplicationFilterChain.java:144)
		at org.apache.catalina.core.StandardWrapperValve.invoke(StandardWrapperValve.java:168)
		at org.apache.catalina.core.StandardContextValve.invoke(StandardContextValve.java:90)
		at org.apache.catalina.authenticator.AuthenticatorBase.invoke(AuthenticatorBase.java:482)
		at org.apache.catalina.core.StandardHostValve.invoke(StandardHostValve.java:130)
		at org.apache.catalina.valves.ErrorReportValve.invoke(ErrorReportValve.java:93)
		at org.apache.catalina.valves.AbstractAccessLogValve.invoke(AbstractAccessLogValve.java:660)
		at org.apache.catalina.core.StandardEngineValve.invoke(StandardEngineValve.java:74)
		at org.apache.catalina.connector.CoyoteAdapter.service(CoyoteAdapter.java:346)
		at org.apache.coyote.http11.Http11Processor.service(Http11Processor.java:383)
		at org.apache.coyote.AbstractProcessorLight.process(AbstractProcessorLight.java:63)
		at org.apache.coyote.AbstractProtocol$ConnectionHandler.process(AbstractProtocol.java:937)
		at org.apache.tomcat.util.net.NioEndpoint$SocketProcessor.doRun(NioEndpoint.java:1791)
		at org.apache.tomcat.util.net.SocketProcessorBase.run(SocketProcessorBase.java:52)
		at org.apache.tomcat.util.threads.ThreadPoolExecutor.runWorker(ThreadPoolExecutor.java:1190)
		at org.apache.tomcat.util.threads.ThreadPoolExecutor$Worker.run(ThreadPoolExecutor.java:659)
		at org.apache.tomcat.util.threads.TaskThread$WrappingRunnable.run(TaskThread.java:63)
		at java.base/java.lang.Thread.run(Thread.java:1570)
01-Nov-2024 18:14:19.441 SEVERE [http-nio-8080-exec-11] org.apache.catalina.core.StandardWrapperValve.invoke El Servlet.service() para el servlet [jsp] en el contexto con ruta [/proyecto_web_CRUD] lanzó la excepción [Ha sucedido una excepción al procesar la página JSP [Proveedores.jsp] en línea [70]

67:                 </thead>
68:                 <tbody id="tbl_proveedor">
69:                     <% 
70:                         Proveedor proveedor = new Proveedor();
71:                         DefaultTableModel tabla = proveedor.leer();
72:                         for (int t = 0; t < tabla.getRowCount(); t++) {
73:                             out.println("<tr data-id='" + tabla.getValueAt(t, 0) + "'>");


Stacktrace:] con causa raíz
	java.lang.ClassNotFoundException: modelo_proveedores.Proveedor
		at org.apache.jsp.Proveedores_jsp._jspService(Proveedores_jsp.java:188)
		at org.apache.jasper.runtime.HttpJspBase.service(HttpJspBase.java:67)
		at javax.servlet.http.HttpServlet.service(HttpServlet.java:623)
		at org.apache.jasper.servlet.JspServletWrapper.service(JspServletWrapper.java:466)
		at org.apache.jasper.servlet.JspServlet.serviceJspFile(JspServlet.java:376)
		at org.apache.jasper.servlet.JspServlet.service(JspServlet.java:324)
		at javax.servlet.http.HttpServlet.service(HttpServlet.java:623)
		at org.apache.catalina.core.ApplicationFilterChain.internalDoFilter(ApplicationFilterChain.java:199)
		at org.apache.catalina.core.ApplicationFilterChain.doFilter(ApplicationFilterChain.java:144)
		at org.apache.tomcat.websocket.server.WsFilter.doFilter(WsFilter.java:51)
		at org.apache.catalina.core.ApplicationFilterChain.internalDoFilter(ApplicationFilterChain.java:168)
		at org.apache.catalina.core.ApplicationFilterChain.doFilter(ApplicationFilterChain.java:144)
		at org.apache.catalina.core.StandardWrapperValve.invoke(StandardWrapperValve.java:168)
		at org.apache.catalina.core.StandardContextValve.invoke(StandardContextValve.java:90)
		at org.apache.catalina.authenticator.AuthenticatorBase.invoke(AuthenticatorBase.java:482)
		at org.apache.catalina.core.StandardHostValve.invoke(StandardHostValve.java:130)
		at org.apache.catalina.valves.ErrorReportValve.invoke(ErrorReportValve.java:93)
		at org.apache.catalina.valves.AbstractAccessLogValve.invoke(AbstractAccessLogValve.java:660)
		at org.apache.catalina.core.StandardEngineValve.invoke(StandardEngineValve.java:74)
		at org.apache.catalina.connector.CoyoteAdapter.service(CoyoteAdapter.java:346)
		at org.apache.coyote.http11.Http11Processor.service(Http11Processor.java:383)
		at org.apache.coyote.AbstractProcessorLight.process(AbstractProcessorLight.java:63)
		at org.apache.coyote.AbstractProtocol$ConnectionHandler.process(AbstractProtocol.java:937)
		at org.apache.tomcat.util.net.NioEndpoint$SocketProcessor.doRun(NioEndpoint.java:1791)
		at org.apache.tomcat.util.net.SocketProcessorBase.run(SocketProcessorBase.java:52)
		at org.apache.tomcat.util.threads.ThreadPoolExecutor.runWorker(ThreadPoolExecutor.java:1190)
		at org.apache.tomcat.util.threads.ThreadPoolExecutor$Worker.run(ThreadPoolExecutor.java:659)
		at org.apache.tomcat.util.threads.TaskThread$WrappingRunnable.run(TaskThread.java:63)
		at java.base/java.lang.Thread.run(Thread.java:1570)
01-Nov-2024 18:14:19.598 SEVERE [http-nio-8080-exec-6] org.apache.catalina.core.StandardWrapperValve.invoke El Servlet.service() para el servlet [jsp] en el contexto con ruta [/proyecto_web_CRUD] lanzó la excepción [Ha sucedido una excepción al procesar la página JSP [Proveedores.jsp] en línea [70]

67:                 </thead>
68:                 <tbody id="tbl_proveedor">
69:                     <% 
70:                         Proveedor proveedor = new Proveedor();
71:                         DefaultTableModel tabla = proveedor.leer();
72:                         for (int t = 0; t < tabla.getRowCount(); t++) {
73:                             out.println("<tr data-id='" + tabla.getValueAt(t, 0) + "'>");


Stacktrace:] con causa raíz
	java.lang.ClassNotFoundException: modelo_proveedores.Proveedor
		at org.apache.jsp.Proveedores_jsp._jspService(Proveedores_jsp.java:188)
		at org.apache.jasper.runtime.HttpJspBase.service(HttpJspBase.java:67)
		at javax.servlet.http.HttpServlet.service(HttpServlet.java:623)
		at org.apache.jasper.servlet.JspServletWrapper.service(JspServletWrapper.java:466)
		at org.apache.jasper.servlet.JspServlet.serviceJspFile(JspServlet.java:376)
		at org.apache.jasper.servlet.JspServlet.service(JspServlet.java:324)
		at javax.servlet.http.HttpServlet.service(HttpServlet.java:623)
		at org.apache.catalina.core.ApplicationFilterChain.internalDoFilter(ApplicationFilterChain.java:199)
		at org.apache.catalina.core.ApplicationFilterChain.doFilter(ApplicationFilterChain.java:144)
		at org.apache.tomcat.websocket.server.WsFilter.doFilter(WsFilter.java:51)
		at org.apache.catalina.core.ApplicationFilterChain.internalDoFilter(ApplicationFilterChain.java:168)
		at org.apache.catalina.core.ApplicationFilterChain.doFilter(ApplicationFilterChain.java:144)
		at org.apache.catalina.core.StandardWrapperValve.invoke(StandardWrapperValve.java:168)
		at org.apache.catalina.core.StandardContextValve.invoke(StandardContextValve.java:90)
		at org.apache.catalina.authenticator.AuthenticatorBase.invoke(AuthenticatorBase.java:482)
		at org.apache.catalina.core.StandardHostValve.invoke(StandardHostValve.java:130)
		at org.apache.catalina.valves.ErrorReportValve.invoke(ErrorReportValve.java:93)
		at org.apache.catalina.valves.AbstractAccessLogValve.invoke(AbstractAccessLogValve.java:660)
		at org.apache.catalina.core.StandardEngineValve.invoke(StandardEngineValve.java:74)
		at org.apache.catalina.connector.CoyoteAdapter.service(CoyoteAdapter.java:346)
		at org.apache.coyote.http11.Http11Processor.service(Http11Processor.java:383)
		at org.apache.coyote.AbstractProcessorLight.process(AbstractProcessorLight.java:63)
		at org.apache.coyote.AbstractProtocol$ConnectionHandler.process(AbstractProtocol.java:937)
		at org.apache.tomcat.util.net.NioEndpoint$SocketProcessor.doRun(NioEndpoint.java:1791)
		at org.apache.tomcat.util.net.SocketProcessorBase.run(SocketProcessorBase.java:52)
		at org.apache.tomcat.util.threads.ThreadPoolExecutor.runWorker(ThreadPoolExecutor.java:1190)
		at org.apache.tomcat.util.threads.ThreadPoolExecutor$Worker.run(ThreadPoolExecutor.java:659)
		at org.apache.tomcat.util.threads.TaskThread$WrappingRunnable.run(TaskThread.java:63)
		at java.base/java.lang.Thread.run(Thread.java:1570)
01-Nov-2024 18:14:19.733 SEVERE [http-nio-8080-exec-8] org.apache.catalina.core.StandardWrapperValve.invoke El Servlet.service() para el servlet [jsp] en el contexto con ruta [/proyecto_web_CRUD] lanzó la excepción [Ha sucedido una excepción al procesar la página JSP [Proveedores.jsp] en línea [70]

67:                 </thead>
68:                 <tbody id="tbl_proveedor">
69:                     <% 
70:                         Proveedor proveedor = new Proveedor();
71:                         DefaultTableModel tabla = proveedor.leer();
72:                         for (int t = 0; t < tabla.getRowCount(); t++) {
73:                             out.println("<tr data-id='" + tabla.getValueAt(t, 0) + "'>");


Stacktrace:] con causa raíz
	java.lang.ClassNotFoundException: modelo_proveedores.Proveedor
		at org.apache.jsp.Proveedores_jsp._jspService(Proveedores_jsp.java:188)
		at org.apache.jasper.runtime.HttpJspBase.service(HttpJspBase.java:67)
		at javax.servlet.http.HttpServlet.service(HttpServlet.java:623)
		at org.apache.jasper.servlet.JspServletWrapper.service(JspServletWrapper.java:466)
		at org.apache.jasper.servlet.JspServlet.serviceJspFile(JspServlet.java:376)
		at org.apache.jasper.servlet.JspServlet.service(JspServlet.java:324)
		at javax.servlet.http.HttpServlet.service(HttpServlet.java:623)
		at org.apache.catalina.core.ApplicationFilterChain.internalDoFilter(ApplicationFilterChain.java:199)
		at org.apache.catalina.core.ApplicationFilterChain.doFilter(ApplicationFilterChain.java:144)
		at org.apache.tomcat.websocket.server.WsFilter.doFilter(WsFilter.java:51)
		at org.apache.catalina.core.ApplicationFilterChain.internalDoFilter(ApplicationFilterChain.java:168)
		at org.apache.catalina.core.ApplicationFilterChain.doFilter(ApplicationFilterChain.java:144)
		at org.apache.catalina.core.StandardWrapperValve.invoke(StandardWrapperValve.java:168)
		at org.apache.catalina.core.StandardContextValve.invoke(StandardContextValve.java:90)
		at org.apache.catalina.authenticator.AuthenticatorBase.invoke(AuthenticatorBase.java:482)
		at org.apache.catalina.core.StandardHostValve.invoke(StandardHostValve.java:130)
		at org.apache.catalina.valves.ErrorReportValve.invoke(ErrorReportValve.java:93)
		at org.apache.catalina.valves.AbstractAccessLogValve.invoke(AbstractAccessLogValve.java:660)
		at org.apache.catalina.core.StandardEngineValve.invoke(StandardEngineValve.java:74)
		at org.apache.catalina.connector.CoyoteAdapter.service(CoyoteAdapter.java:346)
		at org.apache.coyote.http11.Http11Processor.service(Http11Processor.java:383)
		at org.apache.coyote.AbstractProcessorLight.process(AbstractProcessorLight.java:63)
		at org.apache.coyote.AbstractProtocol$ConnectionHandler.process(AbstractProtocol.java:937)
		at org.apache.tomcat.util.net.NioEndpoint$SocketProcessor.doRun(NioEndpoint.java:1791)
		at org.apache.tomcat.util.net.SocketProcessorBase.run(SocketProcessorBase.java:52)
		at org.apache.tomcat.util.threads.ThreadPoolExecutor.runWorker(ThreadPoolExecutor.java:1190)
		at org.apache.tomcat.util.threads.ThreadPoolExecutor$Worker.run(ThreadPoolExecutor.java:659)
		at org.apache.tomcat.util.threads.TaskThread$WrappingRunnable.run(TaskThread.java:63)
		at java.base/java.lang.Thread.run(Thread.java:1570)
01-Nov-2024 18:14:27.497 SEVERE [http-nio-8080-exec-12] org.apache.catalina.core.StandardWrapperValve.invoke El Servlet.service() para el servlet [jsp] en el contexto con ruta [/proyecto_web_CRUD] lanzó la excepción [Ha sucedido una excepción al procesar la página JSP [Proveedores.jsp] en línea [70]

67:                 </thead>
68:                 <tbody id="tbl_proveedor">
69:                     <% 
70:                         Proveedor proveedor = new Proveedor();
71:                         DefaultTableModel tabla = proveedor.leer();
72:                         for (int t = 0; t < tabla.getRowCount(); t++) {
73:                             out.println("<tr data-id='" + tabla.getValueAt(t, 0) + "'>");


Stacktrace:] con causa raíz
	java.lang.ClassNotFoundException: modelo_proveedores.Proveedor
		at org.apache.jsp.Proveedores_jsp._jspService(Proveedores_jsp.java:188)
		at org.apache.jasper.runtime.HttpJspBase.service(HttpJspBase.java:67)
		at javax.servlet.http.HttpServlet.service(HttpServlet.java:623)
		at org.apache.jasper.servlet.JspServletWrapper.service(JspServletWrapper.java:466)
		at org.apache.jasper.servlet.JspServlet.serviceJspFile(JspServlet.java:376)
		at org.apache.jasper.servlet.JspServlet.service(JspServlet.java:324)
		at javax.servlet.http.HttpServlet.service(HttpServlet.java:623)
		at org.apache.catalina.core.ApplicationFilterChain.internalDoFilter(ApplicationFilterChain.java:199)
		at org.apache.catalina.core.ApplicationFilterChain.doFilter(ApplicationFilterChain.java:144)
		at org.apache.tomcat.websocket.server.WsFilter.doFilter(WsFilter.java:51)
		at org.apache.catalina.core.ApplicationFilterChain.internalDoFilter(ApplicationFilterChain.java:168)
		at org.apache.catalina.core.ApplicationFilterChain.doFilter(ApplicationFilterChain.java:144)
		at org.apache.catalina.core.StandardWrapperValve.invoke(StandardWrapperValve.java:168)
		at org.apache.catalina.core.StandardContextValve.invoke(StandardContextValve.java:90)
		at org.apache.catalina.authenticator.AuthenticatorBase.invoke(AuthenticatorBase.java:482)
		at org.apache.catalina.core.StandardHostValve.invoke(StandardHostValve.java:130)
		at org.apache.catalina.valves.ErrorReportValve.invoke(ErrorReportValve.java:93)
		at org.apache.catalina.valves.AbstractAccessLogValve.invoke(AbstractAccessLogValve.java:660)
		at org.apache.catalina.core.StandardEngineValve.invoke(StandardEngineValve.java:74)
		at org.apache.catalina.connector.CoyoteAdapter.service(CoyoteAdapter.java:346)
		at org.apache.coyote.http11.Http11Processor.service(Http11Processor.java:383)
		at org.apache.coyote.AbstractProcessorLight.process(AbstractProcessorLight.java:63)
		at org.apache.coyote.AbstractProtocol$ConnectionHandler.process(AbstractProtocol.java:937)
		at org.apache.tomcat.util.net.NioEndpoint$SocketProcessor.doRun(NioEndpoint.java:1791)
		at org.apache.tomcat.util.net.SocketProcessorBase.run(SocketProcessorBase.java:52)
		at org.apache.tomcat.util.threads.ThreadPoolExecutor.runWorker(ThreadPoolExecutor.java:1190)
		at org.apache.tomcat.util.threads.ThreadPoolExecutor$Worker.run(ThreadPoolExecutor.java:659)
		at org.apache.tomcat.util.threads.TaskThread$WrappingRunnable.run(TaskThread.java:63)
		at java.base/java.lang.Thread.run(Thread.java:1570)
01-Nov-2024 18:14:30.484 SEVERE [http-nio-8080-exec-4] org.apache.catalina.core.StandardWrapperValve.invoke El Servlet.service() para el servlet [jsp] en el contexto con ruta [/proyecto_web_CRUD] lanzó la excepción [Ha sucedido una excepción al procesar la página JSP [Proveedores.jsp] en línea [70]

67:                 </thead>
68:                 <tbody id="tbl_proveedor">
69:                     <% 
70:                         Proveedor proveedor = new Proveedor();
71:                         DefaultTableModel tabla = proveedor.leer();
72:                         for (int t = 0; t < tabla.getRowCount(); t++) {
73:                             out.println("<tr data-id='" + tabla.getValueAt(t, 0) + "'>");


Stacktrace:] con causa raíz
	java.lang.ClassNotFoundException: modelo_proveedores.Proveedor
		at org.apache.jsp.Proveedores_jsp._jspService(Proveedores_jsp.java:188)
		at org.apache.jasper.runtime.HttpJspBase.service(HttpJspBase.java:67)
		at javax.servlet.http.HttpServlet.service(HttpServlet.java:623)
		at org.apache.jasper.servlet.JspServletWrapper.service(JspServletWrapper.java:466)
		at org.apache.jasper.servlet.JspServlet.serviceJspFile(JspServlet.java:376)
		at org.apache.jasper.servlet.JspServlet.service(JspServlet.java:324)
		at javax.servlet.http.HttpServlet.service(HttpServlet.java:623)
		at org.apache.catalina.core.ApplicationFilterChain.internalDoFilter(ApplicationFilterChain.java:199)
		at org.apache.catalina.core.ApplicationFilterChain.doFilter(ApplicationFilterChain.java:144)
		at org.apache.tomcat.websocket.server.WsFilter.doFilter(WsFilter.java:51)
		at org.apache.catalina.core.ApplicationFilterChain.internalDoFilter(ApplicationFilterChain.java:168)
		at org.apache.catalina.core.ApplicationFilterChain.doFilter(ApplicationFilterChain.java:144)
		at org.apache.catalina.core.StandardWrapperValve.invoke(StandardWrapperValve.java:168)
		at org.apache.catalina.core.StandardContextValve.invoke(StandardContextValve.java:90)
		at org.apache.catalina.authenticator.AuthenticatorBase.invoke(AuthenticatorBase.java:482)
		at org.apache.catalina.core.StandardHostValve.invoke(StandardHostValve.java:130)
		at org.apache.catalina.valves.ErrorReportValve.invoke(ErrorReportValve.java:93)
		at org.apache.catalina.valves.AbstractAccessLogValve.invoke(AbstractAccessLogValve.java:660)
		at org.apache.catalina.core.StandardEngineValve.invoke(StandardEngineValve.java:74)
		at org.apache.catalina.connector.CoyoteAdapter.service(CoyoteAdapter.java:346)
		at org.apache.coyote.http11.Http11Processor.service(Http11Processor.java:383)
		at org.apache.coyote.AbstractProcessorLight.process(AbstractProcessorLight.java:63)
		at org.apache.coyote.AbstractProtocol$ConnectionHandler.process(AbstractProtocol.java:937)
		at org.apache.tomcat.util.net.NioEndpoint$SocketProcessor.doRun(NioEndpoint.java:1791)
		at org.apache.tomcat.util.net.SocketProcessorBase.run(SocketProcessorBase.java:52)
		at org.apache.tomcat.util.threads.ThreadPoolExecutor.runWorker(ThreadPoolExecutor.java:1190)
		at org.apache.tomcat.util.threads.ThreadPoolExecutor$Worker.run(ThreadPoolExecutor.java:659)
		at org.apache.tomcat.util.threads.TaskThread$WrappingRunnable.run(TaskThread.java:63)
		at java.base/java.lang.Thread.run(Thread.java:1570)
01-Nov-2024 18:16:45.711 SEVERE [http-nio-8080-exec-29] org.apache.catalina.core.StandardWrapperValve.invoke El Servlet.service() para el servlet [jsp] en el contexto con ruta [/pr_sistema_empresa_weblocal] lanzó la excepción [Ha sucedido una excepción al procesar la página JSP [index.jsp] en línea [27]

24:             <label for="lbl_marca"><b>Marca:</b></label>
25:             <select name="drop_marca" id="drop_marca" class="form-control"> 
26:                 <% 
27:                 marcas marcas = new marcas();
28:                 HashMap<String, String> drop = marcas.drop_Marca();
29:                 for(String i: drop.keySet()){
30:                     out.println("<option value='" + i + "'> "+drop.get(i)+" </option>");


Stacktrace:] con causa raíz
	java.lang.ClassNotFoundException: Modelo.marcas
		at org.apache.catalina.loader.WebappClassLoaderBase.loadClass(WebappClassLoaderBase.java:1308)
		at org.apache.catalina.loader.WebappClassLoaderBase.loadClass(WebappClassLoaderBase.java:1120)
		at org.apache.jasper.servlet.JasperLoader.loadClass(JasperLoader.java:122)
		at org.apache.jasper.servlet.JasperLoader.loadClass(JasperLoader.java:58)
		at org.apache.jsp.index_jsp._jspService(index_jsp.java:151)
		at org.apache.jasper.runtime.HttpJspBase.service(HttpJspBase.java:67)
		at javax.servlet.http.HttpServlet.service(HttpServlet.java:623)
		at org.apache.jasper.servlet.JspServletWrapper.service(JspServletWrapper.java:466)
		at org.apache.jasper.servlet.JspServlet.serviceJspFile(JspServlet.java:376)
		at org.apache.jasper.servlet.JspServlet.service(JspServlet.java:324)
		at javax.servlet.http.HttpServlet.service(HttpServlet.java:623)
		at org.apache.catalina.core.ApplicationFilterChain.internalDoFilter(ApplicationFilterChain.java:199)
		at org.apache.catalina.core.ApplicationFilterChain.doFilter(ApplicationFilterChain.java:144)
		at org.apache.tomcat.websocket.server.WsFilter.doFilter(WsFilter.java:51)
		at org.apache.catalina.core.ApplicationFilterChain.internalDoFilter(ApplicationFilterChain.java:168)
		at org.apache.catalina.core.ApplicationFilterChain.doFilter(ApplicationFilterChain.java:144)
		at org.apache.catalina.core.StandardWrapperValve.invoke(StandardWrapperValve.java:168)
		at org.apache.catalina.core.StandardContextValve.invoke(StandardContextValve.java:90)
		at org.apache.catalina.authenticator.AuthenticatorBase.invoke(AuthenticatorBase.java:482)
		at org.apache.catalina.core.StandardHostValve.invoke(StandardHostValve.java:130)
		at org.apache.catalina.valves.ErrorReportValve.invoke(ErrorReportValve.java:93)
		at org.apache.catalina.valves.AbstractAccessLogValve.invoke(AbstractAccessLogValve.java:660)
		at org.apache.catalina.core.StandardEngineValve.invoke(StandardEngineValve.java:74)
		at org.apache.catalina.connector.CoyoteAdapter.service(CoyoteAdapter.java:346)
		at org.apache.coyote.http11.Http11Processor.service(Http11Processor.java:383)
		at org.apache.coyote.AbstractProcessorLight.process(AbstractProcessorLight.java:63)
		at org.apache.coyote.AbstractProtocol$ConnectionHandler.process(AbstractProtocol.java:937)
		at org.apache.tomcat.util.net.NioEndpoint$SocketProcessor.doRun(NioEndpoint.java:1791)
		at org.apache.tomcat.util.net.SocketProcessorBase.run(SocketProcessorBase.java:52)
		at org.apache.tomcat.util.threads.ThreadPoolExecutor.runWorker(ThreadPoolExecutor.java:1190)
		at org.apache.tomcat.util.threads.ThreadPoolExecutor$Worker.run(ThreadPoolExecutor.java:659)
		at org.apache.tomcat.util.threads.TaskThread$WrappingRunnable.run(TaskThread.java:63)
		at java.base/java.lang.Thread.run(Thread.java:1570)
01-Nov-2024 18:17:03.433 SEVERE [http-nio-8080-exec-30] org.apache.catalina.core.StandardWrapperValve.invoke El Servlet.service() para el servlet [jsp] en el contexto con ruta [/pr_sistema_empresa_weblocal] lanzó la excepción [Ha sucedido una excepción al procesar la página JSP [Registro_compras.jsp] en línea [64]

61:                             <label for="txt_id_proveedor"><b>Proveedor: </b><a href="Registro_proveedor.jsp">Ir a proveedores</a></label> 
62:                             <select name="txt_id_proveedor" id="txt_id_proveedor" class="form-control" required>
63:                                 <% 
64:                                     Proveedor proveedor = new Proveedor();
65:                                     DefaultTableModel tablaProveedores = proveedor.leer();
66:                                     for (int t = 0; t < tablaProveedores.getRowCount(); t++) {
67:                                         out.println("<option value='" + tablaProveedores.getValueAt(t, 0) + "'>" + tablaProveedores.getValueAt(t, 1) + "</option>");


Stacktrace:] con causa raíz
	java.lang.ClassNotFoundException: Modelo.Proveedor
		at org.apache.catalina.loader.WebappClassLoaderBase.loadClass(WebappClassLoaderBase.java:1308)
		at org.apache.catalina.loader.WebappClassLoaderBase.loadClass(WebappClassLoaderBase.java:1120)
		at org.apache.jasper.servlet.JasperLoader.loadClass(JasperLoader.java:122)
		at org.apache.jasper.servlet.JasperLoader.loadClass(JasperLoader.java:58)
		at org.apache.jsp.Registro_005fcompras_jsp._jspService(Registro_005fcompras_jsp.java:186)
		at org.apache.jasper.runtime.HttpJspBase.service(HttpJspBase.java:67)
		at javax.servlet.http.HttpServlet.service(HttpServlet.java:623)
		at org.apache.jasper.servlet.JspServletWrapper.service(JspServletWrapper.java:466)
		at org.apache.jasper.servlet.JspServlet.serviceJspFile(JspServlet.java:376)
		at org.apache.jasper.servlet.JspServlet.service(JspServlet.java:324)
		at javax.servlet.http.HttpServlet.service(HttpServlet.java:623)
		at org.apache.catalina.core.ApplicationFilterChain.internalDoFilter(ApplicationFilterChain.java:199)
		at org.apache.catalina.core.ApplicationFilterChain.doFilter(ApplicationFilterChain.java:144)
		at org.apache.tomcat.websocket.server.WsFilter.doFilter(WsFilter.java:51)
		at org.apache.catalina.core.ApplicationFilterChain.internalDoFilter(ApplicationFilterChain.java:168)
		at org.apache.catalina.core.ApplicationFilterChain.doFilter(ApplicationFilterChain.java:144)
		at org.apache.catalina.core.StandardWrapperValve.invoke(StandardWrapperValve.java:168)
		at org.apache.catalina.core.StandardContextValve.invoke(StandardContextValve.java:90)
		at org.apache.catalina.authenticator.AuthenticatorBase.invoke(AuthenticatorBase.java:482)
		at org.apache.catalina.core.StandardHostValve.invoke(StandardHostValve.java:130)
		at org.apache.catalina.valves.ErrorReportValve.invoke(ErrorReportValve.java:93)
		at org.apache.catalina.valves.AbstractAccessLogValve.invoke(AbstractAccessLogValve.java:660)
		at org.apache.catalina.core.StandardEngineValve.invoke(StandardEngineValve.java:74)
		at org.apache.catalina.connector.CoyoteAdapter.service(CoyoteAdapter.java:346)
		at org.apache.coyote.http11.Http11Processor.service(Http11Processor.java:383)
		at org.apache.coyote.AbstractProcessorLight.process(AbstractProcessorLight.java:63)
		at org.apache.coyote.AbstractProtocol$ConnectionHandler.process(AbstractProtocol.java:937)
		at org.apache.tomcat.util.net.NioEndpoint$SocketProcessor.doRun(NioEndpoint.java:1791)
		at org.apache.tomcat.util.net.SocketProcessorBase.run(SocketProcessorBase.java:52)
		at org.apache.tomcat.util.threads.ThreadPoolExecutor.runWorker(ThreadPoolExecutor.java:1190)
		at org.apache.tomcat.util.threads.ThreadPoolExecutor$Worker.run(ThreadPoolExecutor.java:659)
		at org.apache.tomcat.util.threads.TaskThread$WrappingRunnable.run(TaskThread.java:63)
		at java.base/java.lang.Thread.run(Thread.java:1570)
01-Nov-2024 18:37:20.035 INFO [main] org.apache.catalina.core.ApplicationContext.log SessionListener: contextDestroyed()
01-Nov-2024 18:37:20.035 INFO [main] org.apache.catalina.core.ApplicationContext.log ContextListener: contextDestroyed()
01-Nov-2024 18:42:03.763 INFO [main] org.apache.catalina.core.ApplicationContext.log ContextListener: contextInitialized()
01-Nov-2024 18:42:03.763 INFO [main] org.apache.catalina.core.ApplicationContext.log SessionListener: contextInitialized()
01-Nov-2024 18:42:03.764 INFO [main] org.apache.catalina.core.ApplicationContext.log ContextListener: attributeAdded('StockTicker', 'async.Stockticker@241d1052')
01-Nov-2024 18:42:55.317 SEVERE [http-nio-8080-exec-4] org.apache.catalina.core.StandardWrapperValve.invoke El Servlet.service() para el servlet [jsp] en el contexto con ruta [/proyecto_web_CRUD] lanzó la excepción [Ha sucedido una excepción al procesar la página JSP [Proveedores.jsp] en línea [70]

67:                 </thead>
68:                 <tbody id="tbl_proveedor">
69:                     <% 
70:                         Proveedor proveedor = new Proveedor();
71:                         DefaultTableModel tabla = proveedor.leer();
72:                         for (int t = 0; t < tabla.getRowCount(); t++) {
73:                             out.println("<tr data-id='" + tabla.getValueAt(t, 0) + "'>");


Stacktrace:] con causa raíz
	java.lang.ClassNotFoundException: modelo_proveedores.Proveedor
		at org.apache.catalina.loader.WebappClassLoaderBase.loadClass(WebappClassLoaderBase.java:1308)
		at org.apache.catalina.loader.WebappClassLoaderBase.loadClass(WebappClassLoaderBase.java:1120)
		at org.apache.jasper.servlet.JasperLoader.loadClass(JasperLoader.java:122)
		at org.apache.jasper.servlet.JasperLoader.loadClass(JasperLoader.java:58)
		at org.apache.jsp.Proveedores_jsp._jspService(Proveedores_jsp.java:188)
		at org.apache.jasper.runtime.HttpJspBase.service(HttpJspBase.java:67)
		at javax.servlet.http.HttpServlet.service(HttpServlet.java:623)
		at org.apache.jasper.servlet.JspServletWrapper.service(JspServletWrapper.java:466)
		at org.apache.jasper.servlet.JspServlet.serviceJspFile(JspServlet.java:376)
		at org.apache.jasper.servlet.JspServlet.service(JspServlet.java:324)
		at javax.servlet.http.HttpServlet.service(HttpServlet.java:623)
		at org.apache.catalina.core.ApplicationFilterChain.internalDoFilter(ApplicationFilterChain.java:199)
		at org.apache.catalina.core.ApplicationFilterChain.doFilter(ApplicationFilterChain.java:144)
		at org.apache.tomcat.websocket.server.WsFilter.doFilter(WsFilter.java:51)
		at org.apache.catalina.core.ApplicationFilterChain.internalDoFilter(ApplicationFilterChain.java:168)
		at org.apache.catalina.core.ApplicationFilterChain.doFilter(ApplicationFilterChain.java:144)
		at org.apache.catalina.core.StandardWrapperValve.invoke(StandardWrapperValve.java:168)
		at org.apache.catalina.core.StandardContextValve.invoke(StandardContextValve.java:90)
		at org.apache.catalina.authenticator.AuthenticatorBase.invoke(AuthenticatorBase.java:482)
		at org.apache.catalina.core.StandardHostValve.invoke(StandardHostValve.java:130)
		at org.apache.catalina.valves.ErrorReportValve.invoke(ErrorReportValve.java:93)
		at org.apache.catalina.valves.AbstractAccessLogValve.invoke(AbstractAccessLogValve.java:660)
		at org.apache.catalina.core.StandardEngineValve.invoke(StandardEngineValve.java:74)
		at org.apache.catalina.connector.CoyoteAdapter.service(CoyoteAdapter.java:346)
		at org.apache.coyote.http11.Http11Processor.service(Http11Processor.java:383)
		at org.apache.coyote.AbstractProcessorLight.process(AbstractProcessorLight.java:63)
		at org.apache.coyote.AbstractProtocol$ConnectionHandler.process(AbstractProtocol.java:937)
		at org.apache.tomcat.util.net.NioEndpoint$SocketProcessor.doRun(NioEndpoint.java:1791)
		at org.apache.tomcat.util.net.SocketProcessorBase.run(SocketProcessorBase.java:52)
		at org.apache.tomcat.util.threads.ThreadPoolExecutor.runWorker(ThreadPoolExecutor.java:1190)
		at org.apache.tomcat.util.threads.ThreadPoolExecutor$Worker.run(ThreadPoolExecutor.java:659)
		at org.apache.tomcat.util.threads.TaskThread$WrappingRunnable.run(TaskThread.java:63)
		at java.base/java.lang.Thread.run(Thread.java:1570)
01-Nov-2024 18:42:56.793 SEVERE [http-nio-8080-exec-5] org.apache.catalina.core.StandardWrapperValve.invoke El Servlet.service() para el servlet [jsp] en el contexto con ruta [/proyecto_web_CRUD] lanzó la excepción [Ha sucedido una excepción al procesar la página JSP [Proveedores.jsp] en línea [70]

67:                 </thead>
68:                 <tbody id="tbl_proveedor">
69:                     <% 
70:                         Proveedor proveedor = new Proveedor();
71:                         DefaultTableModel tabla = proveedor.leer();
72:                         for (int t = 0; t < tabla.getRowCount(); t++) {
73:                             out.println("<tr data-id='" + tabla.getValueAt(t, 0) + "'>");


Stacktrace:] con causa raíz
	java.lang.ClassNotFoundException: modelo_proveedores.Proveedor
		at org.apache.jsp.Proveedores_jsp._jspService(Proveedores_jsp.java:188)
		at org.apache.jasper.runtime.HttpJspBase.service(HttpJspBase.java:67)
		at javax.servlet.http.HttpServlet.service(HttpServlet.java:623)
		at org.apache.jasper.servlet.JspServletWrapper.service(JspServletWrapper.java:466)
		at org.apache.jasper.servlet.JspServlet.serviceJspFile(JspServlet.java:376)
		at org.apache.jasper.servlet.JspServlet.service(JspServlet.java:324)
		at javax.servlet.http.HttpServlet.service(HttpServlet.java:623)
		at org.apache.catalina.core.ApplicationFilterChain.internalDoFilter(ApplicationFilterChain.java:199)
		at org.apache.catalina.core.ApplicationFilterChain.doFilter(ApplicationFilterChain.java:144)
		at org.apache.tomcat.websocket.server.WsFilter.doFilter(WsFilter.java:51)
		at org.apache.catalina.core.ApplicationFilterChain.internalDoFilter(ApplicationFilterChain.java:168)
		at org.apache.catalina.core.ApplicationFilterChain.doFilter(ApplicationFilterChain.java:144)
		at org.apache.catalina.core.StandardWrapperValve.invoke(StandardWrapperValve.java:168)
		at org.apache.catalina.core.StandardContextValve.invoke(StandardContextValve.java:90)
		at org.apache.catalina.authenticator.AuthenticatorBase.invoke(AuthenticatorBase.java:482)
		at org.apache.catalina.core.StandardHostValve.invoke(StandardHostValve.java:130)
		at org.apache.catalina.valves.ErrorReportValve.invoke(ErrorReportValve.java:93)
		at org.apache.catalina.valves.AbstractAccessLogValve.invoke(AbstractAccessLogValve.java:660)
		at org.apache.catalina.core.StandardEngineValve.invoke(StandardEngineValve.java:74)
		at org.apache.catalina.connector.CoyoteAdapter.service(CoyoteAdapter.java:346)
		at org.apache.coyote.http11.Http11Processor.service(Http11Processor.java:383)
		at org.apache.coyote.AbstractProcessorLight.process(AbstractProcessorLight.java:63)
		at org.apache.coyote.AbstractProtocol$ConnectionHandler.process(AbstractProtocol.java:937)
		at org.apache.tomcat.util.net.NioEndpoint$SocketProcessor.doRun(NioEndpoint.java:1791)
		at org.apache.tomcat.util.net.SocketProcessorBase.run(SocketProcessorBase.java:52)
		at org.apache.tomcat.util.threads.ThreadPoolExecutor.runWorker(ThreadPoolExecutor.java:1190)
		at org.apache.tomcat.util.threads.ThreadPoolExecutor$Worker.run(ThreadPoolExecutor.java:659)
		at org.apache.tomcat.util.threads.TaskThread$WrappingRunnable.run(TaskThread.java:63)
		at java.base/java.lang.Thread.run(Thread.java:1570)
01-Nov-2024 18:43:00.949 SEVERE [http-nio-8080-exec-6] org.apache.catalina.core.StandardWrapperValve.invoke El Servlet.service() para el servlet [jsp] en el contexto con ruta [/proyecto_web_CRUD] lanzó la excepción [Ha sucedido una excepción al procesar la página JSP [Proveedores.jsp] en línea [70]

67:                 </thead>
68:                 <tbody id="tbl_proveedor">
69:                     <% 
70:                         Proveedor proveedor = new Proveedor();
71:                         DefaultTableModel tabla = proveedor.leer();
72:                         for (int t = 0; t < tabla.getRowCount(); t++) {
73:                             out.println("<tr data-id='" + tabla.getValueAt(t, 0) + "'>");


Stacktrace:] con causa raíz
	java.lang.ClassNotFoundException: modelo_proveedores.Proveedor
		at org.apache.jsp.Proveedores_jsp._jspService(Proveedores_jsp.java:188)
		at org.apache.jasper.runtime.HttpJspBase.service(HttpJspBase.java:67)
		at javax.servlet.http.HttpServlet.service(HttpServlet.java:623)
		at org.apache.jasper.servlet.JspServletWrapper.service(JspServletWrapper.java:466)
		at org.apache.jasper.servlet.JspServlet.serviceJspFile(JspServlet.java:376)
		at org.apache.jasper.servlet.JspServlet.service(JspServlet.java:324)
		at javax.servlet.http.HttpServlet.service(HttpServlet.java:623)
		at org.apache.catalina.core.ApplicationFilterChain.internalDoFilter(ApplicationFilterChain.java:199)
		at org.apache.catalina.core.ApplicationFilterChain.doFilter(ApplicationFilterChain.java:144)
		at org.apache.tomcat.websocket.server.WsFilter.doFilter(WsFilter.java:51)
		at org.apache.catalina.core.ApplicationFilterChain.internalDoFilter(ApplicationFilterChain.java:168)
		at org.apache.catalina.core.ApplicationFilterChain.doFilter(ApplicationFilterChain.java:144)
		at org.apache.catalina.core.StandardWrapperValve.invoke(StandardWrapperValve.java:168)
		at org.apache.catalina.core.StandardContextValve.invoke(StandardContextValve.java:90)
		at org.apache.catalina.authenticator.AuthenticatorBase.invoke(AuthenticatorBase.java:482)
		at org.apache.catalina.core.StandardHostValve.invoke(StandardHostValve.java:130)
		at org.apache.catalina.valves.ErrorReportValve.invoke(ErrorReportValve.java:93)
		at org.apache.catalina.valves.AbstractAccessLogValve.invoke(AbstractAccessLogValve.java:660)
		at org.apache.catalina.core.StandardEngineValve.invoke(StandardEngineValve.java:74)
		at org.apache.catalina.connector.CoyoteAdapter.service(CoyoteAdapter.java:346)
		at org.apache.coyote.http11.Http11Processor.service(Http11Processor.java:383)
		at org.apache.coyote.AbstractProcessorLight.process(AbstractProcessorLight.java:63)
		at org.apache.coyote.AbstractProtocol$ConnectionHandler.process(AbstractProtocol.java:937)
		at org.apache.tomcat.util.net.NioEndpoint$SocketProcessor.doRun(NioEndpoint.java:1791)
		at org.apache.tomcat.util.net.SocketProcessorBase.run(SocketProcessorBase.java:52)
		at org.apache.tomcat.util.threads.ThreadPoolExecutor.runWorker(ThreadPoolExecutor.java:1190)
		at org.apache.tomcat.util.threads.ThreadPoolExecutor$Worker.run(ThreadPoolExecutor.java:659)
		at org.apache.tomcat.util.threads.TaskThread$WrappingRunnable.run(TaskThread.java:63)
		at java.base/java.lang.Thread.run(Thread.java:1570)
01-Nov-2024 18:43:02.633 SEVERE [http-nio-8080-exec-9] org.apache.catalina.core.StandardWrapperValve.invoke El Servlet.service() para el servlet [jsp] en el contexto con ruta [/proyecto_web_CRUD] lanzó la excepción [Ha sucedido una excepción al procesar la página JSP [Proveedores.jsp] en línea [70]

67:                 </thead>
68:                 <tbody id="tbl_proveedor">
69:                     <% 
70:                         Proveedor proveedor = new Proveedor();
71:                         DefaultTableModel tabla = proveedor.leer();
72:                         for (int t = 0; t < tabla.getRowCount(); t++) {
73:                             out.println("<tr data-id='" + tabla.getValueAt(t, 0) + "'>");


Stacktrace:] con causa raíz
	java.lang.ClassNotFoundException: modelo_proveedores.Proveedor
		at org.apache.jsp.Proveedores_jsp._jspService(Proveedores_jsp.java:188)
		at org.apache.jasper.runtime.HttpJspBase.service(HttpJspBase.java:67)
		at javax.servlet.http.HttpServlet.service(HttpServlet.java:623)
		at org.apache.jasper.servlet.JspServletWrapper.service(JspServletWrapper.java:466)
		at org.apache.jasper.servlet.JspServlet.serviceJspFile(JspServlet.java:376)
		at org.apache.jasper.servlet.JspServlet.service(JspServlet.java:324)
		at javax.servlet.http.HttpServlet.service(HttpServlet.java:623)
		at org.apache.catalina.core.ApplicationFilterChain.internalDoFilter(ApplicationFilterChain.java:199)
		at org.apache.catalina.core.ApplicationFilterChain.doFilter(ApplicationFilterChain.java:144)
		at org.apache.tomcat.websocket.server.WsFilter.doFilter(WsFilter.java:51)
		at org.apache.catalina.core.ApplicationFilterChain.internalDoFilter(ApplicationFilterChain.java:168)
		at org.apache.catalina.core.ApplicationFilterChain.doFilter(ApplicationFilterChain.java:144)
		at org.apache.catalina.core.StandardWrapperValve.invoke(StandardWrapperValve.java:168)
		at org.apache.catalina.core.StandardContextValve.invoke(StandardContextValve.java:90)
		at org.apache.catalina.authenticator.AuthenticatorBase.invoke(AuthenticatorBase.java:482)
		at org.apache.catalina.core.StandardHostValve.invoke(StandardHostValve.java:130)
		at org.apache.catalina.valves.ErrorReportValve.invoke(ErrorReportValve.java:93)
		at org.apache.catalina.valves.AbstractAccessLogValve.invoke(AbstractAccessLogValve.java:660)
		at org.apache.catalina.core.StandardEngineValve.invoke(StandardEngineValve.java:74)
		at org.apache.catalina.connector.CoyoteAdapter.service(CoyoteAdapter.java:346)
		at org.apache.coyote.http11.Http11Processor.service(Http11Processor.java:383)
		at org.apache.coyote.AbstractProcessorLight.process(AbstractProcessorLight.java:63)
		at org.apache.coyote.AbstractProtocol$ConnectionHandler.process(AbstractProtocol.java:937)
		at org.apache.tomcat.util.net.NioEndpoint$SocketProcessor.doRun(NioEndpoint.java:1791)
		at org.apache.tomcat.util.net.SocketProcessorBase.run(SocketProcessorBase.java:52)
		at org.apache.tomcat.util.threads.ThreadPoolExecutor.runWorker(ThreadPoolExecutor.java:1190)
		at org.apache.tomcat.util.threads.ThreadPoolExecutor$Worker.run(ThreadPoolExecutor.java:659)
		at org.apache.tomcat.util.threads.TaskThread$WrappingRunnable.run(TaskThread.java:63)
		at java.base/java.lang.Thread.run(Thread.java:1570)
01-Nov-2024 19:04:54.591 SEVERE [http-nio-8080-exec-28] org.apache.catalina.core.StandardWrapperValve.invoke El Servlet.service() para el servlet [jsp] en el contexto con ruta [/CRUD_PRODUCTOS] lanzó la excepción [Ha sucedido una excepción al procesar la página JSP [/index.jsp] en línea [27]

24:             <select name="drop_marca" id="drop_marca" class="form-control"> 
25:                 <% 
26:                 marcas marcas = new marcas();
27:                 HashMap<String, String> drop = marcas.drop_Marca();
28:                 for(String i: drop.keySet()){
29:                     out.println("<option value='" + i + "'> "+drop.get(i)+" </option>");
30:                 }


Stacktrace:] con causa raíz
	java.lang.NullPointerException: Cannot invoke "java.sql.Connection.createStatement()" because "this.cn.conexionBD" is null
		at modelo.marcas.drop_Marca(marcas.java:54)
		at org.apache.jsp.index_jsp._jspService(index_jsp.java:151)
		at org.apache.jasper.runtime.HttpJspBase.service(HttpJspBase.java:67)
		at javax.servlet.http.HttpServlet.service(HttpServlet.java:623)
		at org.apache.jasper.servlet.JspServletWrapper.service(JspServletWrapper.java:466)
		at org.apache.jasper.servlet.JspServlet.serviceJspFile(JspServlet.java:376)
		at org.apache.jasper.servlet.JspServlet.service(JspServlet.java:324)
		at javax.servlet.http.HttpServlet.service(HttpServlet.java:623)
		at org.apache.catalina.core.ApplicationFilterChain.internalDoFilter(ApplicationFilterChain.java:199)
		at org.apache.catalina.core.ApplicationFilterChain.doFilter(ApplicationFilterChain.java:144)
		at org.apache.tomcat.websocket.server.WsFilter.doFilter(WsFilter.java:51)
		at org.apache.catalina.core.ApplicationFilterChain.internalDoFilter(ApplicationFilterChain.java:168)
		at org.apache.catalina.core.ApplicationFilterChain.doFilter(ApplicationFilterChain.java:144)
		at org.apache.catalina.core.StandardWrapperValve.invoke(StandardWrapperValve.java:168)
		at org.apache.catalina.core.StandardContextValve.invoke(StandardContextValve.java:90)
		at org.apache.catalina.authenticator.AuthenticatorBase.invoke(AuthenticatorBase.java:482)
		at org.apache.catalina.core.StandardHostValve.invoke(StandardHostValve.java:130)
		at org.apache.catalina.valves.ErrorReportValve.invoke(ErrorReportValve.java:93)
		at org.apache.catalina.valves.AbstractAccessLogValve.invoke(AbstractAccessLogValve.java:660)
		at org.apache.catalina.core.StandardEngineValve.invoke(StandardEngineValve.java:74)
		at org.apache.catalina.connector.CoyoteAdapter.service(CoyoteAdapter.java:346)
		at org.apache.coyote.http11.Http11Processor.service(Http11Processor.java:383)
		at org.apache.coyote.AbstractProcessorLight.process(AbstractProcessorLight.java:63)
		at org.apache.coyote.AbstractProtocol$ConnectionHandler.process(AbstractProtocol.java:937)
		at org.apache.tomcat.util.net.NioEndpoint$SocketProcessor.doRun(NioEndpoint.java:1791)
		at org.apache.tomcat.util.net.SocketProcessorBase.run(SocketProcessorBase.java:52)
		at org.apache.tomcat.util.threads.ThreadPoolExecutor.runWorker(ThreadPoolExecutor.java:1190)
		at org.apache.tomcat.util.threads.ThreadPoolExecutor$Worker.run(ThreadPoolExecutor.java:659)
		at org.apache.tomcat.util.threads.TaskThread$WrappingRunnable.run(TaskThread.java:63)
		at java.base/java.lang.Thread.run(Thread.java:1570)
01-Nov-2024 19:14:56.675 INFO [http-nio-8080-exec-66] org.apache.catalina.core.ApplicationContext.log Marcando el servlet [sr_producto] como no disponible
01-Nov-2024 19:14:56.675 SEVERE [http-nio-8080-exec-66] org.apache.catalina.core.StandardWrapperValve.invoke Excepción de reserva de espacio para servlet [sr_producto]
	java.lang.ClassNotFoundException: controlador.sr_producto
		at org.apache.catalina.loader.WebappClassLoaderBase.loadClass(WebappClassLoaderBase.java:1308)
		at org.apache.catalina.loader.WebappClassLoaderBase.loadClass(WebappClassLoaderBase.java:1120)
		at org.apache.catalina.core.DefaultInstanceManager.loadClass(DefaultInstanceManager.java:488)
		at org.apache.catalina.core.DefaultInstanceManager.loadClassMaybePrivileged(DefaultInstanceManager.java:470)
		at org.apache.catalina.core.DefaultInstanceManager.newInstance(DefaultInstanceManager.java:142)
		at org.apache.catalina.core.StandardWrapper.loadServlet(StandardWrapper.java:898)
		at org.apache.catalina.core.StandardWrapper.allocate(StandardWrapper.java:659)
		at org.apache.catalina.core.StandardWrapperValve.invoke(StandardWrapperValve.java:116)
		at org.apache.catalina.core.StandardContextValve.invoke(StandardContextValve.java:90)
		at org.apache.catalina.authenticator.AuthenticatorBase.invoke(AuthenticatorBase.java:482)
		at org.apache.catalina.core.StandardHostValve.invoke(StandardHostValve.java:130)
		at org.apache.catalina.valves.ErrorReportValve.invoke(ErrorReportValve.java:93)
		at org.apache.catalina.valves.AbstractAccessLogValve.invoke(AbstractAccessLogValve.java:660)
		at org.apache.catalina.core.StandardEngineValve.invoke(StandardEngineValve.java:74)
		at org.apache.catalina.connector.CoyoteAdapter.service(CoyoteAdapter.java:346)
		at org.apache.coyote.http11.Http11Processor.service(Http11Processor.java:383)
		at org.apache.coyote.AbstractProcessorLight.process(AbstractProcessorLight.java:63)
		at org.apache.coyote.AbstractProtocol$ConnectionHandler.process(AbstractProtocol.java:937)
		at org.apache.tomcat.util.net.NioEndpoint$SocketProcessor.doRun(NioEndpoint.java:1791)
		at org.apache.tomcat.util.net.SocketProcessorBase.run(SocketProcessorBase.java:52)
		at org.apache.tomcat.util.threads.ThreadPoolExecutor.runWorker(ThreadPoolExecutor.java:1190)
		at org.apache.tomcat.util.threads.ThreadPoolExecutor$Worker.run(ThreadPoolExecutor.java:659)
		at org.apache.tomcat.util.threads.TaskThread$WrappingRunnable.run(TaskThread.java:63)
		at java.base/java.lang.Thread.run(Thread.java:1570)
01-Nov-2024 19:30:50.583 INFO [http-nio-8080-exec-98] org.apache.catalina.core.ApplicationContext.log Marcando el servlet [sr_producto] como no disponible
01-Nov-2024 19:30:50.583 SEVERE [http-nio-8080-exec-98] org.apache.catalina.core.StandardWrapperValve.invoke Excepción de reserva de espacio para servlet [sr_producto]
	java.lang.ClassNotFoundException: controlador.sr_producto
		at org.apache.catalina.loader.WebappClassLoaderBase.loadClass(WebappClassLoaderBase.java:1308)
		at org.apache.catalina.loader.WebappClassLoaderBase.loadClass(WebappClassLoaderBase.java:1120)
		at org.apache.catalina.core.DefaultInstanceManager.loadClass(DefaultInstanceManager.java:488)
		at org.apache.catalina.core.DefaultInstanceManager.loadClassMaybePrivileged(DefaultInstanceManager.java:470)
		at org.apache.catalina.core.DefaultInstanceManager.newInstance(DefaultInstanceManager.java:142)
		at org.apache.catalina.core.StandardWrapper.loadServlet(StandardWrapper.java:898)
		at org.apache.catalina.core.StandardWrapper.allocate(StandardWrapper.java:659)
		at org.apache.catalina.core.StandardWrapperValve.invoke(StandardWrapperValve.java:116)
		at org.apache.catalina.core.StandardContextValve.invoke(StandardContextValve.java:90)
		at org.apache.catalina.authenticator.AuthenticatorBase.invoke(AuthenticatorBase.java:482)
		at org.apache.catalina.core.StandardHostValve.invoke(StandardHostValve.java:130)
		at org.apache.catalina.valves.ErrorReportValve.invoke(ErrorReportValve.java:93)
		at org.apache.catalina.valves.AbstractAccessLogValve.invoke(AbstractAccessLogValve.java:660)
		at org.apache.catalina.core.StandardEngineValve.invoke(StandardEngineValve.java:74)
		at org.apache.catalina.connector.CoyoteAdapter.service(CoyoteAdapter.java:346)
		at org.apache.coyote.http11.Http11Processor.service(Http11Processor.java:383)
		at org.apache.coyote.AbstractProcessorLight.process(AbstractProcessorLight.java:63)
		at org.apache.coyote.AbstractProtocol$ConnectionHandler.process(AbstractProtocol.java:937)
		at org.apache.tomcat.util.net.NioEndpoint$SocketProcessor.doRun(NioEndpoint.java:1791)
		at org.apache.tomcat.util.net.SocketProcessorBase.run(SocketProcessorBase.java:52)
		at org.apache.tomcat.util.threads.ThreadPoolExecutor.runWorker(ThreadPoolExecutor.java:1190)
		at org.apache.tomcat.util.threads.ThreadPoolExecutor$Worker.run(ThreadPoolExecutor.java:659)
		at org.apache.tomcat.util.threads.TaskThread$WrappingRunnable.run(TaskThread.java:63)
		at java.base/java.lang.Thread.run(Thread.java:1570)
01-Nov-2024 19:32:32.828 INFO [http-nio-8080-exec-105] org.apache.catalina.core.ApplicationContext.log Marcando el servlet [sr_producto] como no disponible
01-Nov-2024 19:32:32.828 SEVERE [http-nio-8080-exec-105] org.apache.catalina.core.StandardWrapperValve.invoke Excepción de reserva de espacio para servlet [sr_producto]
	java.lang.ClassNotFoundException: controlador.sr_producto
		at org.apache.catalina.loader.WebappClassLoaderBase.loadClass(WebappClassLoaderBase.java:1308)
		at org.apache.catalina.loader.WebappClassLoaderBase.loadClass(WebappClassLoaderBase.java:1120)
		at org.apache.catalina.core.DefaultInstanceManager.loadClass(DefaultInstanceManager.java:488)
		at org.apache.catalina.core.DefaultInstanceManager.loadClassMaybePrivileged(DefaultInstanceManager.java:470)
		at org.apache.catalina.core.DefaultInstanceManager.newInstance(DefaultInstanceManager.java:142)
		at org.apache.catalina.core.StandardWrapper.loadServlet(StandardWrapper.java:898)
		at org.apache.catalina.core.StandardWrapper.allocate(StandardWrapper.java:659)
		at org.apache.catalina.core.StandardWrapperValve.invoke(StandardWrapperValve.java:116)
		at org.apache.catalina.core.StandardContextValve.invoke(StandardContextValve.java:90)
		at org.apache.catalina.authenticator.AuthenticatorBase.invoke(AuthenticatorBase.java:482)
		at org.apache.catalina.core.StandardHostValve.invoke(StandardHostValve.java:130)
		at org.apache.catalina.valves.ErrorReportValve.invoke(ErrorReportValve.java:93)
		at org.apache.catalina.valves.AbstractAccessLogValve.invoke(AbstractAccessLogValve.java:660)
		at org.apache.catalina.core.StandardEngineValve.invoke(StandardEngineValve.java:74)
		at org.apache.catalina.connector.CoyoteAdapter.service(CoyoteAdapter.java:346)
		at org.apache.coyote.http11.Http11Processor.service(Http11Processor.java:383)
		at org.apache.coyote.AbstractProcessorLight.process(AbstractProcessorLight.java:63)
		at org.apache.coyote.AbstractProtocol$ConnectionHandler.process(AbstractProtocol.java:937)
		at org.apache.tomcat.util.net.NioEndpoint$SocketProcessor.doRun(NioEndpoint.java:1791)
		at org.apache.tomcat.util.net.SocketProcessorBase.run(SocketProcessorBase.java:52)
		at org.apache.tomcat.util.threads.ThreadPoolExecutor.runWorker(ThreadPoolExecutor.java:1190)
		at org.apache.tomcat.util.threads.ThreadPoolExecutor$Worker.run(ThreadPoolExecutor.java:659)
		at org.apache.tomcat.util.threads.TaskThread$WrappingRunnable.run(TaskThread.java:63)
		at java.base/java.lang.Thread.run(Thread.java:1570)
01-Nov-2024 19:51:02.479 INFO [main] org.apache.catalina.core.ApplicationContext.log SessionListener: contextDestroyed()
01-Nov-2024 19:51:02.479 INFO [main] org.apache.catalina.core.ApplicationContext.log ContextListener: contextDestroyed()
01-Nov-2024 19:51:40.299 INFO [main] org.apache.catalina.core.ApplicationContext.log ContextListener: contextInitialized()
01-Nov-2024 19:51:40.299 INFO [main] org.apache.catalina.core.ApplicationContext.log SessionListener: contextInitialized()
01-Nov-2024 19:51:40.301 INFO [main] org.apache.catalina.core.ApplicationContext.log ContextListener: attributeAdded('StockTicker', 'async.Stockticker@431babe6')
01-Nov-2024 19:56:13.855 SEVERE [http-nio-8080-exec-6] org.apache.catalina.core.StandardWrapperValve.invoke El Servlet.service() para el servlet [jsp] en el contexto con ruta [/Ventas_compras] lanzó la excepción [Ha sucedido una excepción al procesar la página JSP [/index.jsp] en línea [75]

72:     <select name="txt_id_cliente" id="txt_id_cliente" class="form-control" required>
73:         <% 
74:             Cliente cliente = new Cliente();
75:             DefaultTableModel tablaCliente = cliente.leer();
76:             for (int t = 0; t < tablaCliente.getRowCount(); t++) {
77:                 out.println("<option value='" + tablaCliente.getValueAt(t, 0) + "'>" + tablaCliente.getValueAt(t, 1) + "</option>");
78:             }


Stacktrace:] con causa raíz
	java.lang.NullPointerException: Cannot invoke "java.sql.Connection.createStatement()" because "this.cn.conexionBD" is null
		at modelo.Cliente.leer(Cliente.java:87)
		at org.apache.jsp.index_jsp._jspService(index_jsp.java:199)
		at org.apache.jasper.runtime.HttpJspBase.service(HttpJspBase.java:67)
		at javax.servlet.http.HttpServlet.service(HttpServlet.java:623)
		at org.apache.jasper.servlet.JspServletWrapper.service(JspServletWrapper.java:466)
		at org.apache.jasper.servlet.JspServlet.serviceJspFile(JspServlet.java:376)
		at org.apache.jasper.servlet.JspServlet.service(JspServlet.java:324)
		at javax.servlet.http.HttpServlet.service(HttpServlet.java:623)
		at org.apache.catalina.core.ApplicationFilterChain.internalDoFilter(ApplicationFilterChain.java:199)
		at org.apache.catalina.core.ApplicationFilterChain.doFilter(ApplicationFilterChain.java:144)
		at org.apache.tomcat.websocket.server.WsFilter.doFilter(WsFilter.java:51)
		at org.apache.catalina.core.ApplicationFilterChain.internalDoFilter(ApplicationFilterChain.java:168)
		at org.apache.catalina.core.ApplicationFilterChain.doFilter(ApplicationFilterChain.java:144)
		at org.apache.catalina.core.StandardWrapperValve.invoke(StandardWrapperValve.java:168)
		at org.apache.catalina.core.StandardContextValve.invoke(StandardContextValve.java:90)
		at org.apache.catalina.authenticator.AuthenticatorBase.invoke(AuthenticatorBase.java:482)
		at org.apache.catalina.core.StandardHostValve.invoke(StandardHostValve.java:130)
		at org.apache.catalina.valves.ErrorReportValve.invoke(ErrorReportValve.java:93)
		at org.apache.catalina.valves.AbstractAccessLogValve.invoke(AbstractAccessLogValve.java:660)
		at org.apache.catalina.core.StandardEngineValve.invoke(StandardEngineValve.java:74)
		at org.apache.catalina.connector.CoyoteAdapter.service(CoyoteAdapter.java:346)
		at org.apache.coyote.http11.Http11Processor.service(Http11Processor.java:383)
		at org.apache.coyote.AbstractProcessorLight.process(AbstractProcessorLight.java:63)
		at org.apache.coyote.AbstractProtocol$ConnectionHandler.process(AbstractProtocol.java:937)
		at org.apache.tomcat.util.net.NioEndpoint$SocketProcessor.doRun(NioEndpoint.java:1791)
		at org.apache.tomcat.util.net.SocketProcessorBase.run(SocketProcessorBase.java:52)
		at org.apache.tomcat.util.threads.ThreadPoolExecutor.runWorker(ThreadPoolExecutor.java:1190)
		at org.apache.tomcat.util.threads.ThreadPoolExecutor$Worker.run(ThreadPoolExecutor.java:659)
		at org.apache.tomcat.util.threads.TaskThread$WrappingRunnable.run(TaskThread.java:63)
		at java.base/java.lang.Thread.run(Thread.java:1570)
01-Nov-2024 19:56:33.522 SEVERE [http-nio-8080-exec-4] org.apache.catalina.core.StandardWrapperValve.invoke El Servlet.service() para el servlet [jsp] en el contexto con ruta [/Ventas_compras] lanzó la excepción [Ha sucedido una excepción al procesar la página JSP [index.jsp] en línea [75]

72:     <select name="txt_id_cliente" id="txt_id_cliente" class="form-control" required>
73:         <% 
74:             Cliente cliente = new Cliente();
75:             DefaultTableModel tablaCliente = cliente.leer();
76:             for (int t = 0; t < tablaCliente.getRowCount(); t++) {
77:                 out.println("<option value='" + tablaCliente.getValueAt(t, 0) + "'>" + tablaCliente.getValueAt(t, 1) + "</option>");
78:             }


Stacktrace:] con causa raíz
	java.lang.NullPointerException: Cannot invoke "java.sql.Connection.createStatement()" because "this.cn.conexionBD" is null
		at modelo.Cliente.leer(Cliente.java:87)
		at org.apache.jsp.index_jsp._jspService(index_jsp.java:199)
		at org.apache.jasper.runtime.HttpJspBase.service(HttpJspBase.java:67)
		at javax.servlet.http.HttpServlet.service(HttpServlet.java:623)
		at org.apache.jasper.servlet.JspServletWrapper.service(JspServletWrapper.java:466)
		at org.apache.jasper.servlet.JspServlet.serviceJspFile(JspServlet.java:376)
		at org.apache.jasper.servlet.JspServlet.service(JspServlet.java:324)
		at javax.servlet.http.HttpServlet.service(HttpServlet.java:623)
		at org.apache.catalina.core.ApplicationFilterChain.internalDoFilter(ApplicationFilterChain.java:199)
		at org.apache.catalina.core.ApplicationFilterChain.doFilter(ApplicationFilterChain.java:144)
		at org.apache.tomcat.websocket.server.WsFilter.doFilter(WsFilter.java:51)
		at org.apache.catalina.core.ApplicationFilterChain.internalDoFilter(ApplicationFilterChain.java:168)
		at org.apache.catalina.core.ApplicationFilterChain.doFilter(ApplicationFilterChain.java:144)
		at org.apache.catalina.core.StandardWrapperValve.invoke(StandardWrapperValve.java:168)
		at org.apache.catalina.core.StandardContextValve.invoke(StandardContextValve.java:90)
		at org.apache.catalina.authenticator.AuthenticatorBase.invoke(AuthenticatorBase.java:482)
		at org.apache.catalina.core.StandardHostValve.invoke(StandardHostValve.java:130)
		at org.apache.catalina.valves.ErrorReportValve.invoke(ErrorReportValve.java:93)
		at org.apache.catalina.valves.AbstractAccessLogValve.invoke(AbstractAccessLogValve.java:660)
		at org.apache.catalina.core.StandardEngineValve.invoke(StandardEngineValve.java:74)
		at org.apache.catalina.connector.CoyoteAdapter.service(CoyoteAdapter.java:346)
		at org.apache.coyote.http11.Http11Processor.service(Http11Processor.java:383)
		at org.apache.coyote.AbstractProcessorLight.process(AbstractProcessorLight.java:63)
		at org.apache.coyote.AbstractProtocol$ConnectionHandler.process(AbstractProtocol.java:937)
		at org.apache.tomcat.util.net.NioEndpoint$SocketProcessor.doRun(NioEndpoint.java:1791)
		at org.apache.tomcat.util.net.SocketProcessorBase.run(SocketProcessorBase.java:52)
		at org.apache.tomcat.util.threads.ThreadPoolExecutor.runWorker(ThreadPoolExecutor.java:1190)
		at org.apache.tomcat.util.threads.ThreadPoolExecutor$Worker.run(ThreadPoolExecutor.java:659)
		at org.apache.tomcat.util.threads.TaskThread$WrappingRunnable.run(TaskThread.java:63)
		at java.base/java.lang.Thread.run(Thread.java:1570)
01-Nov-2024 20:01:29.053 SEVERE [http-nio-8080-exec-4] org.apache.catalina.core.StandardWrapperValve.invoke El Servlet.service() para el servlet [jsp] en el contexto con ruta [/Ventas_compras] lanzó la excepción [Ha sucedido una excepción al procesar la página JSP [index.jsp] en línea [75]

72:     <select name="txt_id_cliente" id="txt_id_cliente" class="form-control" required>
73:         <% 
74:             Cliente cliente = new Cliente();
75:             DefaultTableModel tablaCliente = cliente.leer();
76:             for (int t = 0; t < tablaCliente.getRowCount(); t++) {
77:                 out.println("<option value='" + tablaCliente.getValueAt(t, 0) + "'>" + tablaCliente.getValueAt(t, 1) + "</option>");
78:             }


Stacktrace:] con causa raíz
	java.lang.NullPointerException: Cannot invoke "java.sql.Connection.createStatement()" because "this.cn.conexionBD" is null
		at modelo.Cliente.leer(Cliente.java:87)
		at org.apache.jsp.index_jsp._jspService(index_jsp.java:199)
		at org.apache.jasper.runtime.HttpJspBase.service(HttpJspBase.java:67)
		at javax.servlet.http.HttpServlet.service(HttpServlet.java:623)
		at org.apache.jasper.servlet.JspServletWrapper.service(JspServletWrapper.java:466)
		at org.apache.jasper.servlet.JspServlet.serviceJspFile(JspServlet.java:376)
		at org.apache.jasper.servlet.JspServlet.service(JspServlet.java:324)
		at javax.servlet.http.HttpServlet.service(HttpServlet.java:623)
		at org.apache.catalina.core.ApplicationFilterChain.internalDoFilter(ApplicationFilterChain.java:199)
		at org.apache.catalina.core.ApplicationFilterChain.doFilter(ApplicationFilterChain.java:144)
		at org.apache.tomcat.websocket.server.WsFilter.doFilter(WsFilter.java:51)
		at org.apache.catalina.core.ApplicationFilterChain.internalDoFilter(ApplicationFilterChain.java:168)
		at org.apache.catalina.core.ApplicationFilterChain.doFilter(ApplicationFilterChain.java:144)
		at org.apache.catalina.core.StandardWrapperValve.invoke(StandardWrapperValve.java:168)
		at org.apache.catalina.core.StandardContextValve.invoke(StandardContextValve.java:90)
		at org.apache.catalina.authenticator.AuthenticatorBase.invoke(AuthenticatorBase.java:482)
		at org.apache.catalina.core.StandardHostValve.invoke(StandardHostValve.java:130)
		at org.apache.catalina.valves.ErrorReportValve.invoke(ErrorReportValve.java:93)
		at org.apache.catalina.valves.AbstractAccessLogValve.invoke(AbstractAccessLogValve.java:660)
		at org.apache.catalina.core.StandardEngineValve.invoke(StandardEngineValve.java:74)
		at org.apache.catalina.connector.CoyoteAdapter.service(CoyoteAdapter.java:346)
		at org.apache.coyote.http11.Http11Processor.service(Http11Processor.java:383)
		at org.apache.coyote.AbstractProcessorLight.process(AbstractProcessorLight.java:63)
		at org.apache.coyote.AbstractProtocol$ConnectionHandler.process(AbstractProtocol.java:937)
		at org.apache.tomcat.util.net.NioEndpoint$SocketProcessor.doRun(NioEndpoint.java:1791)
		at org.apache.tomcat.util.net.SocketProcessorBase.run(SocketProcessorBase.java:52)
		at org.apache.tomcat.util.threads.ThreadPoolExecutor.runWorker(ThreadPoolExecutor.java:1190)
		at org.apache.tomcat.util.threads.ThreadPoolExecutor$Worker.run(ThreadPoolExecutor.java:659)
		at org.apache.tomcat.util.threads.TaskThread$WrappingRunnable.run(TaskThread.java:63)
		at java.base/java.lang.Thread.run(Thread.java:1570)
01-Nov-2024 20:02:06.699 SEVERE [http-nio-8080-exec-16] org.apache.catalina.core.StandardWrapperValve.invoke El Servlet.service() para el servlet [jsp] en el contexto con ruta [/Ventas_compras] lanzó la excepción [Ha sucedido una excepción al procesar la página JSP [index.jsp] en línea [75]

72:     <select name="txt_id_cliente" id="txt_id_cliente" class="form-control" required>
73:         <% 
74:             Cliente cliente = new Cliente();
75:             DefaultTableModel tablaCliente = cliente.leer();
76:             for (int t = 0; t < tablaCliente.getRowCount(); t++) {
77:                 out.println("<option value='" + tablaCliente.getValueAt(t, 0) + "'>" + tablaCliente.getValueAt(t, 1) + "</option>");
78:             }


Stacktrace:] con causa raíz
	java.lang.NullPointerException: Cannot invoke "java.sql.Connection.createStatement()" because "this.cn.conexionBD" is null
		at modelo.Cliente.leer(Cliente.java:87)
		at org.apache.jsp.index_jsp._jspService(index_jsp.java:199)
		at org.apache.jasper.runtime.HttpJspBase.service(HttpJspBase.java:67)
		at javax.servlet.http.HttpServlet.service(HttpServlet.java:623)
		at org.apache.jasper.servlet.JspServletWrapper.service(JspServletWrapper.java:466)
		at org.apache.jasper.servlet.JspServlet.serviceJspFile(JspServlet.java:376)
		at org.apache.jasper.servlet.JspServlet.service(JspServlet.java:324)
		at javax.servlet.http.HttpServlet.service(HttpServlet.java:623)
		at org.apache.catalina.core.ApplicationFilterChain.internalDoFilter(ApplicationFilterChain.java:199)
		at org.apache.catalina.core.ApplicationFilterChain.doFilter(ApplicationFilterChain.java:144)
		at org.apache.tomcat.websocket.server.WsFilter.doFilter(WsFilter.java:51)
		at org.apache.catalina.core.ApplicationFilterChain.internalDoFilter(ApplicationFilterChain.java:168)
		at org.apache.catalina.core.ApplicationFilterChain.doFilter(ApplicationFilterChain.java:144)
		at org.apache.catalina.core.StandardWrapperValve.invoke(StandardWrapperValve.java:168)
		at org.apache.catalina.core.StandardContextValve.invoke(StandardContextValve.java:90)
		at org.apache.catalina.authenticator.AuthenticatorBase.invoke(AuthenticatorBase.java:482)
		at org.apache.catalina.core.StandardHostValve.invoke(StandardHostValve.java:130)
		at org.apache.catalina.valves.ErrorReportValve.invoke(ErrorReportValve.java:93)
		at org.apache.catalina.valves.AbstractAccessLogValve.invoke(AbstractAccessLogValve.java:660)
		at org.apache.catalina.core.StandardEngineValve.invoke(StandardEngineValve.java:74)
		at org.apache.catalina.connector.CoyoteAdapter.service(CoyoteAdapter.java:346)
		at org.apache.coyote.http11.Http11Processor.service(Http11Processor.java:383)
		at org.apache.coyote.AbstractProcessorLight.process(AbstractProcessorLight.java:63)
		at org.apache.coyote.AbstractProtocol$ConnectionHandler.process(AbstractProtocol.java:937)
		at org.apache.tomcat.util.net.NioEndpoint$SocketProcessor.doRun(NioEndpoint.java:1791)
		at org.apache.tomcat.util.net.SocketProcessorBase.run(SocketProcessorBase.java:52)
		at org.apache.tomcat.util.threads.ThreadPoolExecutor.runWorker(ThreadPoolExecutor.java:1190)
		at org.apache.tomcat.util.threads.ThreadPoolExecutor$Worker.run(ThreadPoolExecutor.java:659)
		at org.apache.tomcat.util.threads.TaskThread$WrappingRunnable.run(TaskThread.java:63)
		at java.base/java.lang.Thread.run(Thread.java:1570)
01-Nov-2024 20:03:31.213 SEVERE [http-nio-8080-exec-17] org.apache.catalina.core.StandardWrapperValve.invoke El Servlet.service() para el servlet [jsp] en el contexto con ruta [/Ventas_compras] lanzó la excepción [Ha sucedido una excepción al procesar la página JSP [index.jsp] en línea [75]

72:     <select name="txt_id_cliente" id="txt_id_cliente" class="form-control" required>
73:         <% 
74:             Cliente cliente = new Cliente();
75:             DefaultTableModel tablaCliente = cliente.leer();
76:             for (int t = 0; t < tablaCliente.getRowCount(); t++) {
77:                 out.println("<option value='" + tablaCliente.getValueAt(t, 0) + "'>" + tablaCliente.getValueAt(t, 1) + "</option>");
78:             }


Stacktrace:] con causa raíz
	java.lang.NullPointerException: Cannot invoke "java.sql.Connection.createStatement()" because "this.cn.conexionBD" is null
		at modelo.Cliente.leer(Cliente.java:87)
		at org.apache.jsp.index_jsp._jspService(index_jsp.java:199)
		at org.apache.jasper.runtime.HttpJspBase.service(HttpJspBase.java:67)
		at javax.servlet.http.HttpServlet.service(HttpServlet.java:623)
		at org.apache.jasper.servlet.JspServletWrapper.service(JspServletWrapper.java:466)
		at org.apache.jasper.servlet.JspServlet.serviceJspFile(JspServlet.java:376)
		at org.apache.jasper.servlet.JspServlet.service(JspServlet.java:324)
		at javax.servlet.http.HttpServlet.service(HttpServlet.java:623)
		at org.apache.catalina.core.ApplicationFilterChain.internalDoFilter(ApplicationFilterChain.java:199)
		at org.apache.catalina.core.ApplicationFilterChain.doFilter(ApplicationFilterChain.java:144)
		at org.apache.tomcat.websocket.server.WsFilter.doFilter(WsFilter.java:51)
		at org.apache.catalina.core.ApplicationFilterChain.internalDoFilter(ApplicationFilterChain.java:168)
		at org.apache.catalina.core.ApplicationFilterChain.doFilter(ApplicationFilterChain.java:144)
		at org.apache.catalina.core.StandardWrapperValve.invoke(StandardWrapperValve.java:168)
		at org.apache.catalina.core.StandardContextValve.invoke(StandardContextValve.java:90)
		at org.apache.catalina.authenticator.AuthenticatorBase.invoke(AuthenticatorBase.java:482)
		at org.apache.catalina.core.StandardHostValve.invoke(StandardHostValve.java:130)
		at org.apache.catalina.valves.ErrorReportValve.invoke(ErrorReportValve.java:93)
		at org.apache.catalina.valves.AbstractAccessLogValve.invoke(AbstractAccessLogValve.java:660)
		at org.apache.catalina.core.StandardEngineValve.invoke(StandardEngineValve.java:74)
		at org.apache.catalina.connector.CoyoteAdapter.service(CoyoteAdapter.java:346)
		at org.apache.coyote.http11.Http11Processor.service(Http11Processor.java:383)
		at org.apache.coyote.AbstractProcessorLight.process(AbstractProcessorLight.java:63)
		at org.apache.coyote.AbstractProtocol$ConnectionHandler.process(AbstractProtocol.java:937)
		at org.apache.tomcat.util.net.NioEndpoint$SocketProcessor.doRun(NioEndpoint.java:1791)
		at org.apache.tomcat.util.net.SocketProcessorBase.run(SocketProcessorBase.java:52)
		at org.apache.tomcat.util.threads.ThreadPoolExecutor.runWorker(ThreadPoolExecutor.java:1190)
		at org.apache.tomcat.util.threads.ThreadPoolExecutor$Worker.run(ThreadPoolExecutor.java:659)
		at org.apache.tomcat.util.threads.TaskThread$WrappingRunnable.run(TaskThread.java:63)
		at java.base/java.lang.Thread.run(Thread.java:1570)
01-Nov-2024 20:04:06.788 SEVERE [http-nio-8080-exec-19] org.apache.catalina.core.StandardWrapperValve.invoke El Servlet.service() para el servlet [jsp] en el contexto con ruta [/Ventas_compras] lanzó la excepción [Ha sucedido una excepción al procesar la página JSP [index.jsp] en línea [75]

72:     <select name="txt_id_cliente" id="txt_id_cliente" class="form-control" required>
73:         <% 
74:             Cliente cliente = new Cliente();
75:             DefaultTableModel tablaCliente = cliente.leer();
76:             for (int t = 0; t < tablaCliente.getRowCount(); t++) {
77:                 out.println("<option value='" + tablaCliente.getValueAt(t, 0) + "'>" + tablaCliente.getValueAt(t, 1) + "</option>");
78:             }


Stacktrace:] con causa raíz
	java.lang.NullPointerException: Cannot invoke "java.sql.Connection.createStatement()" because "this.cn.conexionBD" is null
		at modelo.Cliente.leer(Cliente.java:87)
		at org.apache.jsp.index_jsp._jspService(index_jsp.java:199)
		at org.apache.jasper.runtime.HttpJspBase.service(HttpJspBase.java:67)
		at javax.servlet.http.HttpServlet.service(HttpServlet.java:623)
		at org.apache.jasper.servlet.JspServletWrapper.service(JspServletWrapper.java:466)
		at org.apache.jasper.servlet.JspServlet.serviceJspFile(JspServlet.java:376)
		at org.apache.jasper.servlet.JspServlet.service(JspServlet.java:324)
		at javax.servlet.http.HttpServlet.service(HttpServlet.java:623)
		at org.apache.catalina.core.ApplicationFilterChain.internalDoFilter(ApplicationFilterChain.java:199)
		at org.apache.catalina.core.ApplicationFilterChain.doFilter(ApplicationFilterChain.java:144)
		at org.apache.tomcat.websocket.server.WsFilter.doFilter(WsFilter.java:51)
		at org.apache.catalina.core.ApplicationFilterChain.internalDoFilter(ApplicationFilterChain.java:168)
		at org.apache.catalina.core.ApplicationFilterChain.doFilter(ApplicationFilterChain.java:144)
		at org.apache.catalina.core.StandardWrapperValve.invoke(StandardWrapperValve.java:168)
		at org.apache.catalina.core.StandardContextValve.invoke(StandardContextValve.java:90)
		at org.apache.catalina.authenticator.AuthenticatorBase.invoke(AuthenticatorBase.java:482)
		at org.apache.catalina.core.StandardHostValve.invoke(StandardHostValve.java:130)
		at org.apache.catalina.valves.ErrorReportValve.invoke(ErrorReportValve.java:93)
		at org.apache.catalina.valves.AbstractAccessLogValve.invoke(AbstractAccessLogValve.java:660)
		at org.apache.catalina.core.StandardEngineValve.invoke(StandardEngineValve.java:74)
		at org.apache.catalina.connector.CoyoteAdapter.service(CoyoteAdapter.java:346)
		at org.apache.coyote.http11.Http11Processor.service(Http11Processor.java:383)
		at org.apache.coyote.AbstractProcessorLight.process(AbstractProcessorLight.java:63)
		at org.apache.coyote.AbstractProtocol$ConnectionHandler.process(AbstractProtocol.java:937)
		at org.apache.tomcat.util.net.NioEndpoint$SocketProcessor.doRun(NioEndpoint.java:1791)
		at org.apache.tomcat.util.net.SocketProcessorBase.run(SocketProcessorBase.java:52)
		at org.apache.tomcat.util.threads.ThreadPoolExecutor.runWorker(ThreadPoolExecutor.java:1190)
		at org.apache.tomcat.util.threads.ThreadPoolExecutor$Worker.run(ThreadPoolExecutor.java:659)
		at org.apache.tomcat.util.threads.TaskThread$WrappingRunnable.run(TaskThread.java:63)
		at java.base/java.lang.Thread.run(Thread.java:1570)
01-Nov-2024 20:06:23.733 SEVERE [http-nio-8080-exec-19] org.apache.catalina.core.StandardWrapperValve.invoke El Servlet.service() para el servlet [jsp] en el contexto con ruta [/Ventas_compras] lanzó la excepción [Ha sucedido una excepción al procesar la página JSP [index.jsp] en línea [75]

72:     <select name="txt_id_cliente" id="txt_id_cliente" class="form-control" required>
73:         <% 
74:             Cliente cliente = new Cliente();
75:             DefaultTableModel tablaCliente = cliente.leer();
76:             for (int t = 0; t < tablaCliente.getRowCount(); t++) {
77:                 out.println("<option value='" + tablaCliente.getValueAt(t, 0) + "'>" + tablaCliente.getValueAt(t, 1) + "</option>");
78:             }


Stacktrace:] con causa raíz
	java.lang.NullPointerException: Cannot invoke "java.sql.Connection.createStatement()" because "this.cn.conexionBD" is null
		at modelo.Cliente.leer(Cliente.java:87)
		at org.apache.jsp.index_jsp._jspService(index_jsp.java:199)
		at org.apache.jasper.runtime.HttpJspBase.service(HttpJspBase.java:67)
		at javax.servlet.http.HttpServlet.service(HttpServlet.java:623)
		at org.apache.jasper.servlet.JspServletWrapper.service(JspServletWrapper.java:466)
		at org.apache.jasper.servlet.JspServlet.serviceJspFile(JspServlet.java:376)
		at org.apache.jasper.servlet.JspServlet.service(JspServlet.java:324)
		at javax.servlet.http.HttpServlet.service(HttpServlet.java:623)
		at org.apache.catalina.core.ApplicationFilterChain.internalDoFilter(ApplicationFilterChain.java:199)
		at org.apache.catalina.core.ApplicationFilterChain.doFilter(ApplicationFilterChain.java:144)
		at org.apache.tomcat.websocket.server.WsFilter.doFilter(WsFilter.java:51)
		at org.apache.catalina.core.ApplicationFilterChain.internalDoFilter(ApplicationFilterChain.java:168)
		at org.apache.catalina.core.ApplicationFilterChain.doFilter(ApplicationFilterChain.java:144)
		at org.apache.catalina.core.StandardWrapperValve.invoke(StandardWrapperValve.java:168)
		at org.apache.catalina.core.StandardContextValve.invoke(StandardContextValve.java:90)
		at org.apache.catalina.authenticator.AuthenticatorBase.invoke(AuthenticatorBase.java:482)
		at org.apache.catalina.core.StandardHostValve.invoke(StandardHostValve.java:130)
		at org.apache.catalina.valves.ErrorReportValve.invoke(ErrorReportValve.java:93)
		at org.apache.catalina.valves.AbstractAccessLogValve.invoke(AbstractAccessLogValve.java:660)
		at org.apache.catalina.core.StandardEngineValve.invoke(StandardEngineValve.java:74)
		at org.apache.catalina.connector.CoyoteAdapter.service(CoyoteAdapter.java:346)
		at org.apache.coyote.http11.Http11Processor.service(Http11Processor.java:383)
		at org.apache.coyote.AbstractProcessorLight.process(AbstractProcessorLight.java:63)
		at org.apache.coyote.AbstractProtocol$ConnectionHandler.process(AbstractProtocol.java:937)
		at org.apache.tomcat.util.net.NioEndpoint$SocketProcessor.doRun(NioEndpoint.java:1791)
		at org.apache.tomcat.util.net.SocketProcessorBase.run(SocketProcessorBase.java:52)
		at org.apache.tomcat.util.threads.ThreadPoolExecutor.runWorker(ThreadPoolExecutor.java:1190)
		at org.apache.tomcat.util.threads.ThreadPoolExecutor$Worker.run(ThreadPoolExecutor.java:659)
		at org.apache.tomcat.util.threads.TaskThread$WrappingRunnable.run(TaskThread.java:63)
		at java.base/java.lang.Thread.run(Thread.java:1570)
01-Nov-2024 20:07:51.497 SEVERE [http-nio-8080-exec-22] org.apache.catalina.core.StandardWrapperValve.invoke El Servlet.service() para el servlet [jsp] en el contexto con ruta [/Ventas_compras] lanzó la excepción [Ha sucedido una excepción al procesar la página JSP [index.jsp] en línea [75]

72:     <select name="txt_id_cliente" id="txt_id_cliente" class="form-control" required>
73:         <% 
74:             Cliente cliente = new Cliente();
75:             DefaultTableModel tablaCliente = cliente.leer();
76:             for (int t = 0; t < tablaCliente.getRowCount(); t++) {
77:                 out.println("<option value='" + tablaCliente.getValueAt(t, 0) + "'>" + tablaCliente.getValueAt(t, 1) + "</option>");
78:             }


Stacktrace:] con causa raíz
	java.lang.NullPointerException: Cannot invoke "java.sql.Connection.createStatement()" because "this.cn.conexionBD" is null
		at modelo.Cliente.leer(Cliente.java:87)
		at org.apache.jsp.index_jsp._jspService(index_jsp.java:199)
		at org.apache.jasper.runtime.HttpJspBase.service(HttpJspBase.java:67)
		at javax.servlet.http.HttpServlet.service(HttpServlet.java:623)
		at org.apache.jasper.servlet.JspServletWrapper.service(JspServletWrapper.java:466)
		at org.apache.jasper.servlet.JspServlet.serviceJspFile(JspServlet.java:376)
		at org.apache.jasper.servlet.JspServlet.service(JspServlet.java:324)
		at javax.servlet.http.HttpServlet.service(HttpServlet.java:623)
		at org.apache.catalina.core.ApplicationFilterChain.internalDoFilter(ApplicationFilterChain.java:199)
		at org.apache.catalina.core.ApplicationFilterChain.doFilter(ApplicationFilterChain.java:144)
		at org.apache.tomcat.websocket.server.WsFilter.doFilter(WsFilter.java:51)
		at org.apache.catalina.core.ApplicationFilterChain.internalDoFilter(ApplicationFilterChain.java:168)
		at org.apache.catalina.core.ApplicationFilterChain.doFilter(ApplicationFilterChain.java:144)
		at org.apache.catalina.core.StandardWrapperValve.invoke(StandardWrapperValve.java:168)
		at org.apache.catalina.core.StandardContextValve.invoke(StandardContextValve.java:90)
		at org.apache.catalina.authenticator.AuthenticatorBase.invoke(AuthenticatorBase.java:482)
		at org.apache.catalina.core.StandardHostValve.invoke(StandardHostValve.java:130)
		at org.apache.catalina.valves.ErrorReportValve.invoke(ErrorReportValve.java:93)
		at org.apache.catalina.valves.AbstractAccessLogValve.invoke(AbstractAccessLogValve.java:660)
		at org.apache.catalina.core.StandardEngineValve.invoke(StandardEngineValve.java:74)
		at org.apache.catalina.connector.CoyoteAdapter.service(CoyoteAdapter.java:346)
		at org.apache.coyote.http11.Http11Processor.service(Http11Processor.java:383)
		at org.apache.coyote.AbstractProcessorLight.process(AbstractProcessorLight.java:63)
		at org.apache.coyote.AbstractProtocol$ConnectionHandler.process(AbstractProtocol.java:937)
		at org.apache.tomcat.util.net.NioEndpoint$SocketProcessor.doRun(NioEndpoint.java:1791)
		at org.apache.tomcat.util.net.SocketProcessorBase.run(SocketProcessorBase.java:52)
		at org.apache.tomcat.util.threads.ThreadPoolExecutor.runWorker(ThreadPoolExecutor.java:1190)
		at org.apache.tomcat.util.threads.ThreadPoolExecutor$Worker.run(ThreadPoolExecutor.java:659)
		at org.apache.tomcat.util.threads.TaskThread$WrappingRunnable.run(TaskThread.java:63)
		at java.base/java.lang.Thread.run(Thread.java:1570)
01-Nov-2024 20:09:23.104 SEVERE [http-nio-8080-exec-22] org.apache.catalina.core.StandardWrapperValve.invoke El Servlet.service() para el servlet [jsp] en el contexto con ruta [/Ventas_compras] lanzó la excepción [Ha sucedido una excepción al procesar la página JSP [index.jsp] en línea [75]

72:     <select name="txt_id_cliente" id="txt_id_cliente" class="form-control" required>
73:         <% 
74:             Cliente cliente = new Cliente();
75:             DefaultTableModel tablaCliente = cliente.leer();
76:             for (int t = 0; t < tablaCliente.getRowCount(); t++) {
77:                 out.println("<option value='" + tablaCliente.getValueAt(t, 0) + "'>" + tablaCliente.getValueAt(t, 1) + "</option>");
78:             }


Stacktrace:] con causa raíz
	java.lang.NullPointerException: Cannot invoke "java.sql.Connection.createStatement()" because "this.cn.conexionBD" is null
		at modelo.Cliente.leer(Cliente.java:87)
		at org.apache.jsp.index_jsp._jspService(index_jsp.java:199)
		at org.apache.jasper.runtime.HttpJspBase.service(HttpJspBase.java:67)
		at javax.servlet.http.HttpServlet.service(HttpServlet.java:623)
		at org.apache.jasper.servlet.JspServletWrapper.service(JspServletWrapper.java:466)
		at org.apache.jasper.servlet.JspServlet.serviceJspFile(JspServlet.java:376)
		at org.apache.jasper.servlet.JspServlet.service(JspServlet.java:324)
		at javax.servlet.http.HttpServlet.service(HttpServlet.java:623)
		at org.apache.catalina.core.ApplicationFilterChain.internalDoFilter(ApplicationFilterChain.java:199)
		at org.apache.catalina.core.ApplicationFilterChain.doFilter(ApplicationFilterChain.java:144)
		at org.apache.tomcat.websocket.server.WsFilter.doFilter(WsFilter.java:51)
		at org.apache.catalina.core.ApplicationFilterChain.internalDoFilter(ApplicationFilterChain.java:168)
		at org.apache.catalina.core.ApplicationFilterChain.doFilter(ApplicationFilterChain.java:144)
		at org.apache.catalina.core.StandardWrapperValve.invoke(StandardWrapperValve.java:168)
		at org.apache.catalina.core.StandardContextValve.invoke(StandardContextValve.java:90)
		at org.apache.catalina.authenticator.AuthenticatorBase.invoke(AuthenticatorBase.java:482)
		at org.apache.catalina.core.StandardHostValve.invoke(StandardHostValve.java:130)
		at org.apache.catalina.valves.ErrorReportValve.invoke(ErrorReportValve.java:93)
		at org.apache.catalina.valves.AbstractAccessLogValve.invoke(AbstractAccessLogValve.java:660)
		at org.apache.catalina.core.StandardEngineValve.invoke(StandardEngineValve.java:74)
		at org.apache.catalina.connector.CoyoteAdapter.service(CoyoteAdapter.java:346)
		at org.apache.coyote.http11.Http11Processor.service(Http11Processor.java:383)
		at org.apache.coyote.AbstractProcessorLight.process(AbstractProcessorLight.java:63)
		at org.apache.coyote.AbstractProtocol$ConnectionHandler.process(AbstractProtocol.java:937)
		at org.apache.tomcat.util.net.NioEndpoint$SocketProcessor.doRun(NioEndpoint.java:1791)
		at org.apache.tomcat.util.net.SocketProcessorBase.run(SocketProcessorBase.java:52)
		at org.apache.tomcat.util.threads.ThreadPoolExecutor.runWorker(ThreadPoolExecutor.java:1190)
		at org.apache.tomcat.util.threads.ThreadPoolExecutor$Worker.run(ThreadPoolExecutor.java:659)
		at org.apache.tomcat.util.threads.TaskThread$WrappingRunnable.run(TaskThread.java:63)
		at java.base/java.lang.Thread.run(Thread.java:1570)
01-Nov-2024 20:10:59.695 SEVERE [http-nio-8080-exec-30] org.apache.catalina.core.StandardWrapperValve.invoke El Servlet.service() para el servlet [jsp] en el contexto con ruta [/Ventas_compras] lanzó la excepción [Ha sucedido una excepción al procesar la página JSP [index.jsp] en línea [75]

72:     <select name="txt_id_cliente" id="txt_id_cliente" class="form-control" required>
73:         <% 
74:             Cliente cliente = new Cliente();
75:             DefaultTableModel tablaCliente = cliente.leer();
76:             for (int t = 0; t < tablaCliente.getRowCount(); t++) {
77:                 out.println("<option value='" + tablaCliente.getValueAt(t, 0) + "'>" + tablaCliente.getValueAt(t, 1) + "</option>");
78:             }


Stacktrace:] con causa raíz
	java.lang.NullPointerException: Cannot invoke "java.sql.Connection.createStatement()" because "this.cn.conexionBD" is null
		at modelo.Cliente.leer(Cliente.java:87)
		at org.apache.jsp.index_jsp._jspService(index_jsp.java:199)
		at org.apache.jasper.runtime.HttpJspBase.service(HttpJspBase.java:67)
		at javax.servlet.http.HttpServlet.service(HttpServlet.java:623)
		at org.apache.jasper.servlet.JspServletWrapper.service(JspServletWrapper.java:466)
		at org.apache.jasper.servlet.JspServlet.serviceJspFile(JspServlet.java:376)
		at org.apache.jasper.servlet.JspServlet.service(JspServlet.java:324)
		at javax.servlet.http.HttpServlet.service(HttpServlet.java:623)
		at org.apache.catalina.core.ApplicationFilterChain.internalDoFilter(ApplicationFilterChain.java:199)
		at org.apache.catalina.core.ApplicationFilterChain.doFilter(ApplicationFilterChain.java:144)
		at org.apache.tomcat.websocket.server.WsFilter.doFilter(WsFilter.java:51)
		at org.apache.catalina.core.ApplicationFilterChain.internalDoFilter(ApplicationFilterChain.java:168)
		at org.apache.catalina.core.ApplicationFilterChain.doFilter(ApplicationFilterChain.java:144)
		at org.apache.catalina.core.StandardWrapperValve.invoke(StandardWrapperValve.java:168)
		at org.apache.catalina.core.StandardContextValve.invoke(StandardContextValve.java:90)
		at org.apache.catalina.authenticator.AuthenticatorBase.invoke(AuthenticatorBase.java:482)
		at org.apache.catalina.core.StandardHostValve.invoke(StandardHostValve.java:130)
		at org.apache.catalina.valves.ErrorReportValve.invoke(ErrorReportValve.java:93)
		at org.apache.catalina.valves.AbstractAccessLogValve.invoke(AbstractAccessLogValve.java:660)
		at org.apache.catalina.core.StandardEngineValve.invoke(StandardEngineValve.java:74)
		at org.apache.catalina.connector.CoyoteAdapter.service(CoyoteAdapter.java:346)
		at org.apache.coyote.http11.Http11Processor.service(Http11Processor.java:383)
		at org.apache.coyote.AbstractProcessorLight.process(AbstractProcessorLight.java:63)
		at org.apache.coyote.AbstractProtocol$ConnectionHandler.process(AbstractProtocol.java:937)
		at org.apache.tomcat.util.net.NioEndpoint$SocketProcessor.doRun(NioEndpoint.java:1791)
		at org.apache.tomcat.util.net.SocketProcessorBase.run(SocketProcessorBase.java:52)
		at org.apache.tomcat.util.threads.ThreadPoolExecutor.runWorker(ThreadPoolExecutor.java:1190)
		at org.apache.tomcat.util.threads.ThreadPoolExecutor$Worker.run(ThreadPoolExecutor.java:659)
		at org.apache.tomcat.util.threads.TaskThread$WrappingRunnable.run(TaskThread.java:63)
		at java.base/java.lang.Thread.run(Thread.java:1570)
01-Nov-2024 20:13:49.815 SEVERE [http-nio-8080-exec-34] org.apache.catalina.core.StandardWrapperValve.invoke El Servlet.service() para el servlet [jsp] en el contexto con ruta [/Ventas_compras] lanzó la excepción [Ha sucedido una excepción al procesar la página JSP [/index.jsp] en línea [75]

72:     <select name="txt_id_cliente" id="txt_id_cliente" class="form-control" required>
73:         <% 
74:             Cliente cliente = new Cliente();
75:             DefaultTableModel tablaCliente = cliente.leer();
76:             for (int t = 0; t < tablaCliente.getRowCount(); t++) {
77:                 out.println("<option value='" + tablaCliente.getValueAt(t, 0) + "'>" + tablaCliente.getValueAt(t, 1) + "</option>");
78:             }


Stacktrace:] con causa raíz
	java.lang.NullPointerException: Cannot invoke "java.sql.Connection.createStatement()" because "this.cn.conexionBD" is null
		at modelo.Cliente.leer(Cliente.java:87)
		at org.apache.jsp.index_jsp._jspService(index_jsp.java:199)
		at org.apache.jasper.runtime.HttpJspBase.service(HttpJspBase.java:67)
		at javax.servlet.http.HttpServlet.service(HttpServlet.java:623)
		at org.apache.jasper.servlet.JspServletWrapper.service(JspServletWrapper.java:466)
		at org.apache.jasper.servlet.JspServlet.serviceJspFile(JspServlet.java:376)
		at org.apache.jasper.servlet.JspServlet.service(JspServlet.java:324)
		at javax.servlet.http.HttpServlet.service(HttpServlet.java:623)
		at org.apache.catalina.core.ApplicationFilterChain.internalDoFilter(ApplicationFilterChain.java:199)
		at org.apache.catalina.core.ApplicationFilterChain.doFilter(ApplicationFilterChain.java:144)
		at org.apache.tomcat.websocket.server.WsFilter.doFilter(WsFilter.java:51)
		at org.apache.catalina.core.ApplicationFilterChain.internalDoFilter(ApplicationFilterChain.java:168)
		at org.apache.catalina.core.ApplicationFilterChain.doFilter(ApplicationFilterChain.java:144)
		at org.apache.catalina.core.StandardWrapperValve.invoke(StandardWrapperValve.java:168)
		at org.apache.catalina.core.StandardContextValve.invoke(StandardContextValve.java:90)
		at org.apache.catalina.authenticator.AuthenticatorBase.invoke(AuthenticatorBase.java:482)
		at org.apache.catalina.core.StandardHostValve.invoke(StandardHostValve.java:130)
		at org.apache.catalina.valves.ErrorReportValve.invoke(ErrorReportValve.java:93)
		at org.apache.catalina.valves.AbstractAccessLogValve.invoke(AbstractAccessLogValve.java:660)
		at org.apache.catalina.core.StandardEngineValve.invoke(StandardEngineValve.java:74)
		at org.apache.catalina.connector.CoyoteAdapter.service(CoyoteAdapter.java:346)
		at org.apache.coyote.http11.Http11Processor.service(Http11Processor.java:383)
		at org.apache.coyote.AbstractProcessorLight.process(AbstractProcessorLight.java:63)
		at org.apache.coyote.AbstractProtocol$ConnectionHandler.process(AbstractProtocol.java:937)
		at org.apache.tomcat.util.net.NioEndpoint$SocketProcessor.doRun(NioEndpoint.java:1791)
		at org.apache.tomcat.util.net.SocketProcessorBase.run(SocketProcessorBase.java:52)
		at org.apache.tomcat.util.threads.ThreadPoolExecutor.runWorker(ThreadPoolExecutor.java:1190)
		at org.apache.tomcat.util.threads.ThreadPoolExecutor$Worker.run(ThreadPoolExecutor.java:659)
		at org.apache.tomcat.util.threads.TaskThread$WrappingRunnable.run(TaskThread.java:63)
		at java.base/java.lang.Thread.run(Thread.java:1570)
01-Nov-2024 20:22:21.298 INFO [main] org.apache.catalina.core.ApplicationContext.log SessionListener: contextDestroyed()
01-Nov-2024 20:22:21.298 INFO [main] org.apache.catalina.core.ApplicationContext.log ContextListener: contextDestroyed()
01-Nov-2024 20:23:22.233 INFO [main] org.apache.catalina.core.ApplicationContext.log ContextListener: contextInitialized()
01-Nov-2024 20:23:22.233 INFO [main] org.apache.catalina.core.ApplicationContext.log SessionListener: contextInitialized()
01-Nov-2024 20:23:22.234 INFO [main] org.apache.catalina.core.ApplicationContext.log ContextListener: attributeAdded('StockTicker', 'async.Stockticker@369fb99a')
01-Nov-2024 20:32:37.055 INFO [main] org.apache.catalina.core.ApplicationContext.log SessionListener: contextDestroyed()
01-Nov-2024 20:32:37.055 INFO [main] org.apache.catalina.core.ApplicationContext.log ContextListener: contextDestroyed()
01-Nov-2024 20:40:24.282 INFO [main] org.apache.catalina.core.ApplicationContext.log ContextListener: contextInitialized()
01-Nov-2024 20:40:24.282 INFO [main] org.apache.catalina.core.ApplicationContext.log SessionListener: contextInitialized()
01-Nov-2024 20:40:24.283 INFO [main] org.apache.catalina.core.ApplicationContext.log ContextListener: attributeAdded('StockTicker', 'async.Stockticker@4cf230bf')
01-Nov-2024 20:42:51.166 SEVERE [http-nio-8080-exec-12] org.apache.catalina.core.StandardWrapperValve.invoke El Servlet.service() para el servlet [jsp] en el contexto con ruta [/solohuecadas] lanzó la excepción [Ha sucedido una excepción al procesar la página JSP [/index.jsp] en línea [108]

105:                                 <select name="drop_puesto" id="drop_puesto" class="form-control" >
106:                                     <% 
107:                                         Puesto  elegir_puestoM = new Puesto();
108:                                         HashMap<String,String> dropM = elegir_puestoM.drop_puestos();
109:                                         for(String i: dropM.keySet()){
110:                                         out.println("<option value='" + i + "' >" + dropM.get(i) +"</option>");
111:                                     }


Stacktrace:] con causa raíz
	java.lang.NullPointerException: Cannot invoke "java.sql.Connection.createStatement()" because "this.cn.conexionBD" is null
		at modelo.Puesto.drop_puestos(Puesto.java:126)
		at org.apache.jsp.index_jsp._jspService(index_jsp.java:228)
		at org.apache.jasper.runtime.HttpJspBase.service(HttpJspBase.java:67)
		at javax.servlet.http.HttpServlet.service(HttpServlet.java:623)
		at org.apache.jasper.servlet.JspServletWrapper.service(JspServletWrapper.java:466)
		at org.apache.jasper.servlet.JspServlet.serviceJspFile(JspServlet.java:376)
		at org.apache.jasper.servlet.JspServlet.service(JspServlet.java:324)
		at javax.servlet.http.HttpServlet.service(HttpServlet.java:623)
		at org.apache.catalina.core.ApplicationFilterChain.internalDoFilter(ApplicationFilterChain.java:199)
		at org.apache.catalina.core.ApplicationFilterChain.doFilter(ApplicationFilterChain.java:144)
		at org.apache.tomcat.websocket.server.WsFilter.doFilter(WsFilter.java:51)
		at org.apache.catalina.core.ApplicationFilterChain.internalDoFilter(ApplicationFilterChain.java:168)
		at org.apache.catalina.core.ApplicationFilterChain.doFilter(ApplicationFilterChain.java:144)
		at org.apache.catalina.core.StandardWrapperValve.invoke(StandardWrapperValve.java:168)
		at org.apache.catalina.core.StandardContextValve.invoke(StandardContextValve.java:90)
		at org.apache.catalina.authenticator.AuthenticatorBase.invoke(AuthenticatorBase.java:482)
		at org.apache.catalina.core.StandardHostValve.invoke(StandardHostValve.java:130)
		at org.apache.catalina.valves.ErrorReportValve.invoke(ErrorReportValve.java:93)
		at org.apache.catalina.valves.AbstractAccessLogValve.invoke(AbstractAccessLogValve.java:660)
		at org.apache.catalina.core.StandardEngineValve.invoke(StandardEngineValve.java:74)
		at org.apache.catalina.connector.CoyoteAdapter.service(CoyoteAdapter.java:346)
		at org.apache.coyote.http11.Http11Processor.service(Http11Processor.java:383)
		at org.apache.coyote.AbstractProcessorLight.process(AbstractProcessorLight.java:63)
		at org.apache.coyote.AbstractProtocol$ConnectionHandler.process(AbstractProtocol.java:937)
		at org.apache.tomcat.util.net.NioEndpoint$SocketProcessor.doRun(NioEndpoint.java:1791)
		at org.apache.tomcat.util.net.SocketProcessorBase.run(SocketProcessorBase.java:52)
		at org.apache.tomcat.util.threads.ThreadPoolExecutor.runWorker(ThreadPoolExecutor.java:1190)
		at org.apache.tomcat.util.threads.ThreadPoolExecutor$Worker.run(ThreadPoolExecutor.java:659)
		at org.apache.tomcat.util.threads.TaskThread$WrappingRunnable.run(TaskThread.java:63)
		at java.base/java.lang.Thread.run(Thread.java:1570)
01-Nov-2024 20:43:17.249 SEVERE [http-nio-8080-exec-13] org.apache.catalina.core.StandardWrapperValve.invoke El Servlet.service() para el servlet [jsp] en el contexto con ruta [/solohuecadas] lanzó la excepción [Ha sucedido una excepción al procesar la página JSP [/index.jsp] en línea [108]

105:                                 <select name="drop_puesto" id="drop_puesto" class="form-control" >
106:                                     <% 
107:                                         Puesto  elegir_puestoM = new Puesto();
108:                                         HashMap<String,String> dropM = elegir_puestoM.drop_puestos();
109:                                         for(String i: dropM.keySet()){
110:                                         out.println("<option value='" + i + "' >" + dropM.get(i) +"</option>");
111:                                     }


Stacktrace:] con causa raíz
	java.lang.NullPointerException: Cannot invoke "java.sql.Connection.createStatement()" because "this.cn.conexionBD" is null
		at modelo.Puesto.drop_puestos(Puesto.java:126)
		at org.apache.jsp.index_jsp._jspService(index_jsp.java:228)
		at org.apache.jasper.runtime.HttpJspBase.service(HttpJspBase.java:67)
		at javax.servlet.http.HttpServlet.service(HttpServlet.java:623)
		at org.apache.jasper.servlet.JspServletWrapper.service(JspServletWrapper.java:466)
		at org.apache.jasper.servlet.JspServlet.serviceJspFile(JspServlet.java:376)
		at org.apache.jasper.servlet.JspServlet.service(JspServlet.java:324)
		at javax.servlet.http.HttpServlet.service(HttpServlet.java:623)
		at org.apache.catalina.core.ApplicationFilterChain.internalDoFilter(ApplicationFilterChain.java:199)
		at org.apache.catalina.core.ApplicationFilterChain.doFilter(ApplicationFilterChain.java:144)
		at org.apache.tomcat.websocket.server.WsFilter.doFilter(WsFilter.java:51)
		at org.apache.catalina.core.ApplicationFilterChain.internalDoFilter(ApplicationFilterChain.java:168)
		at org.apache.catalina.core.ApplicationFilterChain.doFilter(ApplicationFilterChain.java:144)
		at org.apache.catalina.core.StandardWrapperValve.invoke(StandardWrapperValve.java:168)
		at org.apache.catalina.core.StandardContextValve.invoke(StandardContextValve.java:90)
		at org.apache.catalina.authenticator.AuthenticatorBase.invoke(AuthenticatorBase.java:482)
		at org.apache.catalina.core.StandardHostValve.invoke(StandardHostValve.java:130)
		at org.apache.catalina.valves.ErrorReportValve.invoke(ErrorReportValve.java:93)
		at org.apache.catalina.valves.AbstractAccessLogValve.invoke(AbstractAccessLogValve.java:660)
		at org.apache.catalina.core.StandardEngineValve.invoke(StandardEngineValve.java:74)
		at org.apache.catalina.connector.CoyoteAdapter.service(CoyoteAdapter.java:346)
		at org.apache.coyote.http11.Http11Processor.service(Http11Processor.java:383)
		at org.apache.coyote.AbstractProcessorLight.process(AbstractProcessorLight.java:63)
		at org.apache.coyote.AbstractProtocol$ConnectionHandler.process(AbstractProtocol.java:937)
		at org.apache.tomcat.util.net.NioEndpoint$SocketProcessor.doRun(NioEndpoint.java:1791)
		at org.apache.tomcat.util.net.SocketProcessorBase.run(SocketProcessorBase.java:52)
		at org.apache.tomcat.util.threads.ThreadPoolExecutor.runWorker(ThreadPoolExecutor.java:1190)
		at org.apache.tomcat.util.threads.ThreadPoolExecutor$Worker.run(ThreadPoolExecutor.java:659)
		at org.apache.tomcat.util.threads.TaskThread$WrappingRunnable.run(TaskThread.java:63)
		at java.base/java.lang.Thread.run(Thread.java:1570)
01-Nov-2024 20:53:18.041 SEVERE [http-nio-8080-exec-12] org.apache.catalina.core.StandardWrapperValve.invoke El Servlet.service() para el servlet [jsp] en el contexto con ruta [/solopruebas] lanzó la excepción [Ha sucedido una excepción al procesar la página JSP [/index.jsp] en línea [67]

64:                         <%
65:                         Puesto puesto = new Puesto();
66:                         DefaultTableModel tabla = new DefaultTableModel();
67:                         tabla = puesto.leer();
68:                         for (int t=0;t<tabla.getRowCount();t++){
69:                             out.println("<tr data-id='"+ tabla.getValueAt(t, 0) +"'>");
70:                             out.println("<td>"+ tabla.getValueAt(t, 0) +"</td>");


Stacktrace:] con causa raíz
	java.lang.NullPointerException: Cannot invoke "java.sql.Connection.createStatement()" because "this.cn.conexionBD" is null
		at modelo.Puesto.leer(Puesto.java:45)
		at org.apache.jsp.index_jsp._jspService(index_jsp.java:183)
		at org.apache.jasper.runtime.HttpJspBase.service(HttpJspBase.java:67)
		at javax.servlet.http.HttpServlet.service(HttpServlet.java:623)
		at org.apache.jasper.servlet.JspServletWrapper.service(JspServletWrapper.java:466)
		at org.apache.jasper.servlet.JspServlet.serviceJspFile(JspServlet.java:376)
		at org.apache.jasper.servlet.JspServlet.service(JspServlet.java:324)
		at javax.servlet.http.HttpServlet.service(HttpServlet.java:623)
		at org.apache.catalina.core.ApplicationFilterChain.internalDoFilter(ApplicationFilterChain.java:199)
		at org.apache.catalina.core.ApplicationFilterChain.doFilter(ApplicationFilterChain.java:144)
		at org.apache.tomcat.websocket.server.WsFilter.doFilter(WsFilter.java:51)
		at org.apache.catalina.core.ApplicationFilterChain.internalDoFilter(ApplicationFilterChain.java:168)
		at org.apache.catalina.core.ApplicationFilterChain.doFilter(ApplicationFilterChain.java:144)
		at org.apache.catalina.core.StandardWrapperValve.invoke(StandardWrapperValve.java:168)
		at org.apache.catalina.core.StandardContextValve.invoke(StandardContextValve.java:90)
		at org.apache.catalina.authenticator.AuthenticatorBase.invoke(AuthenticatorBase.java:482)
		at org.apache.catalina.core.StandardHostValve.invoke(StandardHostValve.java:130)
		at org.apache.catalina.valves.ErrorReportValve.invoke(ErrorReportValve.java:93)
		at org.apache.catalina.valves.AbstractAccessLogValve.invoke(AbstractAccessLogValve.java:660)
		at org.apache.catalina.core.StandardEngineValve.invoke(StandardEngineValve.java:74)
		at org.apache.catalina.connector.CoyoteAdapter.service(CoyoteAdapter.java:346)
		at org.apache.coyote.http11.Http11Processor.service(Http11Processor.java:383)
		at org.apache.coyote.AbstractProcessorLight.process(AbstractProcessorLight.java:63)
		at org.apache.coyote.AbstractProtocol$ConnectionHandler.process(AbstractProtocol.java:937)
		at org.apache.tomcat.util.net.NioEndpoint$SocketProcessor.doRun(NioEndpoint.java:1791)
		at org.apache.tomcat.util.net.SocketProcessorBase.run(SocketProcessorBase.java:52)
		at org.apache.tomcat.util.threads.ThreadPoolExecutor.runWorker(ThreadPoolExecutor.java:1190)
		at org.apache.tomcat.util.threads.ThreadPoolExecutor$Worker.run(ThreadPoolExecutor.java:659)
		at org.apache.tomcat.util.threads.TaskThread$WrappingRunnable.run(TaskThread.java:63)
		at java.base/java.lang.Thread.run(Thread.java:1570)
01-Nov-2024 21:25:51.387 INFO [main] org.apache.catalina.core.ApplicationContext.log SessionListener: contextDestroyed()
01-Nov-2024 21:25:51.387 INFO [main] org.apache.catalina.core.ApplicationContext.log ContextListener: contextDestroyed()
01-Nov-2024 21:26:14.543 INFO [main] org.apache.catalina.core.ApplicationContext.log ContextListener: contextInitialized()
01-Nov-2024 21:26:14.543 INFO [main] org.apache.catalina.core.ApplicationContext.log SessionListener: contextInitialized()
01-Nov-2024 21:26:14.545 INFO [main] org.apache.catalina.core.ApplicationContext.log ContextListener: attributeAdded('StockTicker', 'async.Stockticker@70f8d217')
