29-Oct-2024 00:04:32.156 INFO [main] org.apache.catalina.startup.VersionLoggerListener.log Nombre de la versión del servidor: Apache Tomcat/9.0.96
29-Oct-2024 00:04:32.168 INFO [main] org.apache.catalina.startup.VersionLoggerListener.log Server built:                      Oct 3 2024 19:44:30 UTC
29-Oct-2024 00:04:32.168 INFO [main] org.apache.catalina.startup.VersionLoggerListener.log Número de versión de servidor:     9.0.96.0
29-Oct-2024 00:04:32.168 INFO [main] org.apache.catalina.startup.VersionLoggerListener.log OS Name:                           Windows 11
29-Oct-2024 00:04:32.168 INFO [main] org.apache.catalina.startup.VersionLoggerListener.log Versión de Systema Operativo:      10.0
29-Oct-2024 00:04:32.168 INFO [main] org.apache.catalina.startup.VersionLoggerListener.log Arquitectura:                      amd64
29-Oct-2024 00:04:32.168 INFO [main] org.apache.catalina.startup.VersionLoggerListener.log Java Home:                         C:\Program Files\Java\jdk-22
29-Oct-2024 00:04:32.168 INFO [main] org.apache.catalina.startup.VersionLoggerListener.log JVM Version:                       22.0.2+9-70
29-Oct-2024 00:04:32.168 INFO [main] org.apache.catalina.startup.VersionLoggerListener.log Vededor JVM:                       Oracle Corporation
29-Oct-2024 00:04:32.168 INFO [main] org.apache.catalina.startup.VersionLoggerListener.log CATALINA_BASE:                     C:\Users\ghost\Documents\NetBeansProjects\proyecto_web_CRUD\apache-tomcat-9.0.96
29-Oct-2024 00:04:32.168 INFO [main] org.apache.catalina.startup.VersionLoggerListener.log CATALINA_HOME:                     C:\Users\ghost\Documents\NetBeansProjects\proyecto_web_CRUD\apache-tomcat-9.0.96
29-Oct-2024 00:04:32.175 INFO [main] org.apache.catalina.startup.VersionLoggerListener.log Command line argument:             --add-opens=java.base/java.lang=ALL-UNNAMED
29-Oct-2024 00:04:32.175 INFO [main] org.apache.catalina.startup.VersionLoggerListener.log Command line argument:             --add-opens=java.base/java.io=ALL-UNNAMED
29-Oct-2024 00:04:32.175 INFO [main] org.apache.catalina.startup.VersionLoggerListener.log Command line argument:             --add-opens=java.base/java.util=ALL-UNNAMED
29-Oct-2024 00:04:32.175 INFO [main] org.apache.catalina.startup.VersionLoggerListener.log Command line argument:             --add-opens=java.base/java.util.concurrent=ALL-UNNAMED
29-Oct-2024 00:04:32.175 INFO [main] org.apache.catalina.startup.VersionLoggerListener.log Command line argument:             --add-opens=java.rmi/sun.rmi.transport=ALL-UNNAMED
29-Oct-2024 00:04:32.175 INFO [main] org.apache.catalina.startup.VersionLoggerListener.log Command line argument:             -Djava.util.logging.config.file=C:\Users\ghost\Documents\NetBeansProjects\proyecto_web_CRUD\apache-tomcat-9.0.96\conf\logging.properties
29-Oct-2024 00:04:32.175 INFO [main] org.apache.catalina.startup.VersionLoggerListener.log Command line argument:             -Djava.util.logging.manager=org.apache.juli.ClassLoaderLogManager
29-Oct-2024 00:04:32.175 INFO [main] org.apache.catalina.startup.VersionLoggerListener.log Command line argument:             -Djdk.tls.ephemeralDHKeySize=2048
29-Oct-2024 00:04:32.176 INFO [main] org.apache.catalina.startup.VersionLoggerListener.log Command line argument:             -Djava.protocol.handler.pkgs=org.apache.catalina.webresources
29-Oct-2024 00:04:32.176 INFO [main] org.apache.catalina.startup.VersionLoggerListener.log Command line argument:             -Dignore.endorsed.dirs=
29-Oct-2024 00:04:32.176 INFO [main] org.apache.catalina.startup.VersionLoggerListener.log Command line argument:             -Dcatalina.base=C:\Users\ghost\Documents\NetBeansProjects\proyecto_web_CRUD\apache-tomcat-9.0.96
29-Oct-2024 00:04:32.176 INFO [main] org.apache.catalina.startup.VersionLoggerListener.log Command line argument:             -Dcatalina.home=C:\Users\ghost\Documents\NetBeansProjects\proyecto_web_CRUD\apache-tomcat-9.0.96
29-Oct-2024 00:04:32.176 INFO [main] org.apache.catalina.startup.VersionLoggerListener.log Command line argument:             -Djava.io.tmpdir=C:\Users\ghost\Documents\NetBeansProjects\proyecto_web_CRUD\apache-tomcat-9.0.96\temp
29-Oct-2024 00:04:32.224 INFO [main] org.apache.catalina.core.AprLifecycleListener.lifecycleEvent La biblioteca nativa de Apache Tomcat basada en ARP que permite un rendimiento óptimo en entornos de desarrollo no ha sido hallada en java.library.path: [C:\Program Files\Java\jdk-22\bin;C:\WINDOWS\Sun\Java\bin;C:\WINDOWS\system32;C:\WINDOWS;C:\ProgramData\Oracle\Java\javapath;C:\Program Files\Common Files\Oracle\Java\javapath;C:\Program Files (x86)\Common Files\Oracle\Java\java8path;C:\Program Files (x86)\Common Files\Oracle\Java\javapath;C:\WINDOWS\system32;C:\WINDOWS;C:\WINDOWS\System32\Wbem;C:\WINDOWS\System32\WindowsPowerShell\v1.0\;C:\WINDOWS\System32\OpenSSH\;C:\Program Files\Microsoft SQL Server\Client SDK\ODBC\170\Tools\Binn\;C:\Program Files (x86)\Microsoft SQL Server\160\Tools\Binn\;C:\Program Files\Microsoft SQL Server\160\Tools\Binn\;C:\Program Files\Microsoft SQL Server\160\DTS\Binn\;C:\Program Files\Microsoft SQL Server\150\Tools\Binn\;C:\Program Files\Git\cmd;C:\Program Files\dotnet\;C:\Program Files (x86)\Microsoft SQL Server\160\DTS\Binn\;C:\Users\ghost\AppData\Local\Microsoft\WindowsApps;C:\Program Files\Azure Data Studio\bin;C:\Users\ghost\AppData\Local\GitHubDesktop\bin;C:\Users\ghost\.dotnet\tools;C:\Users\ghost\AppData\Local\Programs\Microsoft VS Code\bin;.]
29-Oct-2024 00:04:32.447 INFO [main] org.apache.coyote.AbstractProtocol.init Inicializando el manejador de protocolo ["http-nio-8080"]

29-Oct-2024 00:04:32.465 INFO [main] org.apache.catalina.startup.Catalina.load Server initialization in [451] milliseconds
29-Oct-2024 00:04:32.486 INFO [main] org.apache.catalina.core.StandardService.startInternal Arrancando servicio [Catalina]
29-Oct-2024 00:04:32.486 INFO [main] org.apache.catalina.core.StandardEngine.startInternal Starting Servlet engine: [Apache Tomcat/9.0.96]
29-Oct-2024 00:04:32.508 INFO [main] org.apache.catalina.startup.HostConfig.deployDescriptor Desplieque del descriptor de configuración [C:\Users\ghost\Documents\NetBeansProjects\proyecto_web_CRUD\apache-tomcat-9.0.96\conf\Catalina\localhost\Clientes.xml]
29-Oct-2024 00:04:32.519 WARNING [main] org.apache.catalina.startup.HostConfig.deployDescriptor The path attribute with value [/Clientes] in deployment descriptor [C:\Users\ghost\Documents\NetBeansProjects\proyecto_web_CRUD\apache-tomcat-9.0.96\conf\Catalina\localhost\Clientes.xml] has been ignored
29-Oct-2024 00:04:33.031 INFO [main] org.apache.jasper.servlet.TldScanner.scanJars Al menos un JAR, que se ha explorado buscando TLDs, aún no contenía TLDs. Activar historial de depuración para este historiador para una completa lista de los JARs que fueron explorados y de los que nos se halló TLDs. Saltarse JARs no necesarios durante la exploración puede dar lugar a una mejora de tiempo significativa en el arranque y compilación de JSP .
29-Oct-2024 00:04:33.069 INFO [main] org.apache.catalina.startup.HostConfig.deployDescriptor Deployment of deployment descriptor [C:\Users\ghost\Documents\NetBeansProjects\proyecto_web_CRUD\apache-tomcat-9.0.96\conf\Catalina\localhost\Clientes.xml] has finished in [559] ms
29-Oct-2024 00:04:33.070 INFO [main] org.apache.catalina.startup.HostConfig.deployDescriptor Desplieque del descriptor de configuración [C:\Users\ghost\Documents\NetBeansProjects\proyecto_web_CRUD\apache-tomcat-9.0.96\conf\Catalina\localhost\proyecto_web_CRUD.xml]
29-Oct-2024 00:04:33.070 WARNING [main] org.apache.catalina.startup.HostConfig.deployDescriptor The path attribute with value [/proyecto_web_CRUD] in deployment descriptor [C:\Users\ghost\Documents\NetBeansProjects\proyecto_web_CRUD\apache-tomcat-9.0.96\conf\Catalina\localhost\proyecto_web_CRUD.xml] has been ignored
29-Oct-2024 00:04:33.417 INFO [main] org.apache.jasper.servlet.TldScanner.scanJars Al menos un JAR, que se ha explorado buscando TLDs, aún no contenía TLDs. Activar historial de depuración para este historiador para una completa lista de los JARs que fueron explorados y de los que nos se halló TLDs. Saltarse JARs no necesarios durante la exploración puede dar lugar a una mejora de tiempo significativa en el arranque y compilación de JSP .
29-Oct-2024 00:04:33.420 INFO [main] org.apache.catalina.startup.HostConfig.deployDescriptor Deployment of deployment descriptor [C:\Users\ghost\Documents\NetBeansProjects\proyecto_web_CRUD\apache-tomcat-9.0.96\conf\Catalina\localhost\proyecto_web_CRUD.xml] has finished in [350] ms
29-Oct-2024 00:04:33.420 INFO [main] org.apache.catalina.startup.HostConfig.deployDescriptor Desplieque del descriptor de configuración [C:\Users\ghost\Documents\NetBeansProjects\proyecto_web_CRUD\apache-tomcat-9.0.96\conf\Catalina\localhost\web_empresa_bd.xml]
29-Oct-2024 00:04:33.420 WARNING [main] org.apache.catalina.startup.HostConfig.deployDescriptor The path attribute with value [/web_empresa_bd] in deployment descriptor [C:\Users\ghost\Documents\NetBeansProjects\proyecto_web_CRUD\apache-tomcat-9.0.96\conf\Catalina\localhost\web_empresa_bd.xml] has been ignored
29-Oct-2024 00:04:33.424 SEVERE [main] org.apache.catalina.startup.HostConfig.deployDescriptor Error durante el despliegue del descriptor de configuración [C:\Users\ghost\Documents\NetBeansProjects\proyecto_web_CRUD\apache-tomcat-9.0.96\conf\Catalina\localhost\web_empresa_bd.xml]
	java.lang.IllegalStateException: Error starting child
		at org.apache.catalina.core.ContainerBase.addChildInternal(ContainerBase.java:602)
		at org.apache.catalina.core.ContainerBase.addChild(ContainerBase.java:571)
		at org.apache.catalina.core.StandardHost.addChild(StandardHost.java:603)
		at org.apache.catalina.startup.HostConfig.deployDescriptor(HostConfig.java:680)
		at org.apache.catalina.startup.HostConfig$DeployDescriptor.run(HostConfig.java:1844)
		at java.base/java.util.concurrent.Executors$RunnableAdapter.call(Executors.java:572)
		at java.base/java.util.concurrent.FutureTask.run(FutureTask.java:317)
		at org.apache.tomcat.util.threads.InlineExecutorService.execute(InlineExecutorService.java:75)
		at java.base/java.util.concurrent.AbstractExecutorService.submit(AbstractExecutorService.java:123)
		at org.apache.catalina.startup.HostConfig.deployDescriptors(HostConfig.java:575)
		at org.apache.catalina.startup.HostConfig.deployApps(HostConfig.java:466)
		at org.apache.catalina.startup.HostConfig.start(HostConfig.java:1584)
		at org.apache.catalina.startup.HostConfig.lifecycleEvent(HostConfig.java:312)
		at org.apache.catalina.util.LifecycleBase.fireLifecycleEvent(LifecycleBase.java:109)
		at org.apache.catalina.util.LifecycleBase.setStateInternal(LifecycleBase.java:385)
		at org.apache.catalina.util.LifecycleBase.setState(LifecycleBase.java:332)
		at org.apache.catalina.core.ContainerBase.startInternal(ContainerBase.java:776)
		at org.apache.catalina.core.StandardHost.startInternal(StandardHost.java:721)
		at org.apache.catalina.util.LifecycleBase.start(LifecycleBase.java:164)
		at org.apache.catalina.core.ContainerBase$StartChild.call(ContainerBase.java:1203)
		at org.apache.catalina.core.ContainerBase$StartChild.call(ContainerBase.java:1193)
		at java.base/java.util.concurrent.FutureTask.run(FutureTask.java:317)
		at org.apache.tomcat.util.threads.InlineExecutorService.execute(InlineExecutorService.java:75)
		at java.base/java.util.concurrent.AbstractExecutorService.submit(AbstractExecutorService.java:145)
		at org.apache.catalina.core.ContainerBase.startInternal(ContainerBase.java:749)
		at org.apache.catalina.core.StandardEngine.startInternal(StandardEngine.java:211)
		at org.apache.catalina.util.LifecycleBase.start(LifecycleBase.java:164)
		at org.apache.catalina.core.StandardService.startInternal(StandardService.java:415)
		at org.apache.catalina.util.LifecycleBase.start(LifecycleBase.java:164)
		at org.apache.catalina.core.StandardServer.startInternal(StandardServer.java:874)
		at org.apache.catalina.util.LifecycleBase.start(LifecycleBase.java:164)
		at org.apache.catalina.startup.Catalina.start(Catalina.java:735)
		at java.base/jdk.internal.reflect.DirectMethodHandleAccessor.invoke(DirectMethodHandleAccessor.java:103)
		at java.base/java.lang.reflect.Method.invoke(Method.java:580)
		at org.apache.catalina.startup.Bootstrap.start(Bootstrap.java:345)
		at org.apache.catalina.startup.Bootstrap.main(Bootstrap.java:473)
	Caused by: org.apache.catalina.LifecycleException: Failed to start component [org.apache.catalina.webresources.StandardRoot@2e51d054]
		at org.apache.catalina.util.LifecycleBase.handleSubClassException(LifecycleBase.java:402)
		at org.apache.catalina.util.LifecycleBase.start(LifecycleBase.java:179)
		at org.apache.catalina.core.StandardContext.resourcesStart(StandardContext.java:4118)
		at org.apache.catalina.core.StandardContext.startInternal(StandardContext.java:4240)
		at org.apache.catalina.util.LifecycleBase.start(LifecycleBase.java:164)
		at org.apache.catalina.core.ContainerBase.addChildInternal(ContainerBase.java:599)
		... 35 more
	Caused by: java.lang.IllegalArgumentException: The main resource set specified [C:\Users\ghost\Documents\NetBeansProjects\jsp-CRUD-main\build\web] is not a directory or war file, or is not readable (it does not exist or permissions to access it are missing)
		at org.apache.catalina.webresources.StandardRoot.createMainResourceSet(StandardRoot.java:749)
		at org.apache.catalina.webresources.StandardRoot.startInternal(StandardRoot.java:707)
		at org.apache.catalina.util.LifecycleBase.start(LifecycleBase.java:164)
		... 39 more
29-Oct-2024 00:04:33.475 INFO [main] org.apache.catalina.startup.HostConfig.deployDescriptor Deployment of deployment descriptor [C:\Users\ghost\Documents\NetBeansProjects\proyecto_web_CRUD\apache-tomcat-9.0.96\conf\Catalina\localhost\web_empresa_bd.xml] has finished in [54] ms
29-Oct-2024 00:04:33.475 INFO [main] org.apache.catalina.startup.HostConfig.deployDescriptor Desplieque del descriptor de configuración [C:\Users\ghost\Documents\NetBeansProjects\proyecto_web_CRUD\apache-tomcat-9.0.96\conf\Catalina\localhost\web_proyecto2.xml]
29-Oct-2024 00:04:33.475 WARNING [main] org.apache.catalina.startup.HostConfig.deployDescriptor The path attribute with value [/web_proyecto2] in deployment descriptor [C:\Users\ghost\Documents\NetBeansProjects\proyecto_web_CRUD\apache-tomcat-9.0.96\conf\Catalina\localhost\web_proyecto2.xml] has been ignored
29-Oct-2024 00:04:33.479 SEVERE [main] org.apache.catalina.startup.HostConfig.deployDescriptor Error durante el despliegue del descriptor de configuración [C:\Users\ghost\Documents\NetBeansProjects\proyecto_web_CRUD\apache-tomcat-9.0.96\conf\Catalina\localhost\web_proyecto2.xml]
	java.lang.IllegalStateException: Error starting child
		at org.apache.catalina.core.ContainerBase.addChildInternal(ContainerBase.java:602)
		at org.apache.catalina.core.ContainerBase.addChild(ContainerBase.java:571)
		at org.apache.catalina.core.StandardHost.addChild(StandardHost.java:603)
		at org.apache.catalina.startup.HostConfig.deployDescriptor(HostConfig.java:680)
		at org.apache.catalina.startup.HostConfig$DeployDescriptor.run(HostConfig.java:1844)
		at java.base/java.util.concurrent.Executors$RunnableAdapter.call(Executors.java:572)
		at java.base/java.util.concurrent.FutureTask.run(FutureTask.java:317)
		at org.apache.tomcat.util.threads.InlineExecutorService.execute(InlineExecutorService.java:75)
		at java.base/java.util.concurrent.AbstractExecutorService.submit(AbstractExecutorService.java:123)
		at org.apache.catalina.startup.HostConfig.deployDescriptors(HostConfig.java:575)
		at org.apache.catalina.startup.HostConfig.deployApps(HostConfig.java:466)
		at org.apache.catalina.startup.HostConfig.start(HostConfig.java:1584)
		at org.apache.catalina.startup.HostConfig.lifecycleEvent(HostConfig.java:312)
		at org.apache.catalina.util.LifecycleBase.fireLifecycleEvent(LifecycleBase.java:109)
		at org.apache.catalina.util.LifecycleBase.setStateInternal(LifecycleBase.java:385)
		at org.apache.catalina.util.LifecycleBase.setState(LifecycleBase.java:332)
		at org.apache.catalina.core.ContainerBase.startInternal(ContainerBase.java:776)
		at org.apache.catalina.core.StandardHost.startInternal(StandardHost.java:721)
		at org.apache.catalina.util.LifecycleBase.start(LifecycleBase.java:164)
		at org.apache.catalina.core.ContainerBase$StartChild.call(ContainerBase.java:1203)
		at org.apache.catalina.core.ContainerBase$StartChild.call(ContainerBase.java:1193)
		at java.base/java.util.concurrent.FutureTask.run(FutureTask.java:317)
		at org.apache.tomcat.util.threads.InlineExecutorService.execute(InlineExecutorService.java:75)
		at java.base/java.util.concurrent.AbstractExecutorService.submit(AbstractExecutorService.java:145)
		at org.apache.catalina.core.ContainerBase.startInternal(ContainerBase.java:749)
		at org.apache.catalina.core.StandardEngine.startInternal(StandardEngine.java:211)
		at org.apache.catalina.util.LifecycleBase.start(LifecycleBase.java:164)
		at org.apache.catalina.core.StandardService.startInternal(StandardService.java:415)
		at org.apache.catalina.util.LifecycleBase.start(LifecycleBase.java:164)
		at org.apache.catalina.core.StandardServer.startInternal(StandardServer.java:874)
		at org.apache.catalina.util.LifecycleBase.start(LifecycleBase.java:164)
		at org.apache.catalina.startup.Catalina.start(Catalina.java:735)
		at java.base/jdk.internal.reflect.DirectMethodHandleAccessor.invoke(DirectMethodHandleAccessor.java:103)
		at java.base/java.lang.reflect.Method.invoke(Method.java:580)
		at org.apache.catalina.startup.Bootstrap.start(Bootstrap.java:345)
		at org.apache.catalina.startup.Bootstrap.main(Bootstrap.java:473)
	Caused by: org.apache.catalina.LifecycleException: Failed to start component [org.apache.catalina.webresources.StandardRoot@381d7219]
		at org.apache.catalina.util.LifecycleBase.handleSubClassException(LifecycleBase.java:402)
		at org.apache.catalina.util.LifecycleBase.start(LifecycleBase.java:179)
		at org.apache.catalina.core.StandardContext.resourcesStart(StandardContext.java:4118)
		at org.apache.catalina.core.StandardContext.startInternal(StandardContext.java:4240)
		at org.apache.catalina.util.LifecycleBase.start(LifecycleBase.java:164)
		at org.apache.catalina.core.ContainerBase.addChildInternal(ContainerBase.java:599)
		... 35 more
	Caused by: java.lang.IllegalArgumentException: The main resource set specified [C:\Users\ghost\Documents\NetBeansProjects\proyecto programacion II\web_proyecto2\build\web] is not a directory or war file, or is not readable (it does not exist or permissions to access it are missing)
		at org.apache.catalina.webresources.StandardRoot.createMainResourceSet(StandardRoot.java:749)
		at org.apache.catalina.webresources.StandardRoot.startInternal(StandardRoot.java:707)
		at org.apache.catalina.util.LifecycleBase.start(LifecycleBase.java:164)
		... 39 more
29-Oct-2024 00:04:33.558 INFO [main] org.apache.catalina.startup.HostConfig.deployDescriptor Deployment of deployment descriptor [C:\Users\ghost\Documents\NetBeansProjects\proyecto_web_CRUD\apache-tomcat-9.0.96\conf\Catalina\localhost\web_proyecto2.xml] has finished in [82] ms
29-Oct-2024 00:04:33.558 INFO [main] org.apache.catalina.startup.HostConfig.deployDirectory Desplegando el directorio [C:\Users\ghost\Documents\NetBeansProjects\proyecto_web_CRUD\apache-tomcat-9.0.96\webapps\docs] de la aplicación web
29-Oct-2024 00:04:33.584 INFO [main] org.apache.catalina.startup.HostConfig.deployDirectory Deployment of web application directory [C:\Users\ghost\Documents\NetBeansProjects\proyecto_web_CRUD\apache-tomcat-9.0.96\webapps\docs] has finished in [26] ms
29-Oct-2024 00:04:33.584 INFO [main] org.apache.catalina.startup.HostConfig.deployDirectory Desplegando el directorio [C:\Users\ghost\Documents\NetBeansProjects\proyecto_web_CRUD\apache-tomcat-9.0.96\webapps\examples] de la aplicación web
29-Oct-2024 00:04:33.894 INFO [main] org.apache.catalina.startup.HostConfig.deployDirectory Deployment of web application directory [C:\Users\ghost\Documents\NetBeansProjects\proyecto_web_CRUD\apache-tomcat-9.0.96\webapps\examples] has finished in [310] ms
29-Oct-2024 00:04:33.895 INFO [main] org.apache.catalina.startup.HostConfig.deployDirectory Desplegando el directorio [C:\Users\ghost\Documents\NetBeansProjects\proyecto_web_CRUD\apache-tomcat-9.0.96\webapps\host-manager] de la aplicación web
29-Oct-2024 00:04:33.924 INFO [main] org.apache.catalina.startup.HostConfig.deployDirectory Deployment of web application directory [C:\Users\ghost\Documents\NetBeansProjects\proyecto_web_CRUD\apache-tomcat-9.0.96\webapps\host-manager] has finished in [29] ms
29-Oct-2024 00:04:33.924 INFO [main] org.apache.catalina.startup.HostConfig.deployDirectory Desplegando el directorio [C:\Users\ghost\Documents\NetBeansProjects\proyecto_web_CRUD\apache-tomcat-9.0.96\webapps\manager] de la aplicación web
29-Oct-2024 00:04:33.955 INFO [main] org.apache.catalina.startup.HostConfig.deployDirectory Deployment of web application directory [C:\Users\ghost\Documents\NetBeansProjects\proyecto_web_CRUD\apache-tomcat-9.0.96\webapps\manager] has finished in [30] ms
29-Oct-2024 00:04:33.955 INFO [main] org.apache.catalina.startup.HostConfig.deployDirectory Desplegando el directorio [C:\Users\ghost\Documents\NetBeansProjects\proyecto_web_CRUD\apache-tomcat-9.0.96\webapps\ROOT] de la aplicación web
29-Oct-2024 00:04:33.975 INFO [main] org.apache.catalina.startup.HostConfig.deployDirectory Deployment of web application directory [C:\Users\ghost\Documents\NetBeansProjects\proyecto_web_CRUD\apache-tomcat-9.0.96\webapps\ROOT] has finished in [20] ms
29-Oct-2024 00:04:33.978 INFO [main] org.apache.coyote.AbstractProtocol.start Starting ProtocolHandler ["http-nio-8080"]
29-Oct-2024 00:04:33.994 INFO [main] org.apache.catalina.startup.Catalina.start Server startup in [1528] milliseconds
29-Oct-2024 00:08:44.284 INFO [Catalina-utility-2] org.apache.catalina.users.MemoryUserDatabase.backgroundProcess Reloading memory user database [UserDatabase] from updated source [file:/C:/Users/ghost/Documents/NetBeansProjects/proyecto_web_CRUD/apache-tomcat-9.0.96/conf/tomcat-users.xml]
29-Oct-2024 00:11:35.530 INFO [http-nio-8080-exec-9] org.apache.catalina.startup.HostConfig.deployDescriptor Desplieque del descriptor de configuración [C:\Users\ghost\Documents\NetBeansProjects\proyecto_web_CRUD\apache-tomcat-9.0.96\conf\Catalina\localhost\pr_javaweb.xml]
29-Oct-2024 00:11:35.530 WARNING [http-nio-8080-exec-9] org.apache.catalina.startup.HostConfig.deployDescriptor The path attribute with value [/pr_javaweb] in deployment descriptor [C:\Users\ghost\Documents\NetBeansProjects\proyecto_web_CRUD\apache-tomcat-9.0.96\conf\Catalina\localhost\pr_javaweb.xml] has been ignored
29-Oct-2024 00:11:35.543 WARNING [http-nio-8080-exec-9] org.apache.tomcat.util.descriptor.web.WebXml.setVersion Unknown version string [6.0]. Default version will be used.
29-Oct-2024 00:11:35.810 INFO [http-nio-8080-exec-9] org.apache.jasper.servlet.TldScanner.scanJars Al menos un JAR, que se ha explorado buscando TLDs, aún no contenía TLDs. Activar historial de depuración para este historiador para una completa lista de los JARs que fueron explorados y de los que nos se halló TLDs. Saltarse JARs no necesarios durante la exploración puede dar lugar a una mejora de tiempo significativa en el arranque y compilación de JSP .
29-Oct-2024 00:11:35.813 INFO [http-nio-8080-exec-9] org.apache.catalina.startup.HostConfig.deployDescriptor Deployment of deployment descriptor [C:\Users\ghost\Documents\NetBeansProjects\proyecto_web_CRUD\apache-tomcat-9.0.96\conf\Catalina\localhost\pr_javaweb.xml] has finished in [284] ms
29-Oct-2024 00:11:35.816 INFO [http-nio-8080-exec-10] org.apache.catalina.util.LifecycleBase.start The start() method was called on component [StandardEngine[Catalina].StandardHost[localhost].StandardContext[/pr_javaweb]] after start() had already been called. The second call will be ignored.
29-Oct-2024 00:13:03.634 INFO [http-nio-8080-exec-4] org.apache.catalina.core.StandardContext.reload Ha comenzado la recarga de Contexto [/pr_javaweb]
29-Oct-2024 00:13:03.641 WARNING [http-nio-8080-exec-4] org.apache.catalina.loader.WebappClassLoaderBase.clearReferencesThreads The web application [pr_javaweb] appears to have started a thread named [mysql-cj-abandoned-connection-cleanup] but has failed to stop it. This is very likely to create a memory leak. Stack trace of thread:
 java.base/java.io.WinNTFileSystem.canonicalize0(Native Method)
 java.base/java.io.WinNTFileSystem.canonicalize(WinNTFileSystem.java:496)
 java.base/java.io.File.getCanonicalPath(File.java:626)
 org.apache.catalina.webresources.AbstractFileResourceSet.file(AbstractFileResourceSet.java:94)
 org.apache.catalina.webresources.DirResourceSet.getResource(DirResourceSet.java:94)
 org.apache.catalina.webresources.StandardRoot.getResourceInternal(StandardRoot.java:272)
 org.apache.catalina.webresources.CachedResource.validateResource(CachedResource.java:105)
 org.apache.catalina.webresources.Cache.getResource(Cache.java:96)
 org.apache.catalina.webresources.StandardRoot.getResource(StandardRoot.java:211)
 org.apache.catalina.webresources.StandardRoot.getClassLoaderResource(StandardRoot.java:220)
 org.apache.catalina.loader.WebappClassLoaderBase.findResource(WebappClassLoaderBase.java:872)
 org.apache.catalina.loader.WebappClassLoaderBase.getResource(WebappClassLoaderBase.java:981)
 com.mysql.cj.jdbc.AbandonedConnectionCleanupThread.checkThreadContextClassLoader(AbandonedConnectionCleanupThread.java:116)
 com.mysql.cj.jdbc.AbandonedConnectionCleanupThread.run(AbandonedConnectionCleanupThread.java:83)
 java.base/java.util.concurrent.ThreadPoolExecutor.runWorker(ThreadPoolExecutor.java:1144)
 java.base/java.util.concurrent.ThreadPoolExecutor$Worker.run(ThreadPoolExecutor.java:642)
 java.base/java.lang.Thread.run(Thread.java:1570)
29-Oct-2024 00:13:03.655 WARNING [http-nio-8080-exec-4] org.apache.tomcat.util.descriptor.web.WebXml.setVersion Unknown version string [6.0]. Default version will be used.
29-Oct-2024 00:13:03.918 INFO [http-nio-8080-exec-4] org.apache.jasper.servlet.TldScanner.scanJars Al menos un JAR, que se ha explorado buscando TLDs, aún no contenía TLDs. Activar historial de depuración para este historiador para una completa lista de los JARs que fueron explorados y de los que nos se halló TLDs. Saltarse JARs no necesarios durante la exploración puede dar lugar a una mejora de tiempo significativa en el arranque y compilación de JSP .
29-Oct-2024 00:13:03.920 INFO [http-nio-8080-exec-4] org.apache.catalina.core.StandardContext.reload Se ha completado la recarga de este Contexto
29-Oct-2024 00:13:03.924 INFO [http-nio-8080-exec-1] org.apache.catalina.core.StandardContext.reload Ha comenzado la recarga de Contexto [/pr_javaweb]
29-Oct-2024 00:13:03.931 WARNING [http-nio-8080-exec-1] org.apache.catalina.loader.WebappClassLoaderBase.clearReferencesThreads The web application [pr_javaweb] appears to have started a thread named [mysql-cj-abandoned-connection-cleanup] but has failed to stop it. This is very likely to create a memory leak. Stack trace of thread:
 java.base/java.io.WinNTFileSystem.getBooleanAttributes0(Native Method)
 java.base/java.io.WinNTFileSystem.getBooleanAttributes(WinNTFileSystem.java:512)
 java.base/java.io.FileSystem.hasBooleanAttributes(FileSystem.java:125)
 java.base/java.io.File.isFile(File.java:900)
 org.apache.catalina.webresources.AbstractFileResourceSet.file(AbstractFileResourceSet.java:69)
 org.apache.catalina.webresources.DirResourceSet.getResource(DirResourceSet.java:94)
 org.apache.catalina.webresources.StandardRoot.getResourceInternal(StandardRoot.java:272)
 org.apache.catalina.webresources.CachedResource.validateResource(CachedResource.java:105)
 org.apache.catalina.webresources.Cache.getResource(Cache.java:96)
 org.apache.catalina.webresources.StandardRoot.getResource(StandardRoot.java:211)
 org.apache.catalina.webresources.StandardRoot.getClassLoaderResource(StandardRoot.java:220)
 org.apache.catalina.loader.WebappClassLoaderBase.findResource(WebappClassLoaderBase.java:872)
 org.apache.catalina.loader.WebappClassLoaderBase.getResource(WebappClassLoaderBase.java:981)
 com.mysql.cj.jdbc.AbandonedConnectionCleanupThread.checkThreadContextClassLoader(AbandonedConnectionCleanupThread.java:116)
 com.mysql.cj.jdbc.AbandonedConnectionCleanupThread.run(AbandonedConnectionCleanupThread.java:83)
 java.base/java.util.concurrent.ThreadPoolExecutor.runWorker(ThreadPoolExecutor.java:1144)
 java.base/java.util.concurrent.ThreadPoolExecutor$Worker.run(ThreadPoolExecutor.java:642)
 java.base/java.lang.Thread.run(Thread.java:1570)
29-Oct-2024 00:13:03.943 WARNING [http-nio-8080-exec-1] org.apache.tomcat.util.descriptor.web.WebXml.setVersion Unknown version string [6.0]. Default version will be used.
29-Oct-2024 00:13:04.215 INFO [http-nio-8080-exec-1] org.apache.jasper.servlet.TldScanner.scanJars Al menos un JAR, que se ha explorado buscando TLDs, aún no contenía TLDs. Activar historial de depuración para este historiador para una completa lista de los JARs que fueron explorados y de los que nos se halló TLDs. Saltarse JARs no necesarios durante la exploración puede dar lugar a una mejora de tiempo significativa en el arranque y compilación de JSP .
29-Oct-2024 00:13:04.217 INFO [http-nio-8080-exec-1] org.apache.catalina.core.StandardContext.reload Se ha completado la recarga de este Contexto
29-Oct-2024 00:13:08.648 INFO [mysql-cj-abandoned-connection-cleanup] org.apache.catalina.loader.WebappClassLoaderBase.checkStateForResourceLoading Acceso ilegal: esta instancia de aplicación web ya ha sido parada.  Could not load [].  La eventual traza de pila que sigue ha sido motivada por un error lanzado con motivos de depuración así como para intentar terminar el hilo que motivó el acceso ilegal y no tiene impacto funcional.
	java.lang.IllegalStateException: Acceso ilegal: esta instancia de aplicación web ya ha sido parada.  Could not load [].  La eventual traza de pila que sigue ha sido motivada por un error lanzado con motivos de depuración así como para intentar terminar el hilo que motivó el acceso ilegal y no tiene impacto funcional.
		at org.apache.catalina.loader.WebappClassLoaderBase.checkStateForResourceLoading(WebappClassLoaderBase.java:1328)
		at org.apache.catalina.loader.WebappClassLoaderBase.getResource(WebappClassLoaderBase.java:960)
		at com.mysql.cj.jdbc.AbandonedConnectionCleanupThread.checkThreadContextClassLoader(AbandonedConnectionCleanupThread.java:116)
		at com.mysql.cj.jdbc.AbandonedConnectionCleanupThread.run(AbandonedConnectionCleanupThread.java:83)
		at java.base/java.util.concurrent.ThreadPoolExecutor.runWorker(ThreadPoolExecutor.java:1144)
		at java.base/java.util.concurrent.ThreadPoolExecutor$Worker.run(ThreadPoolExecutor.java:642)
		at java.base/java.lang.Thread.run(Thread.java:1570)
29-Oct-2024 00:13:08.944 INFO [mysql-cj-abandoned-connection-cleanup] org.apache.catalina.loader.WebappClassLoaderBase.checkStateForResourceLoading Acceso ilegal: esta instancia de aplicación web ya ha sido parada.  Could not load [].  La eventual traza de pila que sigue ha sido motivada por un error lanzado con motivos de depuración así como para intentar terminar el hilo que motivó el acceso ilegal y no tiene impacto funcional.
	java.lang.IllegalStateException: Acceso ilegal: esta instancia de aplicación web ya ha sido parada.  Could not load [].  La eventual traza de pila que sigue ha sido motivada por un error lanzado con motivos de depuración así como para intentar terminar el hilo que motivó el acceso ilegal y no tiene impacto funcional.
		at org.apache.catalina.loader.WebappClassLoaderBase.checkStateForResourceLoading(WebappClassLoaderBase.java:1328)
		at org.apache.catalina.loader.WebappClassLoaderBase.getResource(WebappClassLoaderBase.java:960)
		at com.mysql.cj.jdbc.AbandonedConnectionCleanupThread.checkThreadContextClassLoader(AbandonedConnectionCleanupThread.java:116)
		at com.mysql.cj.jdbc.AbandonedConnectionCleanupThread.run(AbandonedConnectionCleanupThread.java:83)
		at java.base/java.util.concurrent.ThreadPoolExecutor.runWorker(ThreadPoolExecutor.java:1144)
		at java.base/java.util.concurrent.ThreadPoolExecutor$Worker.run(ThreadPoolExecutor.java:642)
		at java.base/java.lang.Thread.run(Thread.java:1570)
29-Oct-2024 00:14:02.914 INFO [http-nio-8080-exec-3] org.apache.catalina.core.StandardContext.reload Ha comenzado la recarga de Contexto [/pr_javaweb]
29-Oct-2024 00:14:02.921 WARNING [http-nio-8080-exec-3] org.apache.catalina.loader.WebappClassLoaderBase.clearReferencesThreads The web application [pr_javaweb] appears to have started a thread named [mysql-cj-abandoned-connection-cleanup] but has failed to stop it. This is very likely to create a memory leak. Stack trace of thread:
 com.mysql.cj.jdbc.AbandonedConnectionCleanupThread.run(AbandonedConnectionCleanupThread.java:83)
 java.base/java.util.concurrent.ThreadPoolExecutor.runWorker(ThreadPoolExecutor.java:1144)
 java.base/java.util.concurrent.ThreadPoolExecutor$Worker.run(ThreadPoolExecutor.java:642)
 java.base/java.lang.Thread.run(Thread.java:1570)
29-Oct-2024 00:14:02.931 WARNING [http-nio-8080-exec-3] org.apache.tomcat.util.descriptor.web.WebXml.setVersion Unknown version string [6.0]. Default version will be used.
29-Oct-2024 00:14:03.202 INFO [http-nio-8080-exec-3] org.apache.jasper.servlet.TldScanner.scanJars Al menos un JAR, que se ha explorado buscando TLDs, aún no contenía TLDs. Activar historial de depuración para este historiador para una completa lista de los JARs que fueron explorados y de los que nos se halló TLDs. Saltarse JARs no necesarios durante la exploración puede dar lugar a una mejora de tiempo significativa en el arranque y compilación de JSP .
29-Oct-2024 00:14:03.204 INFO [http-nio-8080-exec-3] org.apache.catalina.core.StandardContext.reload Se ha completado la recarga de este Contexto
29-Oct-2024 00:14:03.207 INFO [http-nio-8080-exec-8] org.apache.catalina.core.StandardContext.reload Ha comenzado la recarga de Contexto [/pr_javaweb]
29-Oct-2024 00:14:03.214 WARNING [http-nio-8080-exec-8] org.apache.catalina.loader.WebappClassLoaderBase.clearReferencesThreads The web application [pr_javaweb] appears to have started a thread named [mysql-cj-abandoned-connection-cleanup] but has failed to stop it. This is very likely to create a memory leak. Stack trace of thread:
 com.mysql.cj.jdbc.AbandonedConnectionCleanupThread.run(AbandonedConnectionCleanupThread.java:83)
 java.base/java.util.concurrent.ThreadPoolExecutor.runWorker(ThreadPoolExecutor.java:1144)
 java.base/java.util.concurrent.ThreadPoolExecutor$Worker.run(ThreadPoolExecutor.java:642)
 java.base/java.lang.Thread.run(Thread.java:1570)
29-Oct-2024 00:14:03.225 WARNING [http-nio-8080-exec-8] org.apache.tomcat.util.descriptor.web.WebXml.setVersion Unknown version string [6.0]. Default version will be used.
29-Oct-2024 00:14:03.483 INFO [http-nio-8080-exec-8] org.apache.jasper.servlet.TldScanner.scanJars Al menos un JAR, que se ha explorado buscando TLDs, aún no contenía TLDs. Activar historial de depuración para este historiador para una completa lista de los JARs que fueron explorados y de los que nos se halló TLDs. Saltarse JARs no necesarios durante la exploración puede dar lugar a una mejora de tiempo significativa en el arranque y compilación de JSP .
29-Oct-2024 00:14:03.484 INFO [http-nio-8080-exec-8] org.apache.catalina.core.StandardContext.reload Se ha completado la recarga de este Contexto
29-Oct-2024 00:14:07.926 INFO [mysql-cj-abandoned-connection-cleanup] org.apache.catalina.loader.WebappClassLoaderBase.checkStateForResourceLoading Acceso ilegal: esta instancia de aplicación web ya ha sido parada.  Could not load [].  La eventual traza de pila que sigue ha sido motivada por un error lanzado con motivos de depuración así como para intentar terminar el hilo que motivó el acceso ilegal y no tiene impacto funcional.
	java.lang.IllegalStateException: Acceso ilegal: esta instancia de aplicación web ya ha sido parada.  Could not load [].  La eventual traza de pila que sigue ha sido motivada por un error lanzado con motivos de depuración así como para intentar terminar el hilo que motivó el acceso ilegal y no tiene impacto funcional.
		at org.apache.catalina.loader.WebappClassLoaderBase.checkStateForResourceLoading(WebappClassLoaderBase.java:1328)
		at org.apache.catalina.loader.WebappClassLoaderBase.getResource(WebappClassLoaderBase.java:960)
		at com.mysql.cj.jdbc.AbandonedConnectionCleanupThread.checkThreadContextClassLoader(AbandonedConnectionCleanupThread.java:116)
		at com.mysql.cj.jdbc.AbandonedConnectionCleanupThread.run(AbandonedConnectionCleanupThread.java:83)
		at java.base/java.util.concurrent.ThreadPoolExecutor.runWorker(ThreadPoolExecutor.java:1144)
		at java.base/java.util.concurrent.ThreadPoolExecutor$Worker.run(ThreadPoolExecutor.java:642)
		at java.base/java.lang.Thread.run(Thread.java:1570)
29-Oct-2024 00:14:08.221 INFO [mysql-cj-abandoned-connection-cleanup] org.apache.catalina.loader.WebappClassLoaderBase.checkStateForResourceLoading Acceso ilegal: esta instancia de aplicación web ya ha sido parada.  Could not load [].  La eventual traza de pila que sigue ha sido motivada por un error lanzado con motivos de depuración así como para intentar terminar el hilo que motivó el acceso ilegal y no tiene impacto funcional.
	java.lang.IllegalStateException: Acceso ilegal: esta instancia de aplicación web ya ha sido parada.  Could not load [].  La eventual traza de pila que sigue ha sido motivada por un error lanzado con motivos de depuración así como para intentar terminar el hilo que motivó el acceso ilegal y no tiene impacto funcional.
		at org.apache.catalina.loader.WebappClassLoaderBase.checkStateForResourceLoading(WebappClassLoaderBase.java:1328)
		at org.apache.catalina.loader.WebappClassLoaderBase.getResource(WebappClassLoaderBase.java:960)
		at com.mysql.cj.jdbc.AbandonedConnectionCleanupThread.checkThreadContextClassLoader(AbandonedConnectionCleanupThread.java:116)
		at com.mysql.cj.jdbc.AbandonedConnectionCleanupThread.run(AbandonedConnectionCleanupThread.java:83)
		at java.base/java.util.concurrent.ThreadPoolExecutor.runWorker(ThreadPoolExecutor.java:1144)
		at java.base/java.util.concurrent.ThreadPoolExecutor$Worker.run(ThreadPoolExecutor.java:642)
		at java.base/java.lang.Thread.run(Thread.java:1570)
29-Oct-2024 00:15:19.203 INFO [http-nio-8080-exec-1] org.apache.catalina.core.StandardContext.reload Ha comenzado la recarga de Contexto [/pr_javaweb]
29-Oct-2024 00:15:19.209 WARNING [http-nio-8080-exec-1] org.apache.catalina.loader.WebappClassLoaderBase.clearReferencesThreads The web application [pr_javaweb] appears to have started a thread named [mysql-cj-abandoned-connection-cleanup] but has failed to stop it. This is very likely to create a memory leak. Stack trace of thread:
 com.mysql.cj.jdbc.AbandonedConnectionCleanupThread.run(AbandonedConnectionCleanupThread.java:83)
 java.base/java.util.concurrent.ThreadPoolExecutor.runWorker(ThreadPoolExecutor.java:1144)
 java.base/java.util.concurrent.ThreadPoolExecutor$Worker.run(ThreadPoolExecutor.java:642)
 java.base/java.lang.Thread.run(Thread.java:1570)
29-Oct-2024 00:15:19.220 WARNING [http-nio-8080-exec-1] org.apache.tomcat.util.descriptor.web.WebXml.setVersion Unknown version string [6.0]. Default version will be used.
29-Oct-2024 00:15:19.480 INFO [http-nio-8080-exec-1] org.apache.jasper.servlet.TldScanner.scanJars Al menos un JAR, que se ha explorado buscando TLDs, aún no contenía TLDs. Activar historial de depuración para este historiador para una completa lista de los JARs que fueron explorados y de los que nos se halló TLDs. Saltarse JARs no necesarios durante la exploración puede dar lugar a una mejora de tiempo significativa en el arranque y compilación de JSP .
29-Oct-2024 00:15:19.481 INFO [http-nio-8080-exec-1] org.apache.catalina.core.StandardContext.reload Se ha completado la recarga de este Contexto
29-Oct-2024 00:15:19.805 INFO [http-nio-8080-exec-11] org.apache.catalina.core.StandardContext.reload Ha comenzado la recarga de Contexto [/pr_javaweb]
29-Oct-2024 00:15:19.811 WARNING [http-nio-8080-exec-11] org.apache.catalina.loader.WebappClassLoaderBase.clearReferencesThreads The web application [pr_javaweb] appears to have started a thread named [mysql-cj-abandoned-connection-cleanup] but has failed to stop it. This is very likely to create a memory leak. Stack trace of thread:
 java.base/java.util.concurrent.ThreadPoolExecutor.runWorker(ThreadPoolExecutor.java:1137)
 java.base/java.util.concurrent.ThreadPoolExecutor$Worker.run(ThreadPoolExecutor.java:642)
 java.base/java.lang.Thread.run(Thread.java:1570)
29-Oct-2024 00:15:19.823 WARNING [http-nio-8080-exec-11] org.apache.tomcat.util.descriptor.web.WebXml.setVersion Unknown version string [6.0]. Default version will be used.
29-Oct-2024 00:15:20.084 INFO [http-nio-8080-exec-11] org.apache.jasper.servlet.TldScanner.scanJars Al menos un JAR, que se ha explorado buscando TLDs, aún no contenía TLDs. Activar historial de depuración para este historiador para una completa lista de los JARs que fueron explorados y de los que nos se halló TLDs. Saltarse JARs no necesarios durante la exploración puede dar lugar a una mejora de tiempo significativa en el arranque y compilación de JSP .
29-Oct-2024 00:15:20.086 INFO [http-nio-8080-exec-11] org.apache.catalina.core.StandardContext.reload Se ha completado la recarga de este Contexto
29-Oct-2024 00:15:24.226 INFO [mysql-cj-abandoned-connection-cleanup] org.apache.catalina.loader.WebappClassLoaderBase.checkStateForResourceLoading Acceso ilegal: esta instancia de aplicación web ya ha sido parada.  Could not load [].  La eventual traza de pila que sigue ha sido motivada por un error lanzado con motivos de depuración así como para intentar terminar el hilo que motivó el acceso ilegal y no tiene impacto funcional.
	java.lang.IllegalStateException: Acceso ilegal: esta instancia de aplicación web ya ha sido parada.  Could not load [].  La eventual traza de pila que sigue ha sido motivada por un error lanzado con motivos de depuración así como para intentar terminar el hilo que motivó el acceso ilegal y no tiene impacto funcional.
		at org.apache.catalina.loader.WebappClassLoaderBase.checkStateForResourceLoading(WebappClassLoaderBase.java:1328)
		at org.apache.catalina.loader.WebappClassLoaderBase.getResource(WebappClassLoaderBase.java:960)
		at com.mysql.cj.jdbc.AbandonedConnectionCleanupThread.checkThreadContextClassLoader(AbandonedConnectionCleanupThread.java:116)
		at com.mysql.cj.jdbc.AbandonedConnectionCleanupThread.run(AbandonedConnectionCleanupThread.java:83)
		at java.base/java.util.concurrent.ThreadPoolExecutor.runWorker(ThreadPoolExecutor.java:1144)
		at java.base/java.util.concurrent.ThreadPoolExecutor$Worker.run(ThreadPoolExecutor.java:642)
		at java.base/java.lang.Thread.run(Thread.java:1570)
29-Oct-2024 00:15:24.814 INFO [mysql-cj-abandoned-connection-cleanup] org.apache.catalina.loader.WebappClassLoaderBase.checkStateForResourceLoading Acceso ilegal: esta instancia de aplicación web ya ha sido parada.  Could not load [].  La eventual traza de pila que sigue ha sido motivada por un error lanzado con motivos de depuración así como para intentar terminar el hilo que motivó el acceso ilegal y no tiene impacto funcional.
	java.lang.IllegalStateException: Acceso ilegal: esta instancia de aplicación web ya ha sido parada.  Could not load [].  La eventual traza de pila que sigue ha sido motivada por un error lanzado con motivos de depuración así como para intentar terminar el hilo que motivó el acceso ilegal y no tiene impacto funcional.
		at org.apache.catalina.loader.WebappClassLoaderBase.checkStateForResourceLoading(WebappClassLoaderBase.java:1328)
		at org.apache.catalina.loader.WebappClassLoaderBase.getResource(WebappClassLoaderBase.java:960)
		at com.mysql.cj.jdbc.AbandonedConnectionCleanupThread.checkThreadContextClassLoader(AbandonedConnectionCleanupThread.java:116)
		at com.mysql.cj.jdbc.AbandonedConnectionCleanupThread.run(AbandonedConnectionCleanupThread.java:83)
		at java.base/java.util.concurrent.ThreadPoolExecutor.runWorker(ThreadPoolExecutor.java:1144)
		at java.base/java.util.concurrent.ThreadPoolExecutor$Worker.run(ThreadPoolExecutor.java:642)
		at java.base/java.lang.Thread.run(Thread.java:1570)
29-Oct-2024 00:25:24.279 INFO [http-nio-8080-exec-23] org.apache.catalina.core.StandardContext.reload Ha comenzado la recarga de Contexto [/pr_javaweb]
29-Oct-2024 00:25:24.286 WARNING [http-nio-8080-exec-23] org.apache.catalina.loader.WebappClassLoaderBase.clearReferencesThreads The web application [pr_javaweb] appears to have started a thread named [mysql-cj-abandoned-connection-cleanup] but has failed to stop it. This is very likely to create a memory leak. Stack trace of thread:
 java.base/java.util.concurrent.ThreadPoolExecutor$Worker.tryAcquire(ThreadPoolExecutor.java:655)
 java.base/java.util.concurrent.locks.AbstractQueuedSynchronizer.acquire(AbstractQueuedSynchronizer.java:989)
 java.base/java.util.concurrent.ThreadPoolExecutor$Worker.lock(ThreadPoolExecutor.java:668)
 java.base/java.util.concurrent.ThreadPoolExecutor.runWorker(ThreadPoolExecutor.java:1131)
 java.base/java.util.concurrent.ThreadPoolExecutor$Worker.run(ThreadPoolExecutor.java:642)
 java.base/java.lang.Thread.run(Thread.java:1570)
29-Oct-2024 00:25:24.299 WARNING [http-nio-8080-exec-23] org.apache.tomcat.util.descriptor.web.WebXml.setVersion Unknown version string [6.0]. Default version will be used.
29-Oct-2024 00:25:24.550 INFO [http-nio-8080-exec-23] org.apache.jasper.servlet.TldScanner.scanJars Al menos un JAR, que se ha explorado buscando TLDs, aún no contenía TLDs. Activar historial de depuración para este historiador para una completa lista de los JARs que fueron explorados y de los que nos se halló TLDs. Saltarse JARs no necesarios durante la exploración puede dar lugar a una mejora de tiempo significativa en el arranque y compilación de JSP .
29-Oct-2024 00:25:24.552 INFO [http-nio-8080-exec-23] org.apache.catalina.core.StandardContext.reload Se ha completado la recarga de este Contexto
29-Oct-2024 00:25:29.295 INFO [mysql-cj-abandoned-connection-cleanup] org.apache.catalina.loader.WebappClassLoaderBase.checkStateForResourceLoading Acceso ilegal: esta instancia de aplicación web ya ha sido parada.  Could not load [].  La eventual traza de pila que sigue ha sido motivada por un error lanzado con motivos de depuración así como para intentar terminar el hilo que motivó el acceso ilegal y no tiene impacto funcional.
	java.lang.IllegalStateException: Acceso ilegal: esta instancia de aplicación web ya ha sido parada.  Could not load [].  La eventual traza de pila que sigue ha sido motivada por un error lanzado con motivos de depuración así como para intentar terminar el hilo que motivó el acceso ilegal y no tiene impacto funcional.
		at org.apache.catalina.loader.WebappClassLoaderBase.checkStateForResourceLoading(WebappClassLoaderBase.java:1328)
		at org.apache.catalina.loader.WebappClassLoaderBase.getResource(WebappClassLoaderBase.java:960)
		at com.mysql.cj.jdbc.AbandonedConnectionCleanupThread.checkThreadContextClassLoader(AbandonedConnectionCleanupThread.java:116)
		at com.mysql.cj.jdbc.AbandonedConnectionCleanupThread.run(AbandonedConnectionCleanupThread.java:83)
		at java.base/java.util.concurrent.ThreadPoolExecutor.runWorker(ThreadPoolExecutor.java:1144)
		at java.base/java.util.concurrent.ThreadPoolExecutor$Worker.run(ThreadPoolExecutor.java:642)
		at java.base/java.lang.Thread.run(Thread.java:1570)
29-Oct-2024 00:25:41.960 INFO [http-nio-8080-exec-18] org.apache.catalina.core.StandardContext.reload Ha comenzado la recarga de Contexto [/pr_javaweb]
29-Oct-2024 00:25:41.966 WARNING [http-nio-8080-exec-18] org.apache.catalina.loader.WebappClassLoaderBase.clearReferencesThreads The web application [pr_javaweb] appears to have started a thread named [mysql-cj-abandoned-connection-cleanup] but has failed to stop it. This is very likely to create a memory leak. Stack trace of thread:
 com.mysql.cj.jdbc.AbandonedConnectionCleanupThread.run(AbandonedConnectionCleanupThread.java:83)
 java.base/java.util.concurrent.ThreadPoolExecutor.runWorker(ThreadPoolExecutor.java:1144)
 java.base/java.util.concurrent.ThreadPoolExecutor$Worker.run(ThreadPoolExecutor.java:642)
 java.base/java.lang.Thread.run(Thread.java:1570)
29-Oct-2024 00:25:41.976 WARNING [http-nio-8080-exec-18] org.apache.tomcat.util.descriptor.web.WebXml.setVersion Unknown version string [6.0]. Default version will be used.
29-Oct-2024 00:25:42.247 INFO [http-nio-8080-exec-18] org.apache.jasper.servlet.TldScanner.scanJars Al menos un JAR, que se ha explorado buscando TLDs, aún no contenía TLDs. Activar historial de depuración para este historiador para una completa lista de los JARs que fueron explorados y de los que nos se halló TLDs. Saltarse JARs no necesarios durante la exploración puede dar lugar a una mejora de tiempo significativa en el arranque y compilación de JSP .
29-Oct-2024 00:25:42.250 INFO [http-nio-8080-exec-18] org.apache.catalina.core.StandardContext.reload Se ha completado la recarga de este Contexto
29-Oct-2024 00:25:42.584 INFO [http-nio-8080-exec-26] org.apache.catalina.core.StandardContext.reload Ha comenzado la recarga de Contexto [/pr_javaweb]
29-Oct-2024 00:25:42.589 WARNING [http-nio-8080-exec-26] org.apache.catalina.loader.WebappClassLoaderBase.clearReferencesThreads The web application [pr_javaweb] appears to have started a thread named [mysql-cj-abandoned-connection-cleanup] but has failed to stop it. This is very likely to create a memory leak. Stack trace of thread:
 com.mysql.cj.jdbc.AbandonedConnectionCleanupThread.run(AbandonedConnectionCleanupThread.java:83)
 java.base/java.util.concurrent.ThreadPoolExecutor.runWorker(ThreadPoolExecutor.java:1144)
 java.base/java.util.concurrent.ThreadPoolExecutor$Worker.run(ThreadPoolExecutor.java:642)
 java.base/java.lang.Thread.run(Thread.java:1570)
29-Oct-2024 00:25:42.599 WARNING [http-nio-8080-exec-26] org.apache.tomcat.util.descriptor.web.WebXml.setVersion Unknown version string [6.0]. Default version will be used.
29-Oct-2024 00:25:42.883 INFO [http-nio-8080-exec-26] org.apache.jasper.servlet.TldScanner.scanJars Al menos un JAR, que se ha explorado buscando TLDs, aún no contenía TLDs. Activar historial de depuración para este historiador para una completa lista de los JARs que fueron explorados y de los que nos se halló TLDs. Saltarse JARs no necesarios durante la exploración puede dar lugar a una mejora de tiempo significativa en el arranque y compilación de JSP .
29-Oct-2024 00:25:42.884 INFO [http-nio-8080-exec-26] org.apache.catalina.core.StandardContext.reload Se ha completado la recarga de este Contexto
29-Oct-2024 00:25:46.969 INFO [mysql-cj-abandoned-connection-cleanup] org.apache.catalina.loader.WebappClassLoaderBase.checkStateForResourceLoading Acceso ilegal: esta instancia de aplicación web ya ha sido parada.  Could not load [].  La eventual traza de pila que sigue ha sido motivada por un error lanzado con motivos de depuración así como para intentar terminar el hilo que motivó el acceso ilegal y no tiene impacto funcional.
	java.lang.IllegalStateException: Acceso ilegal: esta instancia de aplicación web ya ha sido parada.  Could not load [].  La eventual traza de pila que sigue ha sido motivada por un error lanzado con motivos de depuración así como para intentar terminar el hilo que motivó el acceso ilegal y no tiene impacto funcional.
		at org.apache.catalina.loader.WebappClassLoaderBase.checkStateForResourceLoading(WebappClassLoaderBase.java:1328)
		at org.apache.catalina.loader.WebappClassLoaderBase.getResource(WebappClassLoaderBase.java:960)
		at com.mysql.cj.jdbc.AbandonedConnectionCleanupThread.checkThreadContextClassLoader(AbandonedConnectionCleanupThread.java:116)
		at com.mysql.cj.jdbc.AbandonedConnectionCleanupThread.run(AbandonedConnectionCleanupThread.java:83)
		at java.base/java.util.concurrent.ThreadPoolExecutor.runWorker(ThreadPoolExecutor.java:1144)
		at java.base/java.util.concurrent.ThreadPoolExecutor$Worker.run(ThreadPoolExecutor.java:642)
		at java.base/java.lang.Thread.run(Thread.java:1570)
29-Oct-2024 00:25:47.593 INFO [mysql-cj-abandoned-connection-cleanup] org.apache.catalina.loader.WebappClassLoaderBase.checkStateForResourceLoading Acceso ilegal: esta instancia de aplicación web ya ha sido parada.  Could not load [].  La eventual traza de pila que sigue ha sido motivada por un error lanzado con motivos de depuración así como para intentar terminar el hilo que motivó el acceso ilegal y no tiene impacto funcional.
	java.lang.IllegalStateException: Acceso ilegal: esta instancia de aplicación web ya ha sido parada.  Could not load [].  La eventual traza de pila que sigue ha sido motivada por un error lanzado con motivos de depuración así como para intentar terminar el hilo que motivó el acceso ilegal y no tiene impacto funcional.
		at org.apache.catalina.loader.WebappClassLoaderBase.checkStateForResourceLoading(WebappClassLoaderBase.java:1328)
		at org.apache.catalina.loader.WebappClassLoaderBase.getResource(WebappClassLoaderBase.java:960)
		at com.mysql.cj.jdbc.AbandonedConnectionCleanupThread.checkThreadContextClassLoader(AbandonedConnectionCleanupThread.java:116)
		at com.mysql.cj.jdbc.AbandonedConnectionCleanupThread.run(AbandonedConnectionCleanupThread.java:83)
		at java.base/java.util.concurrent.ThreadPoolExecutor.runWorker(ThreadPoolExecutor.java:1144)
		at java.base/java.util.concurrent.ThreadPoolExecutor$Worker.run(ThreadPoolExecutor.java:642)
		at java.base/java.lang.Thread.run(Thread.java:1570)
29-Oct-2024 00:31:07.177 INFO [http-nio-8080-exec-34] org.apache.catalina.core.StandardContext.reload Ha comenzado la recarga de Contexto [/pr_javaweb]
29-Oct-2024 00:31:07.185 WARNING [http-nio-8080-exec-34] org.apache.catalina.loader.WebappClassLoaderBase.clearReferencesThreads The web application [pr_javaweb] appears to have started a thread named [mysql-cj-abandoned-connection-cleanup] but has failed to stop it. This is very likely to create a memory leak. Stack trace of thread:
 com.mysql.cj.jdbc.AbandonedConnectionCleanupThread.run(AbandonedConnectionCleanupThread.java:83)
 java.base/java.util.concurrent.ThreadPoolExecutor.runWorker(ThreadPoolExecutor.java:1144)
 java.base/java.util.concurrent.ThreadPoolExecutor$Worker.run(ThreadPoolExecutor.java:642)
 java.base/java.lang.Thread.run(Thread.java:1570)
29-Oct-2024 00:31:07.200 WARNING [http-nio-8080-exec-34] org.apache.tomcat.util.descriptor.web.WebXml.setVersion Unknown version string [6.0]. Default version will be used.
29-Oct-2024 00:31:07.492 INFO [http-nio-8080-exec-34] org.apache.jasper.servlet.TldScanner.scanJars Al menos un JAR, que se ha explorado buscando TLDs, aún no contenía TLDs. Activar historial de depuración para este historiador para una completa lista de los JARs que fueron explorados y de los que nos se halló TLDs. Saltarse JARs no necesarios durante la exploración puede dar lugar a una mejora de tiempo significativa en el arranque y compilación de JSP .
29-Oct-2024 00:31:07.494 INFO [http-nio-8080-exec-34] org.apache.catalina.core.StandardContext.reload Se ha completado la recarga de este Contexto
29-Oct-2024 00:31:07.837 INFO [http-nio-8080-exec-31] org.apache.catalina.core.StandardContext.reload Ha comenzado la recarga de Contexto [/pr_javaweb]
29-Oct-2024 00:31:07.843 WARNING [http-nio-8080-exec-31] org.apache.catalina.loader.WebappClassLoaderBase.clearReferencesThreads The web application [pr_javaweb] appears to have started a thread named [mysql-cj-abandoned-connection-cleanup] but has failed to stop it. This is very likely to create a memory leak. Stack trace of thread:
 com.mysql.cj.jdbc.AbandonedConnectionCleanupThread.run(AbandonedConnectionCleanupThread.java:83)
 java.base/java.util.concurrent.ThreadPoolExecutor.runWorker(ThreadPoolExecutor.java:1144)
 java.base/java.util.concurrent.ThreadPoolExecutor$Worker.run(ThreadPoolExecutor.java:642)
 java.base/java.lang.Thread.run(Thread.java:1570)
29-Oct-2024 00:31:07.853 WARNING [http-nio-8080-exec-31] org.apache.tomcat.util.descriptor.web.WebXml.setVersion Unknown version string [6.0]. Default version will be used.
29-Oct-2024 00:31:08.124 INFO [http-nio-8080-exec-31] org.apache.jasper.servlet.TldScanner.scanJars Al menos un JAR, que se ha explorado buscando TLDs, aún no contenía TLDs. Activar historial de depuración para este historiador para una completa lista de los JARs que fueron explorados y de los que nos se halló TLDs. Saltarse JARs no necesarios durante la exploración puede dar lugar a una mejora de tiempo significativa en el arranque y compilación de JSP .
29-Oct-2024 00:31:08.125 INFO [http-nio-8080-exec-31] org.apache.catalina.core.StandardContext.reload Se ha completado la recarga de este Contexto
29-Oct-2024 00:31:12.194 INFO [mysql-cj-abandoned-connection-cleanup] org.apache.catalina.loader.WebappClassLoaderBase.checkStateForResourceLoading Acceso ilegal: esta instancia de aplicación web ya ha sido parada.  Could not load [].  La eventual traza de pila que sigue ha sido motivada por un error lanzado con motivos de depuración así como para intentar terminar el hilo que motivó el acceso ilegal y no tiene impacto funcional.
	java.lang.IllegalStateException: Acceso ilegal: esta instancia de aplicación web ya ha sido parada.  Could not load [].  La eventual traza de pila que sigue ha sido motivada por un error lanzado con motivos de depuración así como para intentar terminar el hilo que motivó el acceso ilegal y no tiene impacto funcional.
		at org.apache.catalina.loader.WebappClassLoaderBase.checkStateForResourceLoading(WebappClassLoaderBase.java:1328)
		at org.apache.catalina.loader.WebappClassLoaderBase.getResource(WebappClassLoaderBase.java:960)
		at com.mysql.cj.jdbc.AbandonedConnectionCleanupThread.checkThreadContextClassLoader(AbandonedConnectionCleanupThread.java:116)
		at com.mysql.cj.jdbc.AbandonedConnectionCleanupThread.run(AbandonedConnectionCleanupThread.java:83)
		at java.base/java.util.concurrent.ThreadPoolExecutor.runWorker(ThreadPoolExecutor.java:1144)
		at java.base/java.util.concurrent.ThreadPoolExecutor$Worker.run(ThreadPoolExecutor.java:642)
		at java.base/java.lang.Thread.run(Thread.java:1570)
29-Oct-2024 00:31:12.845 INFO [mysql-cj-abandoned-connection-cleanup] org.apache.catalina.loader.WebappClassLoaderBase.checkStateForResourceLoading Acceso ilegal: esta instancia de aplicación web ya ha sido parada.  Could not load [].  La eventual traza de pila que sigue ha sido motivada por un error lanzado con motivos de depuración así como para intentar terminar el hilo que motivó el acceso ilegal y no tiene impacto funcional.
	java.lang.IllegalStateException: Acceso ilegal: esta instancia de aplicación web ya ha sido parada.  Could not load [].  La eventual traza de pila que sigue ha sido motivada por un error lanzado con motivos de depuración así como para intentar terminar el hilo que motivó el acceso ilegal y no tiene impacto funcional.
		at org.apache.catalina.loader.WebappClassLoaderBase.checkStateForResourceLoading(WebappClassLoaderBase.java:1328)
		at org.apache.catalina.loader.WebappClassLoaderBase.getResource(WebappClassLoaderBase.java:960)
		at com.mysql.cj.jdbc.AbandonedConnectionCleanupThread.checkThreadContextClassLoader(AbandonedConnectionCleanupThread.java:116)
		at com.mysql.cj.jdbc.AbandonedConnectionCleanupThread.run(AbandonedConnectionCleanupThread.java:83)
		at java.base/java.util.concurrent.ThreadPoolExecutor.runWorker(ThreadPoolExecutor.java:1144)
		at java.base/java.util.concurrent.ThreadPoolExecutor$Worker.run(ThreadPoolExecutor.java:642)
		at java.base/java.lang.Thread.run(Thread.java:1570)
29-Oct-2024 00:31:13.664 INFO [http-nio-8080-exec-35] org.apache.catalina.core.StandardContext.reload Ha comenzado la recarga de Contexto [/pr_javaweb]
29-Oct-2024 00:31:13.670 WARNING [http-nio-8080-exec-35] org.apache.catalina.loader.WebappClassLoaderBase.clearReferencesThreads The web application [pr_javaweb] appears to have started a thread named [mysql-cj-abandoned-connection-cleanup] but has failed to stop it. This is very likely to create a memory leak. Stack trace of thread:
 com.mysql.cj.jdbc.AbandonedConnectionCleanupThread.run(AbandonedConnectionCleanupThread.java:83)
 java.base/java.util.concurrent.ThreadPoolExecutor.runWorker(ThreadPoolExecutor.java:1144)
 java.base/java.util.concurrent.ThreadPoolExecutor$Worker.run(ThreadPoolExecutor.java:642)
 java.base/java.lang.Thread.run(Thread.java:1570)
29-Oct-2024 00:31:13.684 WARNING [http-nio-8080-exec-35] org.apache.tomcat.util.descriptor.web.WebXml.setVersion Unknown version string [6.0]. Default version will be used.
29-Oct-2024 00:31:13.974 INFO [http-nio-8080-exec-35] org.apache.jasper.servlet.TldScanner.scanJars Al menos un JAR, que se ha explorado buscando TLDs, aún no contenía TLDs. Activar historial de depuración para este historiador para una completa lista de los JARs que fueron explorados y de los que nos se halló TLDs. Saltarse JARs no necesarios durante la exploración puede dar lugar a una mejora de tiempo significativa en el arranque y compilación de JSP .
29-Oct-2024 00:31:13.976 INFO [http-nio-8080-exec-35] org.apache.catalina.core.StandardContext.reload Se ha completado la recarga de este Contexto
29-Oct-2024 00:31:18.686 INFO [mysql-cj-abandoned-connection-cleanup] org.apache.catalina.loader.WebappClassLoaderBase.checkStateForResourceLoading Acceso ilegal: esta instancia de aplicación web ya ha sido parada.  Could not load [].  La eventual traza de pila que sigue ha sido motivada por un error lanzado con motivos de depuración así como para intentar terminar el hilo que motivó el acceso ilegal y no tiene impacto funcional.
	java.lang.IllegalStateException: Acceso ilegal: esta instancia de aplicación web ya ha sido parada.  Could not load [].  La eventual traza de pila que sigue ha sido motivada por un error lanzado con motivos de depuración así como para intentar terminar el hilo que motivó el acceso ilegal y no tiene impacto funcional.
		at org.apache.catalina.loader.WebappClassLoaderBase.checkStateForResourceLoading(WebappClassLoaderBase.java:1328)
		at org.apache.catalina.loader.WebappClassLoaderBase.getResource(WebappClassLoaderBase.java:960)
		at com.mysql.cj.jdbc.AbandonedConnectionCleanupThread.checkThreadContextClassLoader(AbandonedConnectionCleanupThread.java:116)
		at com.mysql.cj.jdbc.AbandonedConnectionCleanupThread.run(AbandonedConnectionCleanupThread.java:83)
		at java.base/java.util.concurrent.ThreadPoolExecutor.runWorker(ThreadPoolExecutor.java:1144)
		at java.base/java.util.concurrent.ThreadPoolExecutor$Worker.run(ThreadPoolExecutor.java:642)
		at java.base/java.lang.Thread.run(Thread.java:1570)
29-Oct-2024 00:33:39.266 WARNING [http-nio-8080-exec-31] org.apache.catalina.loader.WebappClassLoaderBase.clearReferencesThreads The web application [pr_javaweb] appears to have started a thread named [mysql-cj-abandoned-connection-cleanup] but has failed to stop it. This is very likely to create a memory leak. Stack trace of thread:
 com.mysql.cj.jdbc.AbandonedConnectionCleanupThread.checkThreadContextClassLoader(AbandonedConnectionCleanupThread.java:116)
 com.mysql.cj.jdbc.AbandonedConnectionCleanupThread.run(AbandonedConnectionCleanupThread.java:83)
 java.base/java.util.concurrent.ThreadPoolExecutor.runWorker(ThreadPoolExecutor.java:1144)
 java.base/java.util.concurrent.ThreadPoolExecutor$Worker.run(ThreadPoolExecutor.java:642)
 java.base/java.lang.Thread.run(Thread.java:1570)
29-Oct-2024 00:33:39.775 INFO [http-nio-8080-exec-31] org.apache.catalina.startup.HostConfig.undeploy Repliegue (undeploy) de la aplicación web que tiene como trayectoria de contexto [/pr_javaweb]
29-Oct-2024 00:33:43.402 WARNING [http-nio-8080-exec-31] org.apache.catalina.loader.WebappClassLoaderBase.clearReferencesJdbc La aplicación web [proyecto_web_CRUD] registró el conductor JDBC [com.mysql.cj.jdbc.Driver] pero falló al anular el registro mientras la aplicación web estaba parada. Para prevenir un fallo de memoria, se ha anulado el registro del conductor JDBC por la fuerza.
29-Oct-2024 00:33:43.402 WARNING [http-nio-8080-exec-31] org.apache.catalina.loader.WebappClassLoaderBase.clearReferencesThreads The web application [proyecto_web_CRUD] appears to have started a thread named [mysql-cj-abandoned-connection-cleanup] but has failed to stop it. This is very likely to create a memory leak. Stack trace of thread:
 java.base/jdk.internal.misc.Unsafe.park(Native Method)
 java.base/java.util.concurrent.locks.LockSupport.parkNanos(LockSupport.java:269)
 java.base/java.util.concurrent.locks.AbstractQueuedSynchronizer$ConditionObject.await(AbstractQueuedSynchronizer.java:1847)
 java.base/java.lang.ref.ReferenceQueue.await(ReferenceQueue.java:71)
 java.base/java.lang.ref.ReferenceQueue.remove0(ReferenceQueue.java:143)
 java.base/java.lang.ref.ReferenceQueue.remove(ReferenceQueue.java:218)
 com.mysql.cj.jdbc.AbandonedConnectionCleanupThread.run(AbandonedConnectionCleanupThread.java:84)
 java.base/java.util.concurrent.ThreadPoolExecutor.runWorker(ThreadPoolExecutor.java:1144)
 java.base/java.util.concurrent.ThreadPoolExecutor$Worker.run(ThreadPoolExecutor.java:642)
 java.base/java.lang.Thread.run(Thread.java:1570)
29-Oct-2024 00:33:43.713 INFO [http-nio-8080-exec-29] org.apache.jasper.servlet.TldScanner.scanJars Al menos un JAR, que se ha explorado buscando TLDs, aún no contenía TLDs. Activar historial de depuración para este historiador para una completa lista de los JARs que fueron explorados y de los que nos se halló TLDs. Saltarse JARs no necesarios durante la exploración puede dar lugar a una mejora de tiempo significativa en el arranque y compilación de JSP .
29-Oct-2024 00:33:44.269 INFO [mysql-cj-abandoned-connection-cleanup] org.apache.catalina.loader.WebappClassLoaderBase.checkStateForResourceLoading Acceso ilegal: esta instancia de aplicación web ya ha sido parada.  Could not load [].  La eventual traza de pila que sigue ha sido motivada por un error lanzado con motivos de depuración así como para intentar terminar el hilo que motivó el acceso ilegal y no tiene impacto funcional.
	java.lang.IllegalStateException: Acceso ilegal: esta instancia de aplicación web ya ha sido parada.  Could not load [].  La eventual traza de pila que sigue ha sido motivada por un error lanzado con motivos de depuración así como para intentar terminar el hilo que motivó el acceso ilegal y no tiene impacto funcional.
		at org.apache.catalina.loader.WebappClassLoaderBase.checkStateForResourceLoading(WebappClassLoaderBase.java:1328)
		at org.apache.catalina.loader.WebappClassLoaderBase.getResource(WebappClassLoaderBase.java:960)
		at com.mysql.cj.jdbc.AbandonedConnectionCleanupThread.checkThreadContextClassLoader(AbandonedConnectionCleanupThread.java:116)
		at com.mysql.cj.jdbc.AbandonedConnectionCleanupThread.run(AbandonedConnectionCleanupThread.java:83)
		at java.base/java.util.concurrent.ThreadPoolExecutor.runWorker(ThreadPoolExecutor.java:1144)
		at java.base/java.util.concurrent.ThreadPoolExecutor$Worker.run(ThreadPoolExecutor.java:642)
		at java.base/java.lang.Thread.run(Thread.java:1570)
29-Oct-2024 00:33:47.929 INFO [mysql-cj-abandoned-connection-cleanup] org.apache.catalina.loader.WebappClassLoaderBase.checkStateForResourceLoading Acceso ilegal: esta instancia de aplicación web ya ha sido parada.  Could not load [].  La eventual traza de pila que sigue ha sido motivada por un error lanzado con motivos de depuración así como para intentar terminar el hilo que motivó el acceso ilegal y no tiene impacto funcional.
	java.lang.IllegalStateException: Acceso ilegal: esta instancia de aplicación web ya ha sido parada.  Could not load [].  La eventual traza de pila que sigue ha sido motivada por un error lanzado con motivos de depuración así como para intentar terminar el hilo que motivó el acceso ilegal y no tiene impacto funcional.
		at org.apache.catalina.loader.WebappClassLoaderBase.checkStateForResourceLoading(WebappClassLoaderBase.java:1328)
		at org.apache.catalina.loader.WebappClassLoaderBase.getResource(WebappClassLoaderBase.java:960)
		at com.mysql.cj.jdbc.AbandonedConnectionCleanupThread.checkThreadContextClassLoader(AbandonedConnectionCleanupThread.java:116)
		at com.mysql.cj.jdbc.AbandonedConnectionCleanupThread.run(AbandonedConnectionCleanupThread.java:83)
		at java.base/java.util.concurrent.ThreadPoolExecutor.runWorker(ThreadPoolExecutor.java:1144)
		at java.base/java.util.concurrent.ThreadPoolExecutor$Worker.run(ThreadPoolExecutor.java:642)
		at java.base/java.lang.Thread.run(Thread.java:1570)
29-Oct-2024 00:34:30.743 INFO [main] org.apache.catalina.core.StandardServer.await Se ha recibido un comando de apagado a través del puerto de apagado. Parando la instancia del Servidor.
29-Oct-2024 00:34:30.743 INFO [main] org.apache.coyote.AbstractProtocol.pause Pausing ProtocolHandler ["http-nio-8080"]
29-Oct-2024 00:34:30.745 INFO [main] org.apache.catalina.core.StandardService.stopInternal Parando servicio [Catalina]
29-Oct-2024 00:34:30.761 WARNING [main] org.apache.catalina.loader.WebappClassLoaderBase.clearReferencesThreads The web application [Clientes] appears to have started a thread named [mysql-cj-abandoned-connection-cleanup] but has failed to stop it. This is very likely to create a memory leak. Stack trace of thread:
 java.base/java.io.WinNTFileSystem.getBooleanAttributes0(Native Method)
 java.base/java.io.WinNTFileSystem.getBooleanAttributes(WinNTFileSystem.java:512)
 java.base/java.io.FileSystem.hasBooleanAttributes(FileSystem.java:125)
 java.base/java.io.File.isFile(File.java:900)
 org.apache.catalina.webresources.AbstractFileResourceSet.file(AbstractFileResourceSet.java:69)
 org.apache.catalina.webresources.DirResourceSet.getResource(DirResourceSet.java:94)
 org.apache.catalina.webresources.StandardRoot.getResourceInternal(StandardRoot.java:272)
 org.apache.catalina.webresources.CachedResource.validateResource(CachedResource.java:105)
 org.apache.catalina.webresources.Cache.getResource(Cache.java:96)
 org.apache.catalina.webresources.StandardRoot.getResource(StandardRoot.java:211)
 org.apache.catalina.webresources.StandardRoot.getClassLoaderResource(StandardRoot.java:220)
 org.apache.catalina.loader.WebappClassLoaderBase.findResource(WebappClassLoaderBase.java:872)
 org.apache.catalina.loader.WebappClassLoaderBase.getResource(WebappClassLoaderBase.java:981)
 com.mysql.cj.jdbc.AbandonedConnectionCleanupThread.checkThreadContextClassLoader(AbandonedConnectionCleanupThread.java:116)
 com.mysql.cj.jdbc.AbandonedConnectionCleanupThread.run(AbandonedConnectionCleanupThread.java:83)
 java.base/java.util.concurrent.ThreadPoolExecutor.runWorker(ThreadPoolExecutor.java:1144)
 java.base/java.util.concurrent.ThreadPoolExecutor$Worker.run(ThreadPoolExecutor.java:642)
 java.base/java.lang.Thread.run(Thread.java:1570)
29-Oct-2024 00:34:30.767 WARNING [main] org.apache.catalina.loader.WebappClassLoaderBase.clearReferencesJdbc La aplicación web [proyecto_web_CRUD] registró el conductor JDBC [com.mysql.cj.jdbc.Driver] pero falló al anular el registro mientras la aplicación web estaba parada. Para prevenir un fallo de memoria, se ha anulado el registro del conductor JDBC por la fuerza.
29-Oct-2024 00:34:30.767 WARNING [main] org.apache.catalina.loader.WebappClassLoaderBase.clearReferencesThreads The web application [proyecto_web_CRUD] appears to have started a thread named [mysql-cj-abandoned-connection-cleanup] but has failed to stop it. This is very likely to create a memory leak. Stack trace of thread:
 java.base/jdk.internal.misc.Unsafe.park(Native Method)
 java.base/java.util.concurrent.locks.LockSupport.parkNanos(LockSupport.java:269)
 java.base/java.util.concurrent.locks.AbstractQueuedSynchronizer$ConditionObject.await(AbstractQueuedSynchronizer.java:1847)
 java.base/java.lang.ref.ReferenceQueue.await(ReferenceQueue.java:71)
 java.base/java.lang.ref.ReferenceQueue.remove0(ReferenceQueue.java:143)
 java.base/java.lang.ref.ReferenceQueue.remove(ReferenceQueue.java:218)
 com.mysql.cj.jdbc.AbandonedConnectionCleanupThread.run(AbandonedConnectionCleanupThread.java:84)
 java.base/java.util.concurrent.ThreadPoolExecutor.runWorker(ThreadPoolExecutor.java:1144)
 java.base/java.util.concurrent.ThreadPoolExecutor$Worker.run(ThreadPoolExecutor.java:642)
 java.base/java.lang.Thread.run(Thread.java:1570)
29-Oct-2024 00:34:30.771 INFO [main] org.apache.coyote.AbstractProtocol.stop Stopping ProtocolHandler ["http-nio-8080"]
29-Oct-2024 00:34:30.784 INFO [main] org.apache.coyote.AbstractProtocol.destroy Destroying ProtocolHandler ["http-nio-8080"]
29-Oct-2024 00:38:50.634 INFO [main] org.apache.catalina.startup.VersionLoggerListener.log Nombre de la versión del servidor: Apache Tomcat/9.0.96
29-Oct-2024 00:38:50.637 INFO [main] org.apache.catalina.startup.VersionLoggerListener.log Server built:                      Oct 3 2024 19:44:30 UTC
29-Oct-2024 00:38:50.637 INFO [main] org.apache.catalina.startup.VersionLoggerListener.log Número de versión de servidor:     9.0.96.0
29-Oct-2024 00:38:50.637 INFO [main] org.apache.catalina.startup.VersionLoggerListener.log OS Name:                           Windows 11
29-Oct-2024 00:38:50.637 INFO [main] org.apache.catalina.startup.VersionLoggerListener.log Versión de Systema Operativo:      10.0
29-Oct-2024 00:38:50.637 INFO [main] org.apache.catalina.startup.VersionLoggerListener.log Arquitectura:                      amd64
29-Oct-2024 00:38:50.637 INFO [main] org.apache.catalina.startup.VersionLoggerListener.log Java Home:                         C:\Program Files\Java\jdk-22
29-Oct-2024 00:38:50.638 INFO [main] org.apache.catalina.startup.VersionLoggerListener.log JVM Version:                       22.0.2+9-70
29-Oct-2024 00:38:50.638 INFO [main] org.apache.catalina.startup.VersionLoggerListener.log Vededor JVM:                       Oracle Corporation
29-Oct-2024 00:38:50.638 INFO [main] org.apache.catalina.startup.VersionLoggerListener.log CATALINA_BASE:                     C:\Users\ghost\Documents\NetBeansProjects\proyecto_web_CRUD\apache-tomcat-9.0.96
29-Oct-2024 00:38:50.638 INFO [main] org.apache.catalina.startup.VersionLoggerListener.log CATALINA_HOME:                     C:\Users\ghost\Documents\NetBeansProjects\proyecto_web_CRUD\apache-tomcat-9.0.96
29-Oct-2024 00:38:50.645 INFO [main] org.apache.catalina.startup.VersionLoggerListener.log Command line argument:             --add-opens=java.base/java.lang=ALL-UNNAMED
29-Oct-2024 00:38:50.645 INFO [main] org.apache.catalina.startup.VersionLoggerListener.log Command line argument:             --add-opens=java.base/java.io=ALL-UNNAMED
29-Oct-2024 00:38:50.645 INFO [main] org.apache.catalina.startup.VersionLoggerListener.log Command line argument:             --add-opens=java.base/java.util=ALL-UNNAMED
29-Oct-2024 00:38:50.645 INFO [main] org.apache.catalina.startup.VersionLoggerListener.log Command line argument:             --add-opens=java.base/java.util.concurrent=ALL-UNNAMED
29-Oct-2024 00:38:50.645 INFO [main] org.apache.catalina.startup.VersionLoggerListener.log Command line argument:             --add-opens=java.rmi/sun.rmi.transport=ALL-UNNAMED
29-Oct-2024 00:38:50.645 INFO [main] org.apache.catalina.startup.VersionLoggerListener.log Command line argument:             -Djava.util.logging.config.file=C:\Users\ghost\Documents\NetBeansProjects\proyecto_web_CRUD\apache-tomcat-9.0.96\conf\logging.properties
29-Oct-2024 00:38:50.645 INFO [main] org.apache.catalina.startup.VersionLoggerListener.log Command line argument:             -Djava.util.logging.manager=org.apache.juli.ClassLoaderLogManager
29-Oct-2024 00:38:50.645 INFO [main] org.apache.catalina.startup.VersionLoggerListener.log Command line argument:             -Djdk.tls.ephemeralDHKeySize=2048
29-Oct-2024 00:38:50.645 INFO [main] org.apache.catalina.startup.VersionLoggerListener.log Command line argument:             -Djava.protocol.handler.pkgs=org.apache.catalina.webresources
29-Oct-2024 00:38:50.646 INFO [main] org.apache.catalina.startup.VersionLoggerListener.log Command line argument:             -Dignore.endorsed.dirs=
29-Oct-2024 00:38:50.646 INFO [main] org.apache.catalina.startup.VersionLoggerListener.log Command line argument:             -Dcatalina.base=C:\Users\ghost\Documents\NetBeansProjects\proyecto_web_CRUD\apache-tomcat-9.0.96
29-Oct-2024 00:38:50.646 INFO [main] org.apache.catalina.startup.VersionLoggerListener.log Command line argument:             -Dcatalina.home=C:\Users\ghost\Documents\NetBeansProjects\proyecto_web_CRUD\apache-tomcat-9.0.96
29-Oct-2024 00:38:50.646 INFO [main] org.apache.catalina.startup.VersionLoggerListener.log Command line argument:             -Djava.io.tmpdir=C:\Users\ghost\Documents\NetBeansProjects\proyecto_web_CRUD\apache-tomcat-9.0.96\temp
29-Oct-2024 00:38:50.674 INFO [main] org.apache.catalina.core.AprLifecycleListener.lifecycleEvent La biblioteca nativa de Apache Tomcat basada en ARP que permite un rendimiento óptimo en entornos de desarrollo no ha sido hallada en java.library.path: [C:\Program Files\Java\jdk-22\bin;C:\WINDOWS\Sun\Java\bin;C:\WINDOWS\system32;C:\WINDOWS;C:\ProgramData\Oracle\Java\javapath;C:\Program Files\Common Files\Oracle\Java\javapath;C:\Program Files (x86)\Common Files\Oracle\Java\java8path;C:\Program Files (x86)\Common Files\Oracle\Java\javapath;C:\WINDOWS\system32;C:\WINDOWS;C:\WINDOWS\System32\Wbem;C:\WINDOWS\System32\WindowsPowerShell\v1.0\;C:\WINDOWS\System32\OpenSSH\;C:\Program Files\Microsoft SQL Server\Client SDK\ODBC\170\Tools\Binn\;C:\Program Files (x86)\Microsoft SQL Server\160\Tools\Binn\;C:\Program Files\Microsoft SQL Server\160\Tools\Binn\;C:\Program Files\Microsoft SQL Server\160\DTS\Binn\;C:\Program Files\Microsoft SQL Server\150\Tools\Binn\;C:\Program Files\Git\cmd;C:\Program Files\dotnet\;C:\Program Files (x86)\Microsoft SQL Server\160\DTS\Binn\;C:\Users\ghost\AppData\Local\Microsoft\WindowsApps;C:\Program Files\Azure Data Studio\bin;C:\Users\ghost\AppData\Local\GitHubDesktop\bin;C:\Users\ghost\.dotnet\tools;C:\Users\ghost\AppData\Local\Programs\Microsoft VS Code\bin;.]
29-Oct-2024 00:38:50.895 INFO [main] org.apache.coyote.AbstractProtocol.init Inicializando el manejador de protocolo ["http-nio-8080"]

29-Oct-2024 00:38:50.913 INFO [main] org.apache.catalina.startup.Catalina.load Server initialization in [425] milliseconds
29-Oct-2024 00:38:50.938 INFO [main] org.apache.catalina.core.StandardService.startInternal Arrancando servicio [Catalina]
29-Oct-2024 00:38:50.938 INFO [main] org.apache.catalina.core.StandardEngine.startInternal Starting Servlet engine: [Apache Tomcat/9.0.96]
29-Oct-2024 00:38:50.955 INFO [main] org.apache.catalina.startup.HostConfig.deployDescriptor Desplieque del descriptor de configuración [C:\Users\ghost\Documents\NetBeansProjects\proyecto_web_CRUD\apache-tomcat-9.0.96\conf\Catalina\localhost\Clientes.xml]
29-Oct-2024 00:38:50.966 WARNING [main] org.apache.catalina.startup.HostConfig.deployDescriptor The path attribute with value [/Clientes] in deployment descriptor [C:\Users\ghost\Documents\NetBeansProjects\proyecto_web_CRUD\apache-tomcat-9.0.96\conf\Catalina\localhost\Clientes.xml] has been ignored
29-Oct-2024 00:38:51.456 INFO [main] org.apache.jasper.servlet.TldScanner.scanJars Al menos un JAR, que se ha explorado buscando TLDs, aún no contenía TLDs. Activar historial de depuración para este historiador para una completa lista de los JARs que fueron explorados y de los que nos se halló TLDs. Saltarse JARs no necesarios durante la exploración puede dar lugar a una mejora de tiempo significativa en el arranque y compilación de JSP .
29-Oct-2024 00:38:51.493 INFO [main] org.apache.catalina.startup.HostConfig.deployDescriptor Deployment of deployment descriptor [C:\Users\ghost\Documents\NetBeansProjects\proyecto_web_CRUD\apache-tomcat-9.0.96\conf\Catalina\localhost\Clientes.xml] has finished in [536] ms
29-Oct-2024 00:38:51.493 INFO [main] org.apache.catalina.startup.HostConfig.deployDescriptor Desplieque del descriptor de configuración [C:\Users\ghost\Documents\NetBeansProjects\proyecto_web_CRUD\apache-tomcat-9.0.96\conf\Catalina\localhost\proyecto_web_CRUD.xml]
29-Oct-2024 00:38:51.494 WARNING [main] org.apache.catalina.startup.HostConfig.deployDescriptor The path attribute with value [/proyecto_web_CRUD] in deployment descriptor [C:\Users\ghost\Documents\NetBeansProjects\proyecto_web_CRUD\apache-tomcat-9.0.96\conf\Catalina\localhost\proyecto_web_CRUD.xml] has been ignored
29-Oct-2024 00:38:51.844 INFO [main] org.apache.jasper.servlet.TldScanner.scanJars Al menos un JAR, que se ha explorado buscando TLDs, aún no contenía TLDs. Activar historial de depuración para este historiador para una completa lista de los JARs que fueron explorados y de los que nos se halló TLDs. Saltarse JARs no necesarios durante la exploración puede dar lugar a una mejora de tiempo significativa en el arranque y compilación de JSP .
29-Oct-2024 00:38:51.844 INFO [main] org.apache.catalina.startup.HostConfig.deployDescriptor Deployment of deployment descriptor [C:\Users\ghost\Documents\NetBeansProjects\proyecto_web_CRUD\apache-tomcat-9.0.96\conf\Catalina\localhost\proyecto_web_CRUD.xml] has finished in [351] ms
29-Oct-2024 00:38:51.844 INFO [main] org.apache.catalina.startup.HostConfig.deployDescriptor Desplieque del descriptor de configuración [C:\Users\ghost\Documents\NetBeansProjects\proyecto_web_CRUD\apache-tomcat-9.0.96\conf\Catalina\localhost\web_empresa_bd.xml]
29-Oct-2024 00:38:51.844 WARNING [main] org.apache.catalina.startup.HostConfig.deployDescriptor The path attribute with value [/web_empresa_bd] in deployment descriptor [C:\Users\ghost\Documents\NetBeansProjects\proyecto_web_CRUD\apache-tomcat-9.0.96\conf\Catalina\localhost\web_empresa_bd.xml] has been ignored
29-Oct-2024 00:38:51.860 SEVERE [main] org.apache.catalina.startup.HostConfig.deployDescriptor Error durante el despliegue del descriptor de configuración [C:\Users\ghost\Documents\NetBeansProjects\proyecto_web_CRUD\apache-tomcat-9.0.96\conf\Catalina\localhost\web_empresa_bd.xml]
	java.lang.IllegalStateException: Error starting child
		at org.apache.catalina.core.ContainerBase.addChildInternal(ContainerBase.java:602)
		at org.apache.catalina.core.ContainerBase.addChild(ContainerBase.java:571)
		at org.apache.catalina.core.StandardHost.addChild(StandardHost.java:603)
		at org.apache.catalina.startup.HostConfig.deployDescriptor(HostConfig.java:680)
		at org.apache.catalina.startup.HostConfig$DeployDescriptor.run(HostConfig.java:1844)
		at java.base/java.util.concurrent.Executors$RunnableAdapter.call(Executors.java:572)
		at java.base/java.util.concurrent.FutureTask.run(FutureTask.java:317)
		at org.apache.tomcat.util.threads.InlineExecutorService.execute(InlineExecutorService.java:75)
		at java.base/java.util.concurrent.AbstractExecutorService.submit(AbstractExecutorService.java:123)
		at org.apache.catalina.startup.HostConfig.deployDescriptors(HostConfig.java:575)
		at org.apache.catalina.startup.HostConfig.deployApps(HostConfig.java:466)
		at org.apache.catalina.startup.HostConfig.start(HostConfig.java:1584)
		at org.apache.catalina.startup.HostConfig.lifecycleEvent(HostConfig.java:312)
		at org.apache.catalina.util.LifecycleBase.fireLifecycleEvent(LifecycleBase.java:109)
		at org.apache.catalina.util.LifecycleBase.setStateInternal(LifecycleBase.java:385)
		at org.apache.catalina.util.LifecycleBase.setState(LifecycleBase.java:332)
		at org.apache.catalina.core.ContainerBase.startInternal(ContainerBase.java:776)
		at org.apache.catalina.core.StandardHost.startInternal(StandardHost.java:721)
		at org.apache.catalina.util.LifecycleBase.start(LifecycleBase.java:164)
		at org.apache.catalina.core.ContainerBase$StartChild.call(ContainerBase.java:1203)
		at org.apache.catalina.core.ContainerBase$StartChild.call(ContainerBase.java:1193)
		at java.base/java.util.concurrent.FutureTask.run(FutureTask.java:317)
		at org.apache.tomcat.util.threads.InlineExecutorService.execute(InlineExecutorService.java:75)
		at java.base/java.util.concurrent.AbstractExecutorService.submit(AbstractExecutorService.java:145)
		at org.apache.catalina.core.ContainerBase.startInternal(ContainerBase.java:749)
		at org.apache.catalina.core.StandardEngine.startInternal(StandardEngine.java:211)
		at org.apache.catalina.util.LifecycleBase.start(LifecycleBase.java:164)
		at org.apache.catalina.core.StandardService.startInternal(StandardService.java:415)
		at org.apache.catalina.util.LifecycleBase.start(LifecycleBase.java:164)
		at org.apache.catalina.core.StandardServer.startInternal(StandardServer.java:874)
		at org.apache.catalina.util.LifecycleBase.start(LifecycleBase.java:164)
		at org.apache.catalina.startup.Catalina.start(Catalina.java:735)
		at java.base/jdk.internal.reflect.DirectMethodHandleAccessor.invoke(DirectMethodHandleAccessor.java:103)
		at java.base/java.lang.reflect.Method.invoke(Method.java:580)
		at org.apache.catalina.startup.Bootstrap.start(Bootstrap.java:345)
		at org.apache.catalina.startup.Bootstrap.main(Bootstrap.java:473)
	Caused by: org.apache.catalina.LifecycleException: Failed to start component [org.apache.catalina.webresources.StandardRoot@6ff6efdc]
		at org.apache.catalina.util.LifecycleBase.handleSubClassException(LifecycleBase.java:402)
		at org.apache.catalina.util.LifecycleBase.start(LifecycleBase.java:179)
		at org.apache.catalina.core.StandardContext.resourcesStart(StandardContext.java:4118)
		at org.apache.catalina.core.StandardContext.startInternal(StandardContext.java:4240)
		at org.apache.catalina.util.LifecycleBase.start(LifecycleBase.java:164)
		at org.apache.catalina.core.ContainerBase.addChildInternal(ContainerBase.java:599)
		... 35 more
	Caused by: java.lang.IllegalArgumentException: The main resource set specified [C:\Users\ghost\Documents\NetBeansProjects\jsp-CRUD-main\build\web] is not a directory or war file, or is not readable (it does not exist or permissions to access it are missing)
		at org.apache.catalina.webresources.StandardRoot.createMainResourceSet(StandardRoot.java:749)
		at org.apache.catalina.webresources.StandardRoot.startInternal(StandardRoot.java:707)
		at org.apache.catalina.util.LifecycleBase.start(LifecycleBase.java:164)
		... 39 more
29-Oct-2024 00:38:51.912 INFO [main] org.apache.catalina.startup.HostConfig.deployDescriptor Deployment of deployment descriptor [C:\Users\ghost\Documents\NetBeansProjects\proyecto_web_CRUD\apache-tomcat-9.0.96\conf\Catalina\localhost\web_empresa_bd.xml] has finished in [67] ms
29-Oct-2024 00:38:51.912 INFO [main] org.apache.catalina.startup.HostConfig.deployDescriptor Desplieque del descriptor de configuración [C:\Users\ghost\Documents\NetBeansProjects\proyecto_web_CRUD\apache-tomcat-9.0.96\conf\Catalina\localhost\web_proyecto2.xml]
29-Oct-2024 00:38:51.913 WARNING [main] org.apache.catalina.startup.HostConfig.deployDescriptor The path attribute with value [/web_proyecto2] in deployment descriptor [C:\Users\ghost\Documents\NetBeansProjects\proyecto_web_CRUD\apache-tomcat-9.0.96\conf\Catalina\localhost\web_proyecto2.xml] has been ignored
29-Oct-2024 00:38:51.915 SEVERE [main] org.apache.catalina.startup.HostConfig.deployDescriptor Error durante el despliegue del descriptor de configuración [C:\Users\ghost\Documents\NetBeansProjects\proyecto_web_CRUD\apache-tomcat-9.0.96\conf\Catalina\localhost\web_proyecto2.xml]
	java.lang.IllegalStateException: Error starting child
		at org.apache.catalina.core.ContainerBase.addChildInternal(ContainerBase.java:602)
		at org.apache.catalina.core.ContainerBase.addChild(ContainerBase.java:571)
		at org.apache.catalina.core.StandardHost.addChild(StandardHost.java:603)
		at org.apache.catalina.startup.HostConfig.deployDescriptor(HostConfig.java:680)
		at org.apache.catalina.startup.HostConfig$DeployDescriptor.run(HostConfig.java:1844)
		at java.base/java.util.concurrent.Executors$RunnableAdapter.call(Executors.java:572)
		at java.base/java.util.concurrent.FutureTask.run(FutureTask.java:317)
		at org.apache.tomcat.util.threads.InlineExecutorService.execute(InlineExecutorService.java:75)
		at java.base/java.util.concurrent.AbstractExecutorService.submit(AbstractExecutorService.java:123)
		at org.apache.catalina.startup.HostConfig.deployDescriptors(HostConfig.java:575)
		at org.apache.catalina.startup.HostConfig.deployApps(HostConfig.java:466)
		at org.apache.catalina.startup.HostConfig.start(HostConfig.java:1584)
		at org.apache.catalina.startup.HostConfig.lifecycleEvent(HostConfig.java:312)
		at org.apache.catalina.util.LifecycleBase.fireLifecycleEvent(LifecycleBase.java:109)
		at org.apache.catalina.util.LifecycleBase.setStateInternal(LifecycleBase.java:385)
		at org.apache.catalina.util.LifecycleBase.setState(LifecycleBase.java:332)
		at org.apache.catalina.core.ContainerBase.startInternal(ContainerBase.java:776)
		at org.apache.catalina.core.StandardHost.startInternal(StandardHost.java:721)
		at org.apache.catalina.util.LifecycleBase.start(LifecycleBase.java:164)
		at org.apache.catalina.core.ContainerBase$StartChild.call(ContainerBase.java:1203)
		at org.apache.catalina.core.ContainerBase$StartChild.call(ContainerBase.java:1193)
		at java.base/java.util.concurrent.FutureTask.run(FutureTask.java:317)
		at org.apache.tomcat.util.threads.InlineExecutorService.execute(InlineExecutorService.java:75)
		at java.base/java.util.concurrent.AbstractExecutorService.submit(AbstractExecutorService.java:145)
		at org.apache.catalina.core.ContainerBase.startInternal(ContainerBase.java:749)
		at org.apache.catalina.core.StandardEngine.startInternal(StandardEngine.java:211)
		at org.apache.catalina.util.LifecycleBase.start(LifecycleBase.java:164)
		at org.apache.catalina.core.StandardService.startInternal(StandardService.java:415)
		at org.apache.catalina.util.LifecycleBase.start(LifecycleBase.java:164)
		at org.apache.catalina.core.StandardServer.startInternal(StandardServer.java:874)
		at org.apache.catalina.util.LifecycleBase.start(LifecycleBase.java:164)
		at org.apache.catalina.startup.Catalina.start(Catalina.java:735)
		at java.base/jdk.internal.reflect.DirectMethodHandleAccessor.invoke(DirectMethodHandleAccessor.java:103)
		at java.base/java.lang.reflect.Method.invoke(Method.java:580)
		at org.apache.catalina.startup.Bootstrap.start(Bootstrap.java:345)
		at org.apache.catalina.startup.Bootstrap.main(Bootstrap.java:473)
	Caused by: org.apache.catalina.LifecycleException: Failed to start component [org.apache.catalina.webresources.StandardRoot@53830483]
		at org.apache.catalina.util.LifecycleBase.handleSubClassException(LifecycleBase.java:402)
		at org.apache.catalina.util.LifecycleBase.start(LifecycleBase.java:179)
		at org.apache.catalina.core.StandardContext.resourcesStart(StandardContext.java:4118)
		at org.apache.catalina.core.StandardContext.startInternal(StandardContext.java:4240)
		at org.apache.catalina.util.LifecycleBase.start(LifecycleBase.java:164)
		at org.apache.catalina.core.ContainerBase.addChildInternal(ContainerBase.java:599)
		... 35 more
	Caused by: java.lang.IllegalArgumentException: The main resource set specified [C:\Users\ghost\Documents\NetBeansProjects\proyecto programacion II\web_proyecto2\build\web] is not a directory or war file, or is not readable (it does not exist or permissions to access it are missing)
		at org.apache.catalina.webresources.StandardRoot.createMainResourceSet(StandardRoot.java:749)
		at org.apache.catalina.webresources.StandardRoot.startInternal(StandardRoot.java:707)
		at org.apache.catalina.util.LifecycleBase.start(LifecycleBase.java:164)
		... 39 more
29-Oct-2024 00:38:51.981 INFO [main] org.apache.catalina.startup.HostConfig.deployDescriptor Deployment of deployment descriptor [C:\Users\ghost\Documents\NetBeansProjects\proyecto_web_CRUD\apache-tomcat-9.0.96\conf\Catalina\localhost\web_proyecto2.xml] has finished in [69] ms
29-Oct-2024 00:38:51.982 INFO [main] org.apache.catalina.startup.HostConfig.deployDirectory Desplegando el directorio [C:\Users\ghost\Documents\NetBeansProjects\proyecto_web_CRUD\apache-tomcat-9.0.96\webapps\docs] de la aplicación web
29-Oct-2024 00:38:52.009 INFO [main] org.apache.catalina.startup.HostConfig.deployDirectory Deployment of web application directory [C:\Users\ghost\Documents\NetBeansProjects\proyecto_web_CRUD\apache-tomcat-9.0.96\webapps\docs] has finished in [27] ms
29-Oct-2024 00:38:52.010 INFO [main] org.apache.catalina.startup.HostConfig.deployDirectory Desplegando el directorio [C:\Users\ghost\Documents\NetBeansProjects\proyecto_web_CRUD\apache-tomcat-9.0.96\webapps\examples] de la aplicación web
29-Oct-2024 00:38:52.335 INFO [main] org.apache.catalina.startup.HostConfig.deployDirectory Deployment of web application directory [C:\Users\ghost\Documents\NetBeansProjects\proyecto_web_CRUD\apache-tomcat-9.0.96\webapps\examples] has finished in [326] ms
29-Oct-2024 00:38:52.336 INFO [main] org.apache.catalina.startup.HostConfig.deployDirectory Desplegando el directorio [C:\Users\ghost\Documents\NetBeansProjects\proyecto_web_CRUD\apache-tomcat-9.0.96\webapps\host-manager] de la aplicación web
29-Oct-2024 00:38:52.364 INFO [main] org.apache.catalina.startup.HostConfig.deployDirectory Deployment of web application directory [C:\Users\ghost\Documents\NetBeansProjects\proyecto_web_CRUD\apache-tomcat-9.0.96\webapps\host-manager] has finished in [29] ms
29-Oct-2024 00:38:52.365 INFO [main] org.apache.catalina.startup.HostConfig.deployDirectory Desplegando el directorio [C:\Users\ghost\Documents\NetBeansProjects\proyecto_web_CRUD\apache-tomcat-9.0.96\webapps\manager] de la aplicación web
29-Oct-2024 00:38:52.391 INFO [main] org.apache.catalina.startup.HostConfig.deployDirectory Deployment of web application directory [C:\Users\ghost\Documents\NetBeansProjects\proyecto_web_CRUD\apache-tomcat-9.0.96\webapps\manager] has finished in [27] ms
29-Oct-2024 00:38:52.391 INFO [main] org.apache.catalina.startup.HostConfig.deployDirectory Desplegando el directorio [C:\Users\ghost\Documents\NetBeansProjects\proyecto_web_CRUD\apache-tomcat-9.0.96\webapps\ROOT] de la aplicación web
29-Oct-2024 00:38:52.415 INFO [main] org.apache.catalina.startup.HostConfig.deployDirectory Deployment of web application directory [C:\Users\ghost\Documents\NetBeansProjects\proyecto_web_CRUD\apache-tomcat-9.0.96\webapps\ROOT] has finished in [24] ms
29-Oct-2024 00:38:52.418 INFO [main] org.apache.coyote.AbstractProtocol.start Starting ProtocolHandler ["http-nio-8080"]
29-Oct-2024 00:38:52.434 INFO [main] org.apache.catalina.startup.Catalina.start Server startup in [1519] milliseconds
29-Oct-2024 01:06:34.432 INFO [main] org.apache.catalina.core.StandardServer.await Se ha recibido un comando de apagado a través del puerto de apagado. Parando la instancia del Servidor.
29-Oct-2024 01:06:34.432 INFO [main] org.apache.coyote.AbstractProtocol.pause Pausing ProtocolHandler ["http-nio-8080"]
29-Oct-2024 01:06:34.434 INFO [main] org.apache.catalina.core.StandardService.stopInternal Parando servicio [Catalina]
29-Oct-2024 01:06:34.456 WARNING [main] org.apache.catalina.loader.WebappClassLoaderBase.clearReferencesThreads The web application [Clientes] appears to have started a thread named [mysql-cj-abandoned-connection-cleanup] but has failed to stop it. This is very likely to create a memory leak. Stack trace of thread:
 java.base/java.io.WinNTFileSystem.canonicalize0(Native Method)
 java.base/java.io.WinNTFileSystem.canonicalize(WinNTFileSystem.java:496)
 java.base/java.io.File.getCanonicalPath(File.java:626)
 org.apache.catalina.webresources.AbstractFileResourceSet.file(AbstractFileResourceSet.java:94)
 org.apache.catalina.webresources.DirResourceSet.getResource(DirResourceSet.java:94)
 org.apache.catalina.webresources.StandardRoot.getResourceInternal(StandardRoot.java:272)
 org.apache.catalina.webresources.CachedResource.validateResource(CachedResource.java:105)
 org.apache.catalina.webresources.Cache.getResource(Cache.java:96)
 org.apache.catalina.webresources.StandardRoot.getResource(StandardRoot.java:211)
 org.apache.catalina.webresources.StandardRoot.getClassLoaderResource(StandardRoot.java:220)
 org.apache.catalina.loader.WebappClassLoaderBase.findResource(WebappClassLoaderBase.java:872)
 org.apache.catalina.loader.WebappClassLoaderBase.getResource(WebappClassLoaderBase.java:981)
 com.mysql.cj.jdbc.AbandonedConnectionCleanupThread.checkThreadContextClassLoader(AbandonedConnectionCleanupThread.java:116)
 com.mysql.cj.jdbc.AbandonedConnectionCleanupThread.run(AbandonedConnectionCleanupThread.java:83)
 java.base/java.util.concurrent.ThreadPoolExecutor.runWorker(ThreadPoolExecutor.java:1144)
 java.base/java.util.concurrent.ThreadPoolExecutor$Worker.run(ThreadPoolExecutor.java:642)
 java.base/java.lang.Thread.run(Thread.java:1570)
29-Oct-2024 01:06:34.462 WARNING [main] org.apache.catalina.loader.WebappClassLoaderBase.clearReferencesJdbc La aplicación web [proyecto_web_CRUD] registró el conductor JDBC [com.mysql.cj.jdbc.Driver] pero falló al anular el registro mientras la aplicación web estaba parada. Para prevenir un fallo de memoria, se ha anulado el registro del conductor JDBC por la fuerza.
29-Oct-2024 01:06:34.462 WARNING [main] org.apache.catalina.loader.WebappClassLoaderBase.clearReferencesThreads The web application [proyecto_web_CRUD] appears to have started a thread named [mysql-cj-abandoned-connection-cleanup] but has failed to stop it. This is very likely to create a memory leak. Stack trace of thread:
 java.base/jdk.internal.misc.Unsafe.park(Native Method)
 java.base/java.util.concurrent.locks.LockSupport.parkNanos(LockSupport.java:269)
 java.base/java.util.concurrent.locks.AbstractQueuedSynchronizer$ConditionObject.await(AbstractQueuedSynchronizer.java:1847)
 java.base/java.lang.ref.ReferenceQueue.await(ReferenceQueue.java:71)
 java.base/java.lang.ref.ReferenceQueue.remove0(ReferenceQueue.java:143)
 java.base/java.lang.ref.ReferenceQueue.remove(ReferenceQueue.java:218)
 com.mysql.cj.jdbc.AbandonedConnectionCleanupThread.run(AbandonedConnectionCleanupThread.java:84)
 java.base/java.util.concurrent.ThreadPoolExecutor.runWorker(ThreadPoolExecutor.java:1144)
 java.base/java.util.concurrent.ThreadPoolExecutor$Worker.run(ThreadPoolExecutor.java:642)
 java.base/java.lang.Thread.run(Thread.java:1570)
29-Oct-2024 01:06:34.466 INFO [main] org.apache.coyote.AbstractProtocol.stop Stopping ProtocolHandler ["http-nio-8080"]
29-Oct-2024 01:06:34.482 INFO [main] org.apache.coyote.AbstractProtocol.destroy Destroying ProtocolHandler ["http-nio-8080"]
29-Oct-2024 21:04:50.865 INFO [main] org.apache.catalina.startup.VersionLoggerListener.log Nombre de la versión del servidor: Apache Tomcat/9.0.96
29-Oct-2024 21:04:50.871 INFO [main] org.apache.catalina.startup.VersionLoggerListener.log Server built:                      Oct 3 2024 19:44:30 UTC
29-Oct-2024 21:04:50.871 INFO [main] org.apache.catalina.startup.VersionLoggerListener.log Número de versión de servidor:     9.0.96.0
29-Oct-2024 21:04:50.871 INFO [main] org.apache.catalina.startup.VersionLoggerListener.log OS Name:                           Windows 11
29-Oct-2024 21:04:50.871 INFO [main] org.apache.catalina.startup.VersionLoggerListener.log Versión de Systema Operativo:      10.0
29-Oct-2024 21:04:50.871 INFO [main] org.apache.catalina.startup.VersionLoggerListener.log Arquitectura:                      amd64
29-Oct-2024 21:04:50.871 INFO [main] org.apache.catalina.startup.VersionLoggerListener.log Java Home:                         C:\Program Files\Java\jdk-22
29-Oct-2024 21:04:50.871 INFO [main] org.apache.catalina.startup.VersionLoggerListener.log JVM Version:                       22.0.2+9-70
29-Oct-2024 21:04:50.871 INFO [main] org.apache.catalina.startup.VersionLoggerListener.log Vededor JVM:                       Oracle Corporation
29-Oct-2024 21:04:50.871 INFO [main] org.apache.catalina.startup.VersionLoggerListener.log CATALINA_BASE:                     C:\Users\ghost\Documents\NetBeansProjects\proyecto_web_CRUD\apache-tomcat-9.0.96
29-Oct-2024 21:04:50.871 INFO [main] org.apache.catalina.startup.VersionLoggerListener.log CATALINA_HOME:                     C:\Users\ghost\Documents\NetBeansProjects\proyecto_web_CRUD\apache-tomcat-9.0.96
29-Oct-2024 21:04:50.871 INFO [main] org.apache.catalina.startup.VersionLoggerListener.log Command line argument:             --add-opens=java.base/java.lang=ALL-UNNAMED
29-Oct-2024 21:04:50.871 INFO [main] org.apache.catalina.startup.VersionLoggerListener.log Command line argument:             --add-opens=java.base/java.io=ALL-UNNAMED
29-Oct-2024 21:04:50.871 INFO [main] org.apache.catalina.startup.VersionLoggerListener.log Command line argument:             --add-opens=java.base/java.util=ALL-UNNAMED
29-Oct-2024 21:04:50.871 INFO [main] org.apache.catalina.startup.VersionLoggerListener.log Command line argument:             --add-opens=java.base/java.util.concurrent=ALL-UNNAMED
29-Oct-2024 21:04:50.871 INFO [main] org.apache.catalina.startup.VersionLoggerListener.log Command line argument:             --add-opens=java.rmi/sun.rmi.transport=ALL-UNNAMED
29-Oct-2024 21:04:50.871 INFO [main] org.apache.catalina.startup.VersionLoggerListener.log Command line argument:             -Djava.util.logging.config.file=C:\Users\ghost\Documents\NetBeansProjects\proyecto_web_CRUD\apache-tomcat-9.0.96\conf\logging.properties
29-Oct-2024 21:04:50.871 INFO [main] org.apache.catalina.startup.VersionLoggerListener.log Command line argument:             -Djava.util.logging.manager=org.apache.juli.ClassLoaderLogManager
29-Oct-2024 21:04:50.871 INFO [main] org.apache.catalina.startup.VersionLoggerListener.log Command line argument:             -Djdk.tls.ephemeralDHKeySize=2048
29-Oct-2024 21:04:50.871 INFO [main] org.apache.catalina.startup.VersionLoggerListener.log Command line argument:             -Djava.protocol.handler.pkgs=org.apache.catalina.webresources
29-Oct-2024 21:04:50.871 INFO [main] org.apache.catalina.startup.VersionLoggerListener.log Command line argument:             -Dignore.endorsed.dirs=
29-Oct-2024 21:04:50.871 INFO [main] org.apache.catalina.startup.VersionLoggerListener.log Command line argument:             -Dcatalina.base=C:\Users\ghost\Documents\NetBeansProjects\proyecto_web_CRUD\apache-tomcat-9.0.96
29-Oct-2024 21:04:50.871 INFO [main] org.apache.catalina.startup.VersionLoggerListener.log Command line argument:             -Dcatalina.home=C:\Users\ghost\Documents\NetBeansProjects\proyecto_web_CRUD\apache-tomcat-9.0.96
29-Oct-2024 21:04:50.871 INFO [main] org.apache.catalina.startup.VersionLoggerListener.log Command line argument:             -Djava.io.tmpdir=C:\Users\ghost\Documents\NetBeansProjects\proyecto_web_CRUD\apache-tomcat-9.0.96\temp
29-Oct-2024 21:04:50.887 INFO [main] org.apache.catalina.core.AprLifecycleListener.lifecycleEvent La biblioteca nativa de Apache Tomcat basada en ARP que permite un rendimiento óptimo en entornos de desarrollo no ha sido hallada en java.library.path: [C:\Program Files\Java\jdk-22\bin;C:\WINDOWS\Sun\Java\bin;C:\WINDOWS\system32;C:\WINDOWS;C:\ProgramData\Oracle\Java\javapath;C:\Program Files\Common Files\Oracle\Java\javapath;C:\Program Files (x86)\Common Files\Oracle\Java\java8path;C:\Program Files (x86)\Common Files\Oracle\Java\javapath;C:\WINDOWS\system32;C:\WINDOWS;C:\WINDOWS\System32\Wbem;C:\WINDOWS\System32\WindowsPowerShell\v1.0\;C:\WINDOWS\System32\OpenSSH\;C:\Program Files\Microsoft SQL Server\Client SDK\ODBC\170\Tools\Binn\;C:\Program Files (x86)\Microsoft SQL Server\160\Tools\Binn\;C:\Program Files\Microsoft SQL Server\160\Tools\Binn\;C:\Program Files\Microsoft SQL Server\160\DTS\Binn\;C:\Program Files\Microsoft SQL Server\150\Tools\Binn\;C:\Program Files\Git\cmd;C:\Program Files\dotnet\;C:\Program Files (x86)\Microsoft SQL Server\160\DTS\Binn\;C:\Users\ghost\AppData\Local\Microsoft\WindowsApps;C:\Program Files\Azure Data Studio\bin;C:\Users\ghost\AppData\Local\GitHubDesktop\bin;C:\Users\ghost\.dotnet\tools;C:\Users\ghost\AppData\Local\Programs\Microsoft VS Code\bin;.]
29-Oct-2024 21:04:51.121 INFO [main] org.apache.coyote.AbstractProtocol.init Inicializando el manejador de protocolo ["http-nio-8080"]

29-Oct-2024 21:04:51.153 INFO [main] org.apache.catalina.startup.Catalina.load Server initialization in [446] milliseconds
29-Oct-2024 21:04:51.189 INFO [main] org.apache.catalina.core.StandardService.startInternal Arrancando servicio [Catalina]
29-Oct-2024 21:04:51.190 INFO [main] org.apache.catalina.core.StandardEngine.startInternal Starting Servlet engine: [Apache Tomcat/9.0.96]
29-Oct-2024 21:04:51.198 INFO [main] org.apache.catalina.startup.HostConfig.deployDescriptor Desplieque del descriptor de configuración [C:\Users\ghost\Documents\NetBeansProjects\proyecto_web_CRUD\apache-tomcat-9.0.96\conf\Catalina\localhost\Clientes.xml]
29-Oct-2024 21:04:51.207 WARNING [main] org.apache.catalina.startup.HostConfig.deployDescriptor The path attribute with value [/Clientes] in deployment descriptor [C:\Users\ghost\Documents\NetBeansProjects\proyecto_web_CRUD\apache-tomcat-9.0.96\conf\Catalina\localhost\Clientes.xml] has been ignored
29-Oct-2024 21:04:51.759 INFO [main] org.apache.jasper.servlet.TldScanner.scanJars Al menos un JAR, que se ha explorado buscando TLDs, aún no contenía TLDs. Activar historial de depuración para este historiador para una completa lista de los JARs que fueron explorados y de los que nos se halló TLDs. Saltarse JARs no necesarios durante la exploración puede dar lugar a una mejora de tiempo significativa en el arranque y compilación de JSP .
29-Oct-2024 21:04:51.798 INFO [main] org.apache.catalina.startup.HostConfig.deployDescriptor Deployment of deployment descriptor [C:\Users\ghost\Documents\NetBeansProjects\proyecto_web_CRUD\apache-tomcat-9.0.96\conf\Catalina\localhost\Clientes.xml] has finished in [598] ms
29-Oct-2024 21:04:51.798 INFO [main] org.apache.catalina.startup.HostConfig.deployDescriptor Desplieque del descriptor de configuración [C:\Users\ghost\Documents\NetBeansProjects\proyecto_web_CRUD\apache-tomcat-9.0.96\conf\Catalina\localhost\proyecto_web_CRUD.xml]
29-Oct-2024 21:04:51.798 WARNING [main] org.apache.catalina.startup.HostConfig.deployDescriptor The path attribute with value [/proyecto_web_CRUD] in deployment descriptor [C:\Users\ghost\Documents\NetBeansProjects\proyecto_web_CRUD\apache-tomcat-9.0.96\conf\Catalina\localhost\proyecto_web_CRUD.xml] has been ignored
29-Oct-2024 21:04:52.197 INFO [main] org.apache.jasper.servlet.TldScanner.scanJars Al menos un JAR, que se ha explorado buscando TLDs, aún no contenía TLDs. Activar historial de depuración para este historiador para una completa lista de los JARs que fueron explorados y de los que nos se halló TLDs. Saltarse JARs no necesarios durante la exploración puede dar lugar a una mejora de tiempo significativa en el arranque y compilación de JSP .
29-Oct-2024 21:04:52.208 INFO [main] org.apache.catalina.startup.HostConfig.deployDescriptor Deployment of deployment descriptor [C:\Users\ghost\Documents\NetBeansProjects\proyecto_web_CRUD\apache-tomcat-9.0.96\conf\Catalina\localhost\proyecto_web_CRUD.xml] has finished in [409] ms
29-Oct-2024 21:04:52.208 INFO [main] org.apache.catalina.startup.HostConfig.deployDescriptor Desplieque del descriptor de configuración [C:\Users\ghost\Documents\NetBeansProjects\proyecto_web_CRUD\apache-tomcat-9.0.96\conf\Catalina\localhost\web_empresa_bd.xml]
29-Oct-2024 21:04:52.208 WARNING [main] org.apache.catalina.startup.HostConfig.deployDescriptor The path attribute with value [/web_empresa_bd] in deployment descriptor [C:\Users\ghost\Documents\NetBeansProjects\proyecto_web_CRUD\apache-tomcat-9.0.96\conf\Catalina\localhost\web_empresa_bd.xml] has been ignored
29-Oct-2024 21:04:52.212 SEVERE [main] org.apache.catalina.startup.HostConfig.deployDescriptor Error durante el despliegue del descriptor de configuración [C:\Users\ghost\Documents\NetBeansProjects\proyecto_web_CRUD\apache-tomcat-9.0.96\conf\Catalina\localhost\web_empresa_bd.xml]
	java.lang.IllegalStateException: Error starting child
		at org.apache.catalina.core.ContainerBase.addChildInternal(ContainerBase.java:602)
		at org.apache.catalina.core.ContainerBase.addChild(ContainerBase.java:571)
		at org.apache.catalina.core.StandardHost.addChild(StandardHost.java:603)
		at org.apache.catalina.startup.HostConfig.deployDescriptor(HostConfig.java:680)
		at org.apache.catalina.startup.HostConfig$DeployDescriptor.run(HostConfig.java:1844)
		at java.base/java.util.concurrent.Executors$RunnableAdapter.call(Executors.java:572)
		at java.base/java.util.concurrent.FutureTask.run(FutureTask.java:317)
		at org.apache.tomcat.util.threads.InlineExecutorService.execute(InlineExecutorService.java:75)
		at java.base/java.util.concurrent.AbstractExecutorService.submit(AbstractExecutorService.java:123)
		at org.apache.catalina.startup.HostConfig.deployDescriptors(HostConfig.java:575)
		at org.apache.catalina.startup.HostConfig.deployApps(HostConfig.java:466)
		at org.apache.catalina.startup.HostConfig.start(HostConfig.java:1584)
		at org.apache.catalina.startup.HostConfig.lifecycleEvent(HostConfig.java:312)
		at org.apache.catalina.util.LifecycleBase.fireLifecycleEvent(LifecycleBase.java:109)
		at org.apache.catalina.util.LifecycleBase.setStateInternal(LifecycleBase.java:385)
		at org.apache.catalina.util.LifecycleBase.setState(LifecycleBase.java:332)
		at org.apache.catalina.core.ContainerBase.startInternal(ContainerBase.java:776)
		at org.apache.catalina.core.StandardHost.startInternal(StandardHost.java:721)
		at org.apache.catalina.util.LifecycleBase.start(LifecycleBase.java:164)
		at org.apache.catalina.core.ContainerBase$StartChild.call(ContainerBase.java:1203)
		at org.apache.catalina.core.ContainerBase$StartChild.call(ContainerBase.java:1193)
		at java.base/java.util.concurrent.FutureTask.run(FutureTask.java:317)
		at org.apache.tomcat.util.threads.InlineExecutorService.execute(InlineExecutorService.java:75)
		at java.base/java.util.concurrent.AbstractExecutorService.submit(AbstractExecutorService.java:145)
		at org.apache.catalina.core.ContainerBase.startInternal(ContainerBase.java:749)
		at org.apache.catalina.core.StandardEngine.startInternal(StandardEngine.java:211)
		at org.apache.catalina.util.LifecycleBase.start(LifecycleBase.java:164)
		at org.apache.catalina.core.StandardService.startInternal(StandardService.java:415)
		at org.apache.catalina.util.LifecycleBase.start(LifecycleBase.java:164)
		at org.apache.catalina.core.StandardServer.startInternal(StandardServer.java:874)
		at org.apache.catalina.util.LifecycleBase.start(LifecycleBase.java:164)
		at org.apache.catalina.startup.Catalina.start(Catalina.java:735)
		at java.base/jdk.internal.reflect.DirectMethodHandleAccessor.invoke(DirectMethodHandleAccessor.java:103)
		at java.base/java.lang.reflect.Method.invoke(Method.java:580)
		at org.apache.catalina.startup.Bootstrap.start(Bootstrap.java:345)
		at org.apache.catalina.startup.Bootstrap.main(Bootstrap.java:473)
	Caused by: org.apache.catalina.LifecycleException: Failed to start component [org.apache.catalina.webresources.StandardRoot@29f85fe1]
		at org.apache.catalina.util.LifecycleBase.handleSubClassException(LifecycleBase.java:402)
		at org.apache.catalina.util.LifecycleBase.start(LifecycleBase.java:179)
		at org.apache.catalina.core.StandardContext.resourcesStart(StandardContext.java:4118)
		at org.apache.catalina.core.StandardContext.startInternal(StandardContext.java:4240)
		at org.apache.catalina.util.LifecycleBase.start(LifecycleBase.java:164)
		at org.apache.catalina.core.ContainerBase.addChildInternal(ContainerBase.java:599)
		... 35 more
	Caused by: java.lang.IllegalArgumentException: The main resource set specified [C:\Users\ghost\Documents\NetBeansProjects\jsp-CRUD-main\build\web] is not a directory or war file, or is not readable (it does not exist or permissions to access it are missing)
		at org.apache.catalina.webresources.StandardRoot.createMainResourceSet(StandardRoot.java:749)
		at org.apache.catalina.webresources.StandardRoot.startInternal(StandardRoot.java:707)
		at org.apache.catalina.util.LifecycleBase.start(LifecycleBase.java:164)
		... 39 more
29-Oct-2024 21:04:52.230 INFO [main] org.apache.catalina.startup.HostConfig.deployDescriptor Deployment of deployment descriptor [C:\Users\ghost\Documents\NetBeansProjects\proyecto_web_CRUD\apache-tomcat-9.0.96\conf\Catalina\localhost\web_empresa_bd.xml] has finished in [21] ms
29-Oct-2024 21:04:52.230 INFO [main] org.apache.catalina.startup.HostConfig.deployDescriptor Desplieque del descriptor de configuración [C:\Users\ghost\Documents\NetBeansProjects\proyecto_web_CRUD\apache-tomcat-9.0.96\conf\Catalina\localhost\web_proyecto2.xml]
29-Oct-2024 21:04:52.230 WARNING [main] org.apache.catalina.startup.HostConfig.deployDescriptor The path attribute with value [/web_proyecto2] in deployment descriptor [C:\Users\ghost\Documents\NetBeansProjects\proyecto_web_CRUD\apache-tomcat-9.0.96\conf\Catalina\localhost\web_proyecto2.xml] has been ignored
29-Oct-2024 21:04:52.234 SEVERE [main] org.apache.catalina.startup.HostConfig.deployDescriptor Error durante el despliegue del descriptor de configuración [C:\Users\ghost\Documents\NetBeansProjects\proyecto_web_CRUD\apache-tomcat-9.0.96\conf\Catalina\localhost\web_proyecto2.xml]
	java.lang.IllegalStateException: Error starting child
		at org.apache.catalina.core.ContainerBase.addChildInternal(ContainerBase.java:602)
		at org.apache.catalina.core.ContainerBase.addChild(ContainerBase.java:571)
		at org.apache.catalina.core.StandardHost.addChild(StandardHost.java:603)
		at org.apache.catalina.startup.HostConfig.deployDescriptor(HostConfig.java:680)
		at org.apache.catalina.startup.HostConfig$DeployDescriptor.run(HostConfig.java:1844)
		at java.base/java.util.concurrent.Executors$RunnableAdapter.call(Executors.java:572)
		at java.base/java.util.concurrent.FutureTask.run(FutureTask.java:317)
		at org.apache.tomcat.util.threads.InlineExecutorService.execute(InlineExecutorService.java:75)
		at java.base/java.util.concurrent.AbstractExecutorService.submit(AbstractExecutorService.java:123)
		at org.apache.catalina.startup.HostConfig.deployDescriptors(HostConfig.java:575)
		at org.apache.catalina.startup.HostConfig.deployApps(HostConfig.java:466)
		at org.apache.catalina.startup.HostConfig.start(HostConfig.java:1584)
		at org.apache.catalina.startup.HostConfig.lifecycleEvent(HostConfig.java:312)
		at org.apache.catalina.util.LifecycleBase.fireLifecycleEvent(LifecycleBase.java:109)
		at org.apache.catalina.util.LifecycleBase.setStateInternal(LifecycleBase.java:385)
		at org.apache.catalina.util.LifecycleBase.setState(LifecycleBase.java:332)
		at org.apache.catalina.core.ContainerBase.startInternal(ContainerBase.java:776)
		at org.apache.catalina.core.StandardHost.startInternal(StandardHost.java:721)
		at org.apache.catalina.util.LifecycleBase.start(LifecycleBase.java:164)
		at org.apache.catalina.core.ContainerBase$StartChild.call(ContainerBase.java:1203)
		at org.apache.catalina.core.ContainerBase$StartChild.call(ContainerBase.java:1193)
		at java.base/java.util.concurrent.FutureTask.run(FutureTask.java:317)
		at org.apache.tomcat.util.threads.InlineExecutorService.execute(InlineExecutorService.java:75)
		at java.base/java.util.concurrent.AbstractExecutorService.submit(AbstractExecutorService.java:145)
		at org.apache.catalina.core.ContainerBase.startInternal(ContainerBase.java:749)
		at org.apache.catalina.core.StandardEngine.startInternal(StandardEngine.java:211)
		at org.apache.catalina.util.LifecycleBase.start(LifecycleBase.java:164)
		at org.apache.catalina.core.StandardService.startInternal(StandardService.java:415)
		at org.apache.catalina.util.LifecycleBase.start(LifecycleBase.java:164)
		at org.apache.catalina.core.StandardServer.startInternal(StandardServer.java:874)
		at org.apache.catalina.util.LifecycleBase.start(LifecycleBase.java:164)
		at org.apache.catalina.startup.Catalina.start(Catalina.java:735)
		at java.base/jdk.internal.reflect.DirectMethodHandleAccessor.invoke(DirectMethodHandleAccessor.java:103)
		at java.base/java.lang.reflect.Method.invoke(Method.java:580)
		at org.apache.catalina.startup.Bootstrap.start(Bootstrap.java:345)
		at org.apache.catalina.startup.Bootstrap.main(Bootstrap.java:473)
	Caused by: org.apache.catalina.LifecycleException: Failed to start component [org.apache.catalina.webresources.StandardRoot@78226c36]
		at org.apache.catalina.util.LifecycleBase.handleSubClassException(LifecycleBase.java:402)
		at org.apache.catalina.util.LifecycleBase.start(LifecycleBase.java:179)
		at org.apache.catalina.core.StandardContext.resourcesStart(StandardContext.java:4118)
		at org.apache.catalina.core.StandardContext.startInternal(StandardContext.java:4240)
		at org.apache.catalina.util.LifecycleBase.start(LifecycleBase.java:164)
		at org.apache.catalina.core.ContainerBase.addChildInternal(ContainerBase.java:599)
		... 35 more
	Caused by: java.lang.IllegalArgumentException: The main resource set specified [C:\Users\ghost\Documents\NetBeansProjects\proyecto programacion II\web_proyecto2\build\web] is not a directory or war file, or is not readable (it does not exist or permissions to access it are missing)
		at org.apache.catalina.webresources.StandardRoot.createMainResourceSet(StandardRoot.java:749)
		at org.apache.catalina.webresources.StandardRoot.startInternal(StandardRoot.java:707)
		at org.apache.catalina.util.LifecycleBase.start(LifecycleBase.java:164)
		... 39 more
29-Oct-2024 21:04:52.290 INFO [main] org.apache.catalina.startup.HostConfig.deployDescriptor Deployment of deployment descriptor [C:\Users\ghost\Documents\NetBeansProjects\proyecto_web_CRUD\apache-tomcat-9.0.96\conf\Catalina\localhost\web_proyecto2.xml] has finished in [59] ms
29-Oct-2024 21:04:52.290 INFO [main] org.apache.catalina.startup.HostConfig.deployDirectory Desplegando el directorio [C:\Users\ghost\Documents\NetBeansProjects\proyecto_web_CRUD\apache-tomcat-9.0.96\webapps\docs] de la aplicación web
29-Oct-2024 21:04:52.323 INFO [main] org.apache.catalina.startup.HostConfig.deployDirectory Deployment of web application directory [C:\Users\ghost\Documents\NetBeansProjects\proyecto_web_CRUD\apache-tomcat-9.0.96\webapps\docs] has finished in [33] ms
29-Oct-2024 21:04:52.323 INFO [main] org.apache.catalina.startup.HostConfig.deployDirectory Desplegando el directorio [C:\Users\ghost\Documents\NetBeansProjects\proyecto_web_CRUD\apache-tomcat-9.0.96\webapps\examples] de la aplicación web
29-Oct-2024 21:04:52.673 INFO [main] org.apache.catalina.startup.HostConfig.deployDirectory Deployment of web application directory [C:\Users\ghost\Documents\NetBeansProjects\proyecto_web_CRUD\apache-tomcat-9.0.96\webapps\examples] has finished in [349] ms
29-Oct-2024 21:04:52.673 INFO [main] org.apache.catalina.startup.HostConfig.deployDirectory Desplegando el directorio [C:\Users\ghost\Documents\NetBeansProjects\proyecto_web_CRUD\apache-tomcat-9.0.96\webapps\host-manager] de la aplicación web
29-Oct-2024 21:04:52.704 INFO [main] org.apache.catalina.startup.HostConfig.deployDirectory Deployment of web application directory [C:\Users\ghost\Documents\NetBeansProjects\proyecto_web_CRUD\apache-tomcat-9.0.96\webapps\host-manager] has finished in [31] ms
29-Oct-2024 21:04:52.705 INFO [main] org.apache.catalina.startup.HostConfig.deployDirectory Desplegando el directorio [C:\Users\ghost\Documents\NetBeansProjects\proyecto_web_CRUD\apache-tomcat-9.0.96\webapps\manager] de la aplicación web
29-Oct-2024 21:04:52.738 INFO [main] org.apache.catalina.startup.HostConfig.deployDirectory Deployment of web application directory [C:\Users\ghost\Documents\NetBeansProjects\proyecto_web_CRUD\apache-tomcat-9.0.96\webapps\manager] has finished in [33] ms
29-Oct-2024 21:04:52.739 INFO [main] org.apache.catalina.startup.HostConfig.deployDirectory Desplegando el directorio [C:\Users\ghost\Documents\NetBeansProjects\proyecto_web_CRUD\apache-tomcat-9.0.96\webapps\ROOT] de la aplicación web
29-Oct-2024 21:04:52.760 INFO [main] org.apache.catalina.startup.HostConfig.deployDirectory Deployment of web application directory [C:\Users\ghost\Documents\NetBeansProjects\proyecto_web_CRUD\apache-tomcat-9.0.96\webapps\ROOT] has finished in [21] ms
29-Oct-2024 21:04:52.764 INFO [main] org.apache.coyote.AbstractProtocol.start Starting ProtocolHandler ["http-nio-8080"]
29-Oct-2024 21:04:52.785 INFO [main] org.apache.catalina.startup.Catalina.start Server startup in [1631] milliseconds
29-Oct-2024 21:12:02.591 INFO [http-nio-8080-exec-1] org.apache.catalina.startup.HostConfig.deployDescriptor Desplieque del descriptor de configuración [C:\Users\ghost\Documents\NetBeansProjects\proyecto_web_CRUD\apache-tomcat-9.0.96\conf\Catalina\localhost\pr_javaweb.xml]
29-Oct-2024 21:12:02.592 WARNING [http-nio-8080-exec-1] org.apache.catalina.startup.HostConfig.deployDescriptor The path attribute with value [/pr_javaweb] in deployment descriptor [C:\Users\ghost\Documents\NetBeansProjects\proyecto_web_CRUD\apache-tomcat-9.0.96\conf\Catalina\localhost\pr_javaweb.xml] has been ignored
29-Oct-2024 21:12:02.609 WARNING [http-nio-8080-exec-1] org.apache.tomcat.util.descriptor.web.WebXml.setVersion Unknown version string [6.0]. Default version will be used.
29-Oct-2024 21:12:02.965 INFO [http-nio-8080-exec-1] org.apache.jasper.servlet.TldScanner.scanJars Al menos un JAR, que se ha explorado buscando TLDs, aún no contenía TLDs. Activar historial de depuración para este historiador para una completa lista de los JARs que fueron explorados y de los que nos se halló TLDs. Saltarse JARs no necesarios durante la exploración puede dar lugar a una mejora de tiempo significativa en el arranque y compilación de JSP .
29-Oct-2024 21:12:02.967 INFO [http-nio-8080-exec-1] org.apache.catalina.startup.HostConfig.deployDescriptor Deployment of deployment descriptor [C:\Users\ghost\Documents\NetBeansProjects\proyecto_web_CRUD\apache-tomcat-9.0.96\conf\Catalina\localhost\pr_javaweb.xml] has finished in [376] ms
29-Oct-2024 21:12:02.972 INFO [http-nio-8080-exec-3] org.apache.catalina.util.LifecycleBase.start The start() method was called on component [StandardEngine[Catalina].StandardHost[localhost].StandardContext[/pr_javaweb]] after start() had already been called. The second call will be ignored.
29-Oct-2024 21:12:49.357 INFO [http-nio-8080-exec-7] org.apache.catalina.core.StandardContext.reload Ha comenzado la recarga de Contexto [/pr_javaweb]
29-Oct-2024 21:12:49.367 WARNING [http-nio-8080-exec-7] org.apache.catalina.loader.WebappClassLoaderBase.clearReferencesThreads The web application [pr_javaweb] appears to have started a thread named [mysql-cj-abandoned-connection-cleanup] but has failed to stop it. This is very likely to create a memory leak. Stack trace of thread:
 java.base/java.io.WinNTFileSystem.canonicalize0(Native Method)
 java.base/java.io.WinNTFileSystem.canonicalize(WinNTFileSystem.java:496)
 java.base/java.io.File.getCanonicalPath(File.java:626)
 org.apache.catalina.webresources.AbstractFileResourceSet.file(AbstractFileResourceSet.java:94)
 org.apache.catalina.webresources.DirResourceSet.getResource(DirResourceSet.java:94)
 org.apache.catalina.webresources.StandardRoot.getResourceInternal(StandardRoot.java:272)
 org.apache.catalina.webresources.CachedResource.validateResource(CachedResource.java:105)
 org.apache.catalina.webresources.Cache.getResource(Cache.java:96)
 org.apache.catalina.webresources.StandardRoot.getResource(StandardRoot.java:211)
 org.apache.catalina.webresources.StandardRoot.getClassLoaderResource(StandardRoot.java:220)
 org.apache.catalina.loader.WebappClassLoaderBase.findResource(WebappClassLoaderBase.java:872)
 org.apache.catalina.loader.WebappClassLoaderBase.getResource(WebappClassLoaderBase.java:981)
 com.mysql.cj.jdbc.AbandonedConnectionCleanupThread.checkThreadContextClassLoader(AbandonedConnectionCleanupThread.java:116)
 com.mysql.cj.jdbc.AbandonedConnectionCleanupThread.run(AbandonedConnectionCleanupThread.java:83)
 java.base/java.util.concurrent.ThreadPoolExecutor.runWorker(ThreadPoolExecutor.java:1144)
 java.base/java.util.concurrent.ThreadPoolExecutor$Worker.run(ThreadPoolExecutor.java:642)
 java.base/java.lang.Thread.run(Thread.java:1570)
29-Oct-2024 21:12:49.383 WARNING [http-nio-8080-exec-7] org.apache.tomcat.util.descriptor.web.WebXml.setVersion Unknown version string [6.0]. Default version will be used.
29-Oct-2024 21:12:49.687 INFO [http-nio-8080-exec-7] org.apache.jasper.servlet.TldScanner.scanJars Al menos un JAR, que se ha explorado buscando TLDs, aún no contenía TLDs. Activar historial de depuración para este historiador para una completa lista de los JARs que fueron explorados y de los que nos se halló TLDs. Saltarse JARs no necesarios durante la exploración puede dar lugar a una mejora de tiempo significativa en el arranque y compilación de JSP .
29-Oct-2024 21:12:49.689 INFO [http-nio-8080-exec-7] org.apache.catalina.core.StandardContext.reload Se ha completado la recarga de este Contexto
29-Oct-2024 21:12:49.699 WARNING [http-nio-8080-exec-8] org.apache.catalina.loader.WebappClassLoaderBase.clearReferencesThreads The web application [pr_javaweb] appears to have started a thread named [mysql-cj-abandoned-connection-cleanup] but has failed to stop it. This is very likely to create a memory leak. Stack trace of thread:
 com.mysql.cj.jdbc.AbandonedConnectionCleanupThread.run(AbandonedConnectionCleanupThread.java:83)
 java.base/java.util.concurrent.ThreadPoolExecutor.runWorker(ThreadPoolExecutor.java:1144)
 java.base/java.util.concurrent.ThreadPoolExecutor$Worker.run(ThreadPoolExecutor.java:642)
 java.base/java.lang.Thread.run(Thread.java:1570)
29-Oct-2024 21:12:50.205 INFO [http-nio-8080-exec-8] org.apache.catalina.startup.HostConfig.undeploy Repliegue (undeploy) de la aplicación web que tiene como trayectoria de contexto [/pr_javaweb]
29-Oct-2024 21:12:50.217 INFO [http-nio-8080-exec-3] org.apache.catalina.startup.HostConfig.deployDescriptor Desplieque del descriptor de configuración [C:\Users\ghost\Documents\NetBeansProjects\proyecto_web_CRUD\apache-tomcat-9.0.96\conf\Catalina\localhost\pr_javaweb.xml]
29-Oct-2024 21:12:50.218 WARNING [http-nio-8080-exec-3] org.apache.catalina.startup.HostConfig.deployDescriptor The path attribute with value [/pr_javaweb] in deployment descriptor [C:\Users\ghost\Documents\NetBeansProjects\proyecto_web_CRUD\apache-tomcat-9.0.96\conf\Catalina\localhost\pr_javaweb.xml] has been ignored
29-Oct-2024 21:12:50.231 WARNING [http-nio-8080-exec-3] org.apache.tomcat.util.descriptor.web.WebXml.setVersion Unknown version string [6.0]. Default version will be used.
29-Oct-2024 21:12:50.507 INFO [http-nio-8080-exec-3] org.apache.jasper.servlet.TldScanner.scanJars Al menos un JAR, que se ha explorado buscando TLDs, aún no contenía TLDs. Activar historial de depuración para este historiador para una completa lista de los JARs que fueron explorados y de los que nos se halló TLDs. Saltarse JARs no necesarios durante la exploración puede dar lugar a una mejora de tiempo significativa en el arranque y compilación de JSP .
29-Oct-2024 21:12:50.509 INFO [http-nio-8080-exec-3] org.apache.catalina.startup.HostConfig.deployDescriptor Deployment of deployment descriptor [C:\Users\ghost\Documents\NetBeansProjects\proyecto_web_CRUD\apache-tomcat-9.0.96\conf\Catalina\localhost\pr_javaweb.xml] has finished in [292] ms
29-Oct-2024 21:12:50.512 INFO [http-nio-8080-exec-10] org.apache.catalina.util.LifecycleBase.start The start() method was called on component [StandardEngine[Catalina].StandardHost[localhost].StandardContext[/pr_javaweb]] after start() had already been called. The second call will be ignored.
29-Oct-2024 21:12:54.377 INFO [mysql-cj-abandoned-connection-cleanup] org.apache.catalina.loader.WebappClassLoaderBase.checkStateForResourceLoading Acceso ilegal: esta instancia de aplicación web ya ha sido parada.  Could not load [].  La eventual traza de pila que sigue ha sido motivada por un error lanzado con motivos de depuración así como para intentar terminar el hilo que motivó el acceso ilegal y no tiene impacto funcional.
	java.lang.IllegalStateException: Acceso ilegal: esta instancia de aplicación web ya ha sido parada.  Could not load [].  La eventual traza de pila que sigue ha sido motivada por un error lanzado con motivos de depuración así como para intentar terminar el hilo que motivó el acceso ilegal y no tiene impacto funcional.
		at org.apache.catalina.loader.WebappClassLoaderBase.checkStateForResourceLoading(WebappClassLoaderBase.java:1328)
		at org.apache.catalina.loader.WebappClassLoaderBase.getResource(WebappClassLoaderBase.java:960)
		at com.mysql.cj.jdbc.AbandonedConnectionCleanupThread.checkThreadContextClassLoader(AbandonedConnectionCleanupThread.java:116)
		at com.mysql.cj.jdbc.AbandonedConnectionCleanupThread.run(AbandonedConnectionCleanupThread.java:83)
		at java.base/java.util.concurrent.ThreadPoolExecutor.runWorker(ThreadPoolExecutor.java:1144)
		at java.base/java.util.concurrent.ThreadPoolExecutor$Worker.run(ThreadPoolExecutor.java:642)
		at java.base/java.lang.Thread.run(Thread.java:1570)
29-Oct-2024 21:12:54.714 INFO [mysql-cj-abandoned-connection-cleanup] org.apache.catalina.loader.WebappClassLoaderBase.checkStateForResourceLoading Acceso ilegal: esta instancia de aplicación web ya ha sido parada.  Could not load [].  La eventual traza de pila que sigue ha sido motivada por un error lanzado con motivos de depuración así como para intentar terminar el hilo que motivó el acceso ilegal y no tiene impacto funcional.
	java.lang.IllegalStateException: Acceso ilegal: esta instancia de aplicación web ya ha sido parada.  Could not load [].  La eventual traza de pila que sigue ha sido motivada por un error lanzado con motivos de depuración así como para intentar terminar el hilo que motivó el acceso ilegal y no tiene impacto funcional.
		at org.apache.catalina.loader.WebappClassLoaderBase.checkStateForResourceLoading(WebappClassLoaderBase.java:1328)
		at org.apache.catalina.loader.WebappClassLoaderBase.getResource(WebappClassLoaderBase.java:960)
		at com.mysql.cj.jdbc.AbandonedConnectionCleanupThread.checkThreadContextClassLoader(AbandonedConnectionCleanupThread.java:116)
		at com.mysql.cj.jdbc.AbandonedConnectionCleanupThread.run(AbandonedConnectionCleanupThread.java:83)
		at java.base/java.util.concurrent.ThreadPoolExecutor.runWorker(ThreadPoolExecutor.java:1144)
		at java.base/java.util.concurrent.ThreadPoolExecutor$Worker.run(ThreadPoolExecutor.java:642)
		at java.base/java.lang.Thread.run(Thread.java:1570)
29-Oct-2024 21:13:24.102 WARNING [http-nio-8080-exec-14] org.apache.catalina.loader.WebappClassLoaderBase.clearReferencesJdbc La aplicación web [proyecto_web_CRUD] registró el conductor JDBC [com.mysql.cj.jdbc.Driver] pero falló al anular el registro mientras la aplicación web estaba parada. Para prevenir un fallo de memoria, se ha anulado el registro del conductor JDBC por la fuerza.
29-Oct-2024 21:13:24.102 WARNING [http-nio-8080-exec-14] org.apache.catalina.loader.WebappClassLoaderBase.clearReferencesThreads The web application [proyecto_web_CRUD] appears to have started a thread named [mysql-cj-abandoned-connection-cleanup] but has failed to stop it. This is very likely to create a memory leak. Stack trace of thread:
 java.base/jdk.internal.misc.Unsafe.park(Native Method)
 java.base/java.util.concurrent.locks.LockSupport.parkNanos(LockSupport.java:269)
 java.base/java.util.concurrent.locks.AbstractQueuedSynchronizer$ConditionObject.await(AbstractQueuedSynchronizer.java:1847)
 java.base/java.lang.ref.ReferenceQueue.await(ReferenceQueue.java:71)
 java.base/java.lang.ref.ReferenceQueue.remove0(ReferenceQueue.java:143)
 java.base/java.lang.ref.ReferenceQueue.remove(ReferenceQueue.java:218)
 com.mysql.cj.jdbc.AbandonedConnectionCleanupThread.run(AbandonedConnectionCleanupThread.java:84)
 java.base/java.util.concurrent.ThreadPoolExecutor.runWorker(ThreadPoolExecutor.java:1144)
 java.base/java.util.concurrent.ThreadPoolExecutor$Worker.run(ThreadPoolExecutor.java:642)
 java.base/java.lang.Thread.run(Thread.java:1570)
29-Oct-2024 21:13:24.423 INFO [http-nio-8080-exec-2] org.apache.jasper.servlet.TldScanner.scanJars Al menos un JAR, que se ha explorado buscando TLDs, aún no contenía TLDs. Activar historial de depuración para este historiador para una completa lista de los JARs que fueron explorados y de los que nos se halló TLDs. Saltarse JARs no necesarios durante la exploración puede dar lugar a una mejora de tiempo significativa en el arranque y compilación de JSP .
29-Oct-2024 21:13:27.779 INFO [mysql-cj-abandoned-connection-cleanup] org.apache.catalina.loader.WebappClassLoaderBase.checkStateForResourceLoading Acceso ilegal: esta instancia de aplicación web ya ha sido parada.  Could not load [].  La eventual traza de pila que sigue ha sido motivada por un error lanzado con motivos de depuración así como para intentar terminar el hilo que motivó el acceso ilegal y no tiene impacto funcional.
	java.lang.IllegalStateException: Acceso ilegal: esta instancia de aplicación web ya ha sido parada.  Could not load [].  La eventual traza de pila que sigue ha sido motivada por un error lanzado con motivos de depuración así como para intentar terminar el hilo que motivó el acceso ilegal y no tiene impacto funcional.
		at org.apache.catalina.loader.WebappClassLoaderBase.checkStateForResourceLoading(WebappClassLoaderBase.java:1328)
		at org.apache.catalina.loader.WebappClassLoaderBase.getResource(WebappClassLoaderBase.java:960)
		at com.mysql.cj.jdbc.AbandonedConnectionCleanupThread.checkThreadContextClassLoader(AbandonedConnectionCleanupThread.java:116)
		at com.mysql.cj.jdbc.AbandonedConnectionCleanupThread.run(AbandonedConnectionCleanupThread.java:83)
		at java.base/java.util.concurrent.ThreadPoolExecutor.runWorker(ThreadPoolExecutor.java:1144)
		at java.base/java.util.concurrent.ThreadPoolExecutor$Worker.run(ThreadPoolExecutor.java:642)
		at java.base/java.lang.Thread.run(Thread.java:1570)
29-Oct-2024 21:15:36.445 INFO [http-nio-8080-exec-22] org.apache.catalina.core.StandardContext.reload Ha comenzado la recarga de Contexto [/proyecto_web_CRUD]
29-Oct-2024 21:15:36.448 WARNING [http-nio-8080-exec-22] org.apache.catalina.loader.WebappClassLoaderBase.clearReferencesJdbc La aplicación web [proyecto_web_CRUD] registró el conductor JDBC [com.mysql.cj.jdbc.Driver] pero falló al anular el registro mientras la aplicación web estaba parada. Para prevenir un fallo de memoria, se ha anulado el registro del conductor JDBC por la fuerza.
29-Oct-2024 21:15:36.448 WARNING [http-nio-8080-exec-22] org.apache.catalina.loader.WebappClassLoaderBase.clearReferencesThreads The web application [proyecto_web_CRUD] appears to have started a thread named [mysql-cj-abandoned-connection-cleanup] but has failed to stop it. This is very likely to create a memory leak. Stack trace of thread:
 java.base/jdk.internal.misc.Unsafe.park(Native Method)
 java.base/java.util.concurrent.locks.LockSupport.parkNanos(LockSupport.java:269)
 java.base/java.util.concurrent.locks.AbstractQueuedSynchronizer$ConditionObject.await(AbstractQueuedSynchronizer.java:1847)
 java.base/java.lang.ref.ReferenceQueue.await(ReferenceQueue.java:71)
 java.base/java.lang.ref.ReferenceQueue.remove0(ReferenceQueue.java:143)
 java.base/java.lang.ref.ReferenceQueue.remove(ReferenceQueue.java:218)
 com.mysql.cj.jdbc.AbandonedConnectionCleanupThread.run(AbandonedConnectionCleanupThread.java:84)
 java.base/java.util.concurrent.ThreadPoolExecutor.runWorker(ThreadPoolExecutor.java:1144)
 java.base/java.util.concurrent.ThreadPoolExecutor$Worker.run(ThreadPoolExecutor.java:642)
 java.base/java.lang.Thread.run(Thread.java:1570)
29-Oct-2024 21:15:36.783 INFO [mysql-cj-abandoned-connection-cleanup] org.apache.catalina.loader.WebappClassLoaderBase.checkStateForResourceLoading Acceso ilegal: esta instancia de aplicación web ya ha sido parada.  Could not load [].  La eventual traza de pila que sigue ha sido motivada por un error lanzado con motivos de depuración así como para intentar terminar el hilo que motivó el acceso ilegal y no tiene impacto funcional.
	java.lang.IllegalStateException: Acceso ilegal: esta instancia de aplicación web ya ha sido parada.  Could not load [].  La eventual traza de pila que sigue ha sido motivada por un error lanzado con motivos de depuración así como para intentar terminar el hilo que motivó el acceso ilegal y no tiene impacto funcional.
		at org.apache.catalina.loader.WebappClassLoaderBase.checkStateForResourceLoading(WebappClassLoaderBase.java:1328)
		at org.apache.catalina.loader.WebappClassLoaderBase.getResource(WebappClassLoaderBase.java:960)
		at com.mysql.cj.jdbc.AbandonedConnectionCleanupThread.checkThreadContextClassLoader(AbandonedConnectionCleanupThread.java:116)
		at com.mysql.cj.jdbc.AbandonedConnectionCleanupThread.run(AbandonedConnectionCleanupThread.java:83)
		at java.base/java.util.concurrent.ThreadPoolExecutor.runWorker(ThreadPoolExecutor.java:1144)
		at java.base/java.util.concurrent.ThreadPoolExecutor$Worker.run(ThreadPoolExecutor.java:642)
		at java.base/java.lang.Thread.run(Thread.java:1570)
29-Oct-2024 21:15:36.784 INFO [mysql-cj-abandoned-connection-cleanup] org.apache.catalina.loader.WebappClassLoaderBase.checkStateForResourceLoading Acceso ilegal: esta instancia de aplicación web ya ha sido parada.  Could not load [].  La eventual traza de pila que sigue ha sido motivada por un error lanzado con motivos de depuración así como para intentar terminar el hilo que motivó el acceso ilegal y no tiene impacto funcional.
	java.lang.IllegalStateException: Acceso ilegal: esta instancia de aplicación web ya ha sido parada.  Could not load [].  La eventual traza de pila que sigue ha sido motivada por un error lanzado con motivos de depuración así como para intentar terminar el hilo que motivó el acceso ilegal y no tiene impacto funcional.
		at org.apache.catalina.loader.WebappClassLoaderBase.checkStateForResourceLoading(WebappClassLoaderBase.java:1328)
		at org.apache.catalina.loader.WebappClassLoaderBase.getResource(WebappClassLoaderBase.java:960)
		at com.mysql.cj.jdbc.AbandonedConnectionCleanupThread.checkThreadContextClassLoader(AbandonedConnectionCleanupThread.java:116)
		at com.mysql.cj.jdbc.AbandonedConnectionCleanupThread.run(AbandonedConnectionCleanupThread.java:83)
		at java.base/java.util.concurrent.ThreadPoolExecutor.runWorker(ThreadPoolExecutor.java:1144)
		at java.base/java.util.concurrent.ThreadPoolExecutor$Worker.run(ThreadPoolExecutor.java:642)
		at java.base/java.lang.Thread.run(Thread.java:1570)
29-Oct-2024 21:15:36.784 INFO [mysql-cj-abandoned-connection-cleanup] org.apache.catalina.loader.WebappClassLoaderBase.checkStateForResourceLoading Acceso ilegal: esta instancia de aplicación web ya ha sido parada.  Could not load [].  La eventual traza de pila que sigue ha sido motivada por un error lanzado con motivos de depuración así como para intentar terminar el hilo que motivó el acceso ilegal y no tiene impacto funcional.
	java.lang.IllegalStateException: Acceso ilegal: esta instancia de aplicación web ya ha sido parada.  Could not load [].  La eventual traza de pila que sigue ha sido motivada por un error lanzado con motivos de depuración así como para intentar terminar el hilo que motivó el acceso ilegal y no tiene impacto funcional.
		at org.apache.catalina.loader.WebappClassLoaderBase.checkStateForResourceLoading(WebappClassLoaderBase.java:1328)
		at org.apache.catalina.loader.WebappClassLoaderBase.getResource(WebappClassLoaderBase.java:960)
		at com.mysql.cj.jdbc.AbandonedConnectionCleanupThread.checkThreadContextClassLoader(AbandonedConnectionCleanupThread.java:116)
		at com.mysql.cj.jdbc.AbandonedConnectionCleanupThread.run(AbandonedConnectionCleanupThread.java:83)
		at java.base/java.util.concurrent.ThreadPoolExecutor.runWorker(ThreadPoolExecutor.java:1144)
		at java.base/java.util.concurrent.ThreadPoolExecutor$Worker.run(ThreadPoolExecutor.java:642)
		at java.base/java.lang.Thread.run(Thread.java:1570)
29-Oct-2024 21:15:36.827 INFO [mysql-cj-abandoned-connection-cleanup] org.apache.catalina.loader.WebappClassLoaderBase.checkStateForResourceLoading Acceso ilegal: esta instancia de aplicación web ya ha sido parada.  Could not load [].  La eventual traza de pila que sigue ha sido motivada por un error lanzado con motivos de depuración así como para intentar terminar el hilo que motivó el acceso ilegal y no tiene impacto funcional.
	java.lang.IllegalStateException: Acceso ilegal: esta instancia de aplicación web ya ha sido parada.  Could not load [].  La eventual traza de pila que sigue ha sido motivada por un error lanzado con motivos de depuración así como para intentar terminar el hilo que motivó el acceso ilegal y no tiene impacto funcional.
		at org.apache.catalina.loader.WebappClassLoaderBase.checkStateForResourceLoading(WebappClassLoaderBase.java:1328)
		at org.apache.catalina.loader.WebappClassLoaderBase.getResource(WebappClassLoaderBase.java:960)
		at com.mysql.cj.jdbc.AbandonedConnectionCleanupThread.checkThreadContextClassLoader(AbandonedConnectionCleanupThread.java:116)
		at com.mysql.cj.jdbc.AbandonedConnectionCleanupThread.run(AbandonedConnectionCleanupThread.java:83)
		at java.base/java.util.concurrent.ThreadPoolExecutor.runWorker(ThreadPoolExecutor.java:1144)
		at java.base/java.util.concurrent.ThreadPoolExecutor$Worker.run(ThreadPoolExecutor.java:642)
		at java.base/java.lang.Thread.run(Thread.java:1570)
29-Oct-2024 21:15:36.827 INFO [mysql-cj-abandoned-connection-cleanup] org.apache.catalina.loader.WebappClassLoaderBase.checkStateForResourceLoading Acceso ilegal: esta instancia de aplicación web ya ha sido parada.  Could not load [].  La eventual traza de pila que sigue ha sido motivada por un error lanzado con motivos de depuración así como para intentar terminar el hilo que motivó el acceso ilegal y no tiene impacto funcional.
	java.lang.IllegalStateException: Acceso ilegal: esta instancia de aplicación web ya ha sido parada.  Could not load [].  La eventual traza de pila que sigue ha sido motivada por un error lanzado con motivos de depuración así como para intentar terminar el hilo que motivó el acceso ilegal y no tiene impacto funcional.
		at org.apache.catalina.loader.WebappClassLoaderBase.checkStateForResourceLoading(WebappClassLoaderBase.java:1328)
		at org.apache.catalina.loader.WebappClassLoaderBase.getResource(WebappClassLoaderBase.java:960)
		at com.mysql.cj.jdbc.AbandonedConnectionCleanupThread.checkThreadContextClassLoader(AbandonedConnectionCleanupThread.java:116)
		at com.mysql.cj.jdbc.AbandonedConnectionCleanupThread.run(AbandonedConnectionCleanupThread.java:83)
		at java.base/java.util.concurrent.ThreadPoolExecutor.runWorker(ThreadPoolExecutor.java:1144)
		at java.base/java.util.concurrent.ThreadPoolExecutor$Worker.run(ThreadPoolExecutor.java:642)
		at java.base/java.lang.Thread.run(Thread.java:1570)
29-Oct-2024 21:15:36.827 INFO [mysql-cj-abandoned-connection-cleanup] org.apache.catalina.loader.WebappClassLoaderBase.checkStateForResourceLoading Acceso ilegal: esta instancia de aplicación web ya ha sido parada.  Could not load [].  La eventual traza de pila que sigue ha sido motivada por un error lanzado con motivos de depuración así como para intentar terminar el hilo que motivó el acceso ilegal y no tiene impacto funcional.
	java.lang.IllegalStateException: Acceso ilegal: esta instancia de aplicación web ya ha sido parada.  Could not load [].  La eventual traza de pila que sigue ha sido motivada por un error lanzado con motivos de depuración así como para intentar terminar el hilo que motivó el acceso ilegal y no tiene impacto funcional.
		at org.apache.catalina.loader.WebappClassLoaderBase.checkStateForResourceLoading(WebappClassLoaderBase.java:1328)
		at org.apache.catalina.loader.WebappClassLoaderBase.getResource(WebappClassLoaderBase.java:960)
		at com.mysql.cj.jdbc.AbandonedConnectionCleanupThread.checkThreadContextClassLoader(AbandonedConnectionCleanupThread.java:116)
		at com.mysql.cj.jdbc.AbandonedConnectionCleanupThread.run(AbandonedConnectionCleanupThread.java:83)
		at java.base/java.util.concurrent.ThreadPoolExecutor.runWorker(ThreadPoolExecutor.java:1144)
		at java.base/java.util.concurrent.ThreadPoolExecutor$Worker.run(ThreadPoolExecutor.java:642)
		at java.base/java.lang.Thread.run(Thread.java:1570)
29-Oct-2024 21:15:36.840 INFO [http-nio-8080-exec-22] org.apache.jasper.servlet.TldScanner.scanJars Al menos un JAR, que se ha explorado buscando TLDs, aún no contenía TLDs. Activar historial de depuración para este historiador para una completa lista de los JARs que fueron explorados y de los que nos se halló TLDs. Saltarse JARs no necesarios durante la exploración puede dar lugar a una mejora de tiempo significativa en el arranque y compilación de JSP .
29-Oct-2024 21:15:36.947 INFO [mysql-cj-abandoned-connection-cleanup] org.apache.catalina.loader.WebappClassLoaderBase.checkStateForResourceLoading Acceso ilegal: esta instancia de aplicación web ya ha sido parada.  Could not load [].  La eventual traza de pila que sigue ha sido motivada por un error lanzado con motivos de depuración así como para intentar terminar el hilo que motivó el acceso ilegal y no tiene impacto funcional.
	java.lang.IllegalStateException: Acceso ilegal: esta instancia de aplicación web ya ha sido parada.  Could not load [].  La eventual traza de pila que sigue ha sido motivada por un error lanzado con motivos de depuración así como para intentar terminar el hilo que motivó el acceso ilegal y no tiene impacto funcional.
		at org.apache.catalina.loader.WebappClassLoaderBase.checkStateForResourceLoading(WebappClassLoaderBase.java:1328)
		at org.apache.catalina.loader.WebappClassLoaderBase.getResource(WebappClassLoaderBase.java:960)
		at com.mysql.cj.jdbc.AbandonedConnectionCleanupThread.checkThreadContextClassLoader(AbandonedConnectionCleanupThread.java:116)
		at com.mysql.cj.jdbc.AbandonedConnectionCleanupThread.run(AbandonedConnectionCleanupThread.java:83)
		at java.base/java.util.concurrent.ThreadPoolExecutor.runWorker(ThreadPoolExecutor.java:1144)
		at java.base/java.util.concurrent.ThreadPoolExecutor$Worker.run(ThreadPoolExecutor.java:642)
		at java.base/java.lang.Thread.run(Thread.java:1570)
29-Oct-2024 21:15:36.947 INFO [mysql-cj-abandoned-connection-cleanup] org.apache.catalina.loader.WebappClassLoaderBase.checkStateForResourceLoading Acceso ilegal: esta instancia de aplicación web ya ha sido parada.  Could not load [].  La eventual traza de pila que sigue ha sido motivada por un error lanzado con motivos de depuración así como para intentar terminar el hilo que motivó el acceso ilegal y no tiene impacto funcional.
	java.lang.IllegalStateException: Acceso ilegal: esta instancia de aplicación web ya ha sido parada.  Could not load [].  La eventual traza de pila que sigue ha sido motivada por un error lanzado con motivos de depuración así como para intentar terminar el hilo que motivó el acceso ilegal y no tiene impacto funcional.
		at org.apache.catalina.loader.WebappClassLoaderBase.checkStateForResourceLoading(WebappClassLoaderBase.java:1328)
		at org.apache.catalina.loader.WebappClassLoaderBase.getResource(WebappClassLoaderBase.java:960)
		at com.mysql.cj.jdbc.AbandonedConnectionCleanupThread.checkThreadContextClassLoader(AbandonedConnectionCleanupThread.java:116)
		at com.mysql.cj.jdbc.AbandonedConnectionCleanupThread.run(AbandonedConnectionCleanupThread.java:83)
		at java.base/java.util.concurrent.ThreadPoolExecutor.runWorker(ThreadPoolExecutor.java:1144)
		at java.base/java.util.concurrent.ThreadPoolExecutor$Worker.run(ThreadPoolExecutor.java:642)
		at java.base/java.lang.Thread.run(Thread.java:1570)
29-Oct-2024 21:15:36.947 INFO [mysql-cj-abandoned-connection-cleanup] org.apache.catalina.loader.WebappClassLoaderBase.checkStateForResourceLoading Acceso ilegal: esta instancia de aplicación web ya ha sido parada.  Could not load [].  La eventual traza de pila que sigue ha sido motivada por un error lanzado con motivos de depuración así como para intentar terminar el hilo que motivó el acceso ilegal y no tiene impacto funcional.
	java.lang.IllegalStateException: Acceso ilegal: esta instancia de aplicación web ya ha sido parada.  Could not load [].  La eventual traza de pila que sigue ha sido motivada por un error lanzado con motivos de depuración así como para intentar terminar el hilo que motivó el acceso ilegal y no tiene impacto funcional.
		at org.apache.catalina.loader.WebappClassLoaderBase.checkStateForResourceLoading(WebappClassLoaderBase.java:1328)
		at org.apache.catalina.loader.WebappClassLoaderBase.getResource(WebappClassLoaderBase.java:960)
		at com.mysql.cj.jdbc.AbandonedConnectionCleanupThread.checkThreadContextClassLoader(AbandonedConnectionCleanupThread.java:116)
		at com.mysql.cj.jdbc.AbandonedConnectionCleanupThread.run(AbandonedConnectionCleanupThread.java:83)
		at java.base/java.util.concurrent.ThreadPoolExecutor.runWorker(ThreadPoolExecutor.java:1144)
		at java.base/java.util.concurrent.ThreadPoolExecutor$Worker.run(ThreadPoolExecutor.java:642)
		at java.base/java.lang.Thread.run(Thread.java:1570)
29-Oct-2024 21:15:36.950 INFO [http-nio-8080-exec-22] org.apache.catalina.core.StandardContext.reload Se ha completado la recarga de este Contexto
29-Oct-2024 21:15:37.002 INFO [mysql-cj-abandoned-connection-cleanup] org.apache.catalina.loader.WebappClassLoaderBase.checkStateForResourceLoading Acceso ilegal: esta instancia de aplicación web ya ha sido parada.  Could not load [].  La eventual traza de pila que sigue ha sido motivada por un error lanzado con motivos de depuración así como para intentar terminar el hilo que motivó el acceso ilegal y no tiene impacto funcional.
	java.lang.IllegalStateException: Acceso ilegal: esta instancia de aplicación web ya ha sido parada.  Could not load [].  La eventual traza de pila que sigue ha sido motivada por un error lanzado con motivos de depuración así como para intentar terminar el hilo que motivó el acceso ilegal y no tiene impacto funcional.
		at org.apache.catalina.loader.WebappClassLoaderBase.checkStateForResourceLoading(WebappClassLoaderBase.java:1328)
		at org.apache.catalina.loader.WebappClassLoaderBase.getResource(WebappClassLoaderBase.java:960)
		at com.mysql.cj.jdbc.AbandonedConnectionCleanupThread.checkThreadContextClassLoader(AbandonedConnectionCleanupThread.java:116)
		at com.mysql.cj.jdbc.AbandonedConnectionCleanupThread.run(AbandonedConnectionCleanupThread.java:83)
		at java.base/java.util.concurrent.ThreadPoolExecutor.runWorker(ThreadPoolExecutor.java:1144)
		at java.base/java.util.concurrent.ThreadPoolExecutor$Worker.run(ThreadPoolExecutor.java:642)
		at java.base/java.lang.Thread.run(Thread.java:1570)
29-Oct-2024 21:15:37.002 INFO [mysql-cj-abandoned-connection-cleanup] org.apache.catalina.loader.WebappClassLoaderBase.checkStateForResourceLoading Acceso ilegal: esta instancia de aplicación web ya ha sido parada.  Could not load [].  La eventual traza de pila que sigue ha sido motivada por un error lanzado con motivos de depuración así como para intentar terminar el hilo que motivó el acceso ilegal y no tiene impacto funcional.
	java.lang.IllegalStateException: Acceso ilegal: esta instancia de aplicación web ya ha sido parada.  Could not load [].  La eventual traza de pila que sigue ha sido motivada por un error lanzado con motivos de depuración así como para intentar terminar el hilo que motivó el acceso ilegal y no tiene impacto funcional.
		at org.apache.catalina.loader.WebappClassLoaderBase.checkStateForResourceLoading(WebappClassLoaderBase.java:1328)
		at org.apache.catalina.loader.WebappClassLoaderBase.getResource(WebappClassLoaderBase.java:960)
		at com.mysql.cj.jdbc.AbandonedConnectionCleanupThread.checkThreadContextClassLoader(AbandonedConnectionCleanupThread.java:116)
		at com.mysql.cj.jdbc.AbandonedConnectionCleanupThread.run(AbandonedConnectionCleanupThread.java:83)
		at java.base/java.util.concurrent.ThreadPoolExecutor.runWorker(ThreadPoolExecutor.java:1144)
		at java.base/java.util.concurrent.ThreadPoolExecutor$Worker.run(ThreadPoolExecutor.java:642)
		at java.base/java.lang.Thread.run(Thread.java:1570)
29-Oct-2024 21:15:37.002 INFO [mysql-cj-abandoned-connection-cleanup] org.apache.catalina.loader.WebappClassLoaderBase.checkStateForResourceLoading Acceso ilegal: esta instancia de aplicación web ya ha sido parada.  Could not load [].  La eventual traza de pila que sigue ha sido motivada por un error lanzado con motivos de depuración así como para intentar terminar el hilo que motivó el acceso ilegal y no tiene impacto funcional.
	java.lang.IllegalStateException: Acceso ilegal: esta instancia de aplicación web ya ha sido parada.  Could not load [].  La eventual traza de pila que sigue ha sido motivada por un error lanzado con motivos de depuración así como para intentar terminar el hilo que motivó el acceso ilegal y no tiene impacto funcional.
		at org.apache.catalina.loader.WebappClassLoaderBase.checkStateForResourceLoading(WebappClassLoaderBase.java:1328)
		at org.apache.catalina.loader.WebappClassLoaderBase.getResource(WebappClassLoaderBase.java:960)
		at com.mysql.cj.jdbc.AbandonedConnectionCleanupThread.checkThreadContextClassLoader(AbandonedConnectionCleanupThread.java:116)
		at com.mysql.cj.jdbc.AbandonedConnectionCleanupThread.run(AbandonedConnectionCleanupThread.java:83)
		at java.base/java.util.concurrent.ThreadPoolExecutor.runWorker(ThreadPoolExecutor.java:1144)
		at java.base/java.util.concurrent.ThreadPoolExecutor$Worker.run(ThreadPoolExecutor.java:642)
		at java.base/java.lang.Thread.run(Thread.java:1570)
29-Oct-2024 21:15:37.326 INFO [http-nio-8080-exec-19] org.apache.catalina.core.StandardContext.reload Ha comenzado la recarga de Contexto [/proyecto_web_CRUD]
29-Oct-2024 21:15:37.662 INFO [http-nio-8080-exec-19] org.apache.jasper.servlet.TldScanner.scanJars Al menos un JAR, que se ha explorado buscando TLDs, aún no contenía TLDs. Activar historial de depuración para este historiador para una completa lista de los JARs que fueron explorados y de los que nos se halló TLDs. Saltarse JARs no necesarios durante la exploración puede dar lugar a una mejora de tiempo significativa en el arranque y compilación de JSP .
29-Oct-2024 21:15:37.665 INFO [http-nio-8080-exec-19] org.apache.catalina.core.StandardContext.reload Se ha completado la recarga de este Contexto
29-Oct-2024 21:17:48.457 INFO [http-nio-8080-exec-19] org.apache.catalina.core.StandardContext.reload Ha comenzado la recarga de Contexto [/proyecto_web_CRUD]
29-Oct-2024 21:17:48.790 INFO [http-nio-8080-exec-19] org.apache.jasper.servlet.TldScanner.scanJars Al menos un JAR, que se ha explorado buscando TLDs, aún no contenía TLDs. Activar historial de depuración para este historiador para una completa lista de los JARs que fueron explorados y de los que nos se halló TLDs. Saltarse JARs no necesarios durante la exploración puede dar lugar a una mejora de tiempo significativa en el arranque y compilación de JSP .
29-Oct-2024 21:17:48.793 INFO [http-nio-8080-exec-19] org.apache.catalina.core.StandardContext.reload Se ha completado la recarga de este Contexto
29-Oct-2024 21:17:49.121 INFO [http-nio-8080-exec-25] org.apache.catalina.core.StandardContext.reload Ha comenzado la recarga de Contexto [/proyecto_web_CRUD]
29-Oct-2024 21:17:49.450 INFO [http-nio-8080-exec-25] org.apache.jasper.servlet.TldScanner.scanJars Al menos un JAR, que se ha explorado buscando TLDs, aún no contenía TLDs. Activar historial de depuración para este historiador para una completa lista de los JARs que fueron explorados y de los que nos se halló TLDs. Saltarse JARs no necesarios durante la exploración puede dar lugar a una mejora de tiempo significativa en el arranque y compilación de JSP .
29-Oct-2024 21:17:49.452 INFO [http-nio-8080-exec-25] org.apache.catalina.core.StandardContext.reload Se ha completado la recarga de este Contexto
29-Oct-2024 21:17:52.021 INFO [http-nio-8080-exec-27] org.apache.catalina.core.StandardContext.reload Ha comenzado la recarga de Contexto [/proyecto_web_CRUD]
29-Oct-2024 21:17:52.357 INFO [http-nio-8080-exec-27] org.apache.jasper.servlet.TldScanner.scanJars Al menos un JAR, que se ha explorado buscando TLDs, aún no contenía TLDs. Activar historial de depuración para este historiador para una completa lista de los JARs que fueron explorados y de los que nos se halló TLDs. Saltarse JARs no necesarios durante la exploración puede dar lugar a una mejora de tiempo significativa en el arranque y compilación de JSP .
29-Oct-2024 21:17:52.360 INFO [http-nio-8080-exec-27] org.apache.catalina.core.StandardContext.reload Se ha completado la recarga de este Contexto
29-Oct-2024 21:17:52.681 INFO [http-nio-8080-exec-30] org.apache.catalina.core.StandardContext.reload Ha comenzado la recarga de Contexto [/proyecto_web_CRUD]
29-Oct-2024 21:17:53.015 INFO [http-nio-8080-exec-30] org.apache.jasper.servlet.TldScanner.scanJars Al menos un JAR, que se ha explorado buscando TLDs, aún no contenía TLDs. Activar historial de depuración para este historiador para una completa lista de los JARs que fueron explorados y de los que nos se halló TLDs. Saltarse JARs no necesarios durante la exploración puede dar lugar a una mejora de tiempo significativa en el arranque y compilación de JSP .
29-Oct-2024 21:17:53.018 INFO [http-nio-8080-exec-30] org.apache.catalina.core.StandardContext.reload Se ha completado la recarga de este Contexto
29-Oct-2024 21:17:53.761 INFO [http-nio-8080-exec-19] org.apache.catalina.core.StandardContext.reload Ha comenzado la recarga de Contexto [/proyecto_web_CRUD]
29-Oct-2024 21:17:54.093 INFO [http-nio-8080-exec-19] org.apache.jasper.servlet.TldScanner.scanJars Al menos un JAR, que se ha explorado buscando TLDs, aún no contenía TLDs. Activar historial de depuración para este historiador para una completa lista de los JARs que fueron explorados y de los que nos se halló TLDs. Saltarse JARs no necesarios durante la exploración puede dar lugar a una mejora de tiempo significativa en el arranque y compilación de JSP .
29-Oct-2024 21:17:54.095 INFO [http-nio-8080-exec-19] org.apache.catalina.core.StandardContext.reload Se ha completado la recarga de este Contexto
29-Oct-2024 21:17:54.417 INFO [http-nio-8080-exec-28] org.apache.catalina.core.StandardContext.reload Ha comenzado la recarga de Contexto [/proyecto_web_CRUD]
29-Oct-2024 21:17:54.771 INFO [http-nio-8080-exec-28] org.apache.jasper.servlet.TldScanner.scanJars Al menos un JAR, que se ha explorado buscando TLDs, aún no contenía TLDs. Activar historial de depuración para este historiador para una completa lista de los JARs que fueron explorados y de los que nos se halló TLDs. Saltarse JARs no necesarios durante la exploración puede dar lugar a una mejora de tiempo significativa en el arranque y compilación de JSP .
29-Oct-2024 21:17:54.774 INFO [http-nio-8080-exec-28] org.apache.catalina.core.StandardContext.reload Se ha completado la recarga de este Contexto
29-Oct-2024 21:19:00.649 INFO [http-nio-8080-exec-29] org.apache.catalina.startup.HostConfig.undeploy Repliegue (undeploy) de la aplicación web que tiene como trayectoria de contexto [/pr_javaweb]
29-Oct-2024 21:19:00.661 INFO [http-nio-8080-exec-17] org.apache.catalina.startup.HostConfig.deployDescriptor Desplieque del descriptor de configuración [C:\Users\ghost\Documents\NetBeansProjects\proyecto_web_CRUD\apache-tomcat-9.0.96\conf\Catalina\localhost\pr_javaweb.xml]
29-Oct-2024 21:19:00.662 WARNING [http-nio-8080-exec-17] org.apache.catalina.startup.HostConfig.deployDescriptor The path attribute with value [/pr_javaweb] in deployment descriptor [C:\Users\ghost\Documents\NetBeansProjects\proyecto_web_CRUD\apache-tomcat-9.0.96\conf\Catalina\localhost\pr_javaweb.xml] has been ignored
29-Oct-2024 21:19:00.676 WARNING [http-nio-8080-exec-17] org.apache.tomcat.util.descriptor.web.WebXml.setVersion Unknown version string [6.0]. Default version will be used.
29-Oct-2024 21:19:00.949 INFO [http-nio-8080-exec-17] org.apache.jasper.servlet.TldScanner.scanJars Al menos un JAR, que se ha explorado buscando TLDs, aún no contenía TLDs. Activar historial de depuración para este historiador para una completa lista de los JARs que fueron explorados y de los que nos se halló TLDs. Saltarse JARs no necesarios durante la exploración puede dar lugar a una mejora de tiempo significativa en el arranque y compilación de JSP .
29-Oct-2024 21:19:00.952 INFO [http-nio-8080-exec-17] org.apache.catalina.startup.HostConfig.deployDescriptor Deployment of deployment descriptor [C:\Users\ghost\Documents\NetBeansProjects\proyecto_web_CRUD\apache-tomcat-9.0.96\conf\Catalina\localhost\pr_javaweb.xml] has finished in [291] ms
29-Oct-2024 21:19:00.954 INFO [http-nio-8080-exec-33] org.apache.catalina.util.LifecycleBase.start The start() method was called on component [StandardEngine[Catalina].StandardHost[localhost].StandardContext[/pr_javaweb]] after start() had already been called. The second call will be ignored.
29-Oct-2024 21:19:43.233 INFO [http-nio-8080-exec-17] org.apache.jasper.servlet.TldScanner.scanJars Al menos un JAR, que se ha explorado buscando TLDs, aún no contenía TLDs. Activar historial de depuración para este historiador para una completa lista de los JARs que fueron explorados y de los que nos se halló TLDs. Saltarse JARs no necesarios durante la exploración puede dar lugar a una mejora de tiempo significativa en el arranque y compilación de JSP .
29-Oct-2024 21:25:07.897 INFO [http-nio-8080-exec-45] org.apache.catalina.core.StandardContext.reload Ha comenzado la recarga de Contexto [/proyecto_web_CRUD]
29-Oct-2024 21:25:07.898 WARNING [http-nio-8080-exec-45] org.apache.catalina.loader.WebappClassLoaderBase.clearReferencesJdbc La aplicación web [proyecto_web_CRUD] registró el conductor JDBC [com.mysql.cj.jdbc.Driver] pero falló al anular el registro mientras la aplicación web estaba parada. Para prevenir un fallo de memoria, se ha anulado el registro del conductor JDBC por la fuerza.
29-Oct-2024 21:25:07.899 WARNING [http-nio-8080-exec-45] org.apache.catalina.loader.WebappClassLoaderBase.clearReferencesThreads The web application [proyecto_web_CRUD] appears to have started a thread named [mysql-cj-abandoned-connection-cleanup] but has failed to stop it. This is very likely to create a memory leak. Stack trace of thread:
 java.base/jdk.internal.misc.Unsafe.park(Native Method)
 java.base/java.util.concurrent.locks.LockSupport.parkNanos(LockSupport.java:269)
 java.base/java.util.concurrent.locks.AbstractQueuedSynchronizer$ConditionObject.await(AbstractQueuedSynchronizer.java:1847)
 java.base/java.lang.ref.ReferenceQueue.await(ReferenceQueue.java:71)
 java.base/java.lang.ref.ReferenceQueue.remove0(ReferenceQueue.java:143)
 java.base/java.lang.ref.ReferenceQueue.remove(ReferenceQueue.java:218)
 com.mysql.cj.jdbc.AbandonedConnectionCleanupThread.run(AbandonedConnectionCleanupThread.java:84)
 java.base/java.util.concurrent.ThreadPoolExecutor.runWorker(ThreadPoolExecutor.java:1144)
 java.base/java.util.concurrent.ThreadPoolExecutor$Worker.run(ThreadPoolExecutor.java:642)
 java.base/java.lang.Thread.run(Thread.java:1570)
29-Oct-2024 21:25:08.229 INFO [http-nio-8080-exec-45] org.apache.jasper.servlet.TldScanner.scanJars Al menos un JAR, que se ha explorado buscando TLDs, aún no contenía TLDs. Activar historial de depuración para este historiador para una completa lista de los JARs que fueron explorados y de los que nos se halló TLDs. Saltarse JARs no necesarios durante la exploración puede dar lugar a una mejora de tiempo significativa en el arranque y compilación de JSP .
29-Oct-2024 21:25:08.232 INFO [http-nio-8080-exec-45] org.apache.catalina.core.StandardContext.reload Se ha completado la recarga de este Contexto
29-Oct-2024 21:25:09.536 INFO [mysql-cj-abandoned-connection-cleanup] org.apache.catalina.loader.WebappClassLoaderBase.checkStateForResourceLoading Acceso ilegal: esta instancia de aplicación web ya ha sido parada.  Could not load [].  La eventual traza de pila que sigue ha sido motivada por un error lanzado con motivos de depuración así como para intentar terminar el hilo que motivó el acceso ilegal y no tiene impacto funcional.
	java.lang.IllegalStateException: Acceso ilegal: esta instancia de aplicación web ya ha sido parada.  Could not load [].  La eventual traza de pila que sigue ha sido motivada por un error lanzado con motivos de depuración así como para intentar terminar el hilo que motivó el acceso ilegal y no tiene impacto funcional.
		at org.apache.catalina.loader.WebappClassLoaderBase.checkStateForResourceLoading(WebappClassLoaderBase.java:1328)
		at org.apache.catalina.loader.WebappClassLoaderBase.getResource(WebappClassLoaderBase.java:960)
		at com.mysql.cj.jdbc.AbandonedConnectionCleanupThread.checkThreadContextClassLoader(AbandonedConnectionCleanupThread.java:116)
		at com.mysql.cj.jdbc.AbandonedConnectionCleanupThread.run(AbandonedConnectionCleanupThread.java:83)
		at java.base/java.util.concurrent.ThreadPoolExecutor.runWorker(ThreadPoolExecutor.java:1144)
		at java.base/java.util.concurrent.ThreadPoolExecutor$Worker.run(ThreadPoolExecutor.java:642)
		at java.base/java.lang.Thread.run(Thread.java:1570)
29-Oct-2024 21:25:15.845 INFO [http-nio-8080-exec-40] org.apache.catalina.core.StandardContext.reload Ha comenzado la recarga de Contexto [/proyecto_web_CRUD]
29-Oct-2024 21:25:16.194 INFO [http-nio-8080-exec-40] org.apache.jasper.servlet.TldScanner.scanJars Al menos un JAR, que se ha explorado buscando TLDs, aún no contenía TLDs. Activar historial de depuración para este historiador para una completa lista de los JARs que fueron explorados y de los que nos se halló TLDs. Saltarse JARs no necesarios durante la exploración puede dar lugar a una mejora de tiempo significativa en el arranque y compilación de JSP .
29-Oct-2024 21:25:16.196 INFO [http-nio-8080-exec-40] org.apache.catalina.core.StandardContext.reload Se ha completado la recarga de este Contexto
29-Oct-2024 21:33:34.576 INFO [main] org.apache.catalina.core.StandardServer.await Se ha recibido un comando de apagado a través del puerto de apagado. Parando la instancia del Servidor.
29-Oct-2024 21:33:34.576 INFO [main] org.apache.coyote.AbstractProtocol.pause Pausing ProtocolHandler ["http-nio-8080"]
29-Oct-2024 21:33:34.578 INFO [main] org.apache.catalina.core.StandardService.stopInternal Parando servicio [Catalina]
29-Oct-2024 21:33:34.591 WARNING [main] org.apache.catalina.loader.WebappClassLoaderBase.clearReferencesThreads The web application [Clientes] appears to have started a thread named [mysql-cj-abandoned-connection-cleanup] but has failed to stop it. This is very likely to create a memory leak. Stack trace of thread:
 com.mysql.cj.jdbc.AbandonedConnectionCleanupThread.checkThreadContextClassLoader(AbandonedConnectionCleanupThread.java:116)
 com.mysql.cj.jdbc.AbandonedConnectionCleanupThread.run(AbandonedConnectionCleanupThread.java:83)
 java.base/java.util.concurrent.ThreadPoolExecutor.runWorker(ThreadPoolExecutor.java:1144)
 java.base/java.util.concurrent.ThreadPoolExecutor$Worker.run(ThreadPoolExecutor.java:642)
 java.base/java.lang.Thread.run(Thread.java:1570)
29-Oct-2024 21:33:34.600 WARNING [main] org.apache.catalina.loader.WebappClassLoaderBase.clearReferencesThreads The web application [pr_javaweb] appears to have started a thread named [mysql-cj-abandoned-connection-cleanup] but has failed to stop it. This is very likely to create a memory leak. Stack trace of thread:
 java.base/java.util.concurrent.ThreadPoolExecutor.runWorker(ThreadPoolExecutor.java:1142)
 java.base/java.util.concurrent.ThreadPoolExecutor$Worker.run(ThreadPoolExecutor.java:642)
 java.base/java.lang.Thread.run(Thread.java:1570)
29-Oct-2024 21:33:34.602 WARNING [main] org.apache.catalina.loader.WebappClassLoaderBase.clearReferencesJdbc La aplicación web [proyecto_web_CRUD] registró el conductor JDBC [com.mysql.cj.jdbc.Driver] pero falló al anular el registro mientras la aplicación web estaba parada. Para prevenir un fallo de memoria, se ha anulado el registro del conductor JDBC por la fuerza.
29-Oct-2024 21:33:34.602 WARNING [main] org.apache.catalina.loader.WebappClassLoaderBase.clearReferencesThreads The web application [proyecto_web_CRUD] appears to have started a thread named [mysql-cj-abandoned-connection-cleanup] but has failed to stop it. This is very likely to create a memory leak. Stack trace of thread:
 java.base/jdk.internal.misc.Unsafe.park(Native Method)
 java.base/java.util.concurrent.locks.LockSupport.parkNanos(LockSupport.java:269)
 java.base/java.util.concurrent.locks.AbstractQueuedSynchronizer$ConditionObject.await(AbstractQueuedSynchronizer.java:1847)
 java.base/java.lang.ref.ReferenceQueue.await(ReferenceQueue.java:71)
 java.base/java.lang.ref.ReferenceQueue.remove0(ReferenceQueue.java:143)
 java.base/java.lang.ref.ReferenceQueue.remove(ReferenceQueue.java:218)
 com.mysql.cj.jdbc.AbandonedConnectionCleanupThread.run(AbandonedConnectionCleanupThread.java:84)
 java.base/java.util.concurrent.ThreadPoolExecutor.runWorker(ThreadPoolExecutor.java:1144)
 java.base/java.util.concurrent.ThreadPoolExecutor$Worker.run(ThreadPoolExecutor.java:642)
 java.base/java.lang.Thread.run(Thread.java:1570)
29-Oct-2024 21:33:34.604 INFO [main] org.apache.coyote.AbstractProtocol.stop Stopping ProtocolHandler ["http-nio-8080"]
29-Oct-2024 21:33:34.617 INFO [main] org.apache.coyote.AbstractProtocol.destroy Destroying ProtocolHandler ["http-nio-8080"]
29-Oct-2024 21:33:53.096 INFO [main] org.apache.catalina.startup.VersionLoggerListener.log Nombre de la versión del servidor: Apache Tomcat/9.0.96
29-Oct-2024 21:33:53.099 INFO [main] org.apache.catalina.startup.VersionLoggerListener.log Server built:                      Oct 3 2024 19:44:30 UTC
29-Oct-2024 21:33:53.099 INFO [main] org.apache.catalina.startup.VersionLoggerListener.log Número de versión de servidor:     9.0.96.0
29-Oct-2024 21:33:53.099 INFO [main] org.apache.catalina.startup.VersionLoggerListener.log OS Name:                           Windows 11
29-Oct-2024 21:33:53.099 INFO [main] org.apache.catalina.startup.VersionLoggerListener.log Versión de Systema Operativo:      10.0
29-Oct-2024 21:33:53.099 INFO [main] org.apache.catalina.startup.VersionLoggerListener.log Arquitectura:                      amd64
29-Oct-2024 21:33:53.099 INFO [main] org.apache.catalina.startup.VersionLoggerListener.log Java Home:                         C:\Program Files\Java\jdk-22
29-Oct-2024 21:33:53.099 INFO [main] org.apache.catalina.startup.VersionLoggerListener.log JVM Version:                       22.0.2+9-70
29-Oct-2024 21:33:53.100 INFO [main] org.apache.catalina.startup.VersionLoggerListener.log Vededor JVM:                       Oracle Corporation
29-Oct-2024 21:33:53.100 INFO [main] org.apache.catalina.startup.VersionLoggerListener.log CATALINA_BASE:                     C:\Users\ghost\Documents\NetBeansProjects\proyecto_web_CRUD\apache-tomcat-9.0.96
29-Oct-2024 21:33:53.100 INFO [main] org.apache.catalina.startup.VersionLoggerListener.log CATALINA_HOME:                     C:\Users\ghost\Documents\NetBeansProjects\proyecto_web_CRUD\apache-tomcat-9.0.96
29-Oct-2024 21:33:53.107 INFO [main] org.apache.catalina.startup.VersionLoggerListener.log Command line argument:             --add-opens=java.base/java.lang=ALL-UNNAMED
29-Oct-2024 21:33:53.107 INFO [main] org.apache.catalina.startup.VersionLoggerListener.log Command line argument:             --add-opens=java.base/java.io=ALL-UNNAMED
29-Oct-2024 21:33:53.107 INFO [main] org.apache.catalina.startup.VersionLoggerListener.log Command line argument:             --add-opens=java.base/java.util=ALL-UNNAMED
29-Oct-2024 21:33:53.107 INFO [main] org.apache.catalina.startup.VersionLoggerListener.log Command line argument:             --add-opens=java.base/java.util.concurrent=ALL-UNNAMED
29-Oct-2024 21:33:53.107 INFO [main] org.apache.catalina.startup.VersionLoggerListener.log Command line argument:             --add-opens=java.rmi/sun.rmi.transport=ALL-UNNAMED
29-Oct-2024 21:33:53.107 INFO [main] org.apache.catalina.startup.VersionLoggerListener.log Command line argument:             -Djava.util.logging.config.file=C:\Users\ghost\Documents\NetBeansProjects\proyecto_web_CRUD\apache-tomcat-9.0.96\conf\logging.properties
29-Oct-2024 21:33:53.107 INFO [main] org.apache.catalina.startup.VersionLoggerListener.log Command line argument:             -Djava.util.logging.manager=org.apache.juli.ClassLoaderLogManager
29-Oct-2024 21:33:53.107 INFO [main] org.apache.catalina.startup.VersionLoggerListener.log Command line argument:             -Djdk.tls.ephemeralDHKeySize=2048
29-Oct-2024 21:33:53.107 INFO [main] org.apache.catalina.startup.VersionLoggerListener.log Command line argument:             -Djava.protocol.handler.pkgs=org.apache.catalina.webresources
29-Oct-2024 21:33:53.107 INFO [main] org.apache.catalina.startup.VersionLoggerListener.log Command line argument:             -Dignore.endorsed.dirs=
29-Oct-2024 21:33:53.107 INFO [main] org.apache.catalina.startup.VersionLoggerListener.log Command line argument:             -Dcatalina.base=C:\Users\ghost\Documents\NetBeansProjects\proyecto_web_CRUD\apache-tomcat-9.0.96
29-Oct-2024 21:33:53.107 INFO [main] org.apache.catalina.startup.VersionLoggerListener.log Command line argument:             -Dcatalina.home=C:\Users\ghost\Documents\NetBeansProjects\proyecto_web_CRUD\apache-tomcat-9.0.96
29-Oct-2024 21:33:53.107 INFO [main] org.apache.catalina.startup.VersionLoggerListener.log Command line argument:             -Djava.io.tmpdir=C:\Users\ghost\Documents\NetBeansProjects\proyecto_web_CRUD\apache-tomcat-9.0.96\temp
29-Oct-2024 21:33:53.158 INFO [main] org.apache.catalina.core.AprLifecycleListener.lifecycleEvent La biblioteca nativa de Apache Tomcat basada en ARP que permite un rendimiento óptimo en entornos de desarrollo no ha sido hallada en java.library.path: [C:\Program Files\Java\jdk-22\bin;C:\WINDOWS\Sun\Java\bin;C:\WINDOWS\system32;C:\WINDOWS;C:\ProgramData\Oracle\Java\javapath;C:\Program Files\Common Files\Oracle\Java\javapath;C:\Program Files (x86)\Common Files\Oracle\Java\java8path;C:\Program Files (x86)\Common Files\Oracle\Java\javapath;C:\WINDOWS\system32;C:\WINDOWS;C:\WINDOWS\System32\Wbem;C:\WINDOWS\System32\WindowsPowerShell\v1.0\;C:\WINDOWS\System32\OpenSSH\;C:\Program Files\Microsoft SQL Server\Client SDK\ODBC\170\Tools\Binn\;C:\Program Files (x86)\Microsoft SQL Server\160\Tools\Binn\;C:\Program Files\Microsoft SQL Server\160\Tools\Binn\;C:\Program Files\Microsoft SQL Server\160\DTS\Binn\;C:\Program Files\Microsoft SQL Server\150\Tools\Binn\;C:\Program Files\Git\cmd;C:\Program Files\dotnet\;C:\Program Files (x86)\Microsoft SQL Server\160\DTS\Binn\;C:\Users\ghost\AppData\Local\Microsoft\WindowsApps;C:\Program Files\Azure Data Studio\bin;C:\Users\ghost\AppData\Local\GitHubDesktop\bin;C:\Users\ghost\.dotnet\tools;C:\Users\ghost\AppData\Local\Programs\Microsoft VS Code\bin;.]
29-Oct-2024 21:33:53.485 INFO [main] org.apache.coyote.AbstractProtocol.init Inicializando el manejador de protocolo ["http-nio-8080"]

29-Oct-2024 21:33:53.510 INFO [main] org.apache.catalina.startup.Catalina.load Server initialization in [604] milliseconds
29-Oct-2024 21:33:53.561 INFO [main] org.apache.catalina.core.StandardService.startInternal Arrancando servicio [Catalina]
29-Oct-2024 21:33:53.561 INFO [main] org.apache.catalina.core.StandardEngine.startInternal Starting Servlet engine: [Apache Tomcat/9.0.96]
29-Oct-2024 21:33:53.571 INFO [main] org.apache.catalina.startup.HostConfig.deployDescriptor Desplieque del descriptor de configuración [C:\Users\ghost\Documents\NetBeansProjects\proyecto_web_CRUD\apache-tomcat-9.0.96\conf\Catalina\localhost\Clientes.xml]
29-Oct-2024 21:33:53.585 WARNING [main] org.apache.catalina.startup.HostConfig.deployDescriptor The path attribute with value [/Clientes] in deployment descriptor [C:\Users\ghost\Documents\NetBeansProjects\proyecto_web_CRUD\apache-tomcat-9.0.96\conf\Catalina\localhost\Clientes.xml] has been ignored
29-Oct-2024 21:33:54.118 INFO [main] org.apache.jasper.servlet.TldScanner.scanJars Al menos un JAR, que se ha explorado buscando TLDs, aún no contenía TLDs. Activar historial de depuración para este historiador para una completa lista de los JARs que fueron explorados y de los que nos se halló TLDs. Saltarse JARs no necesarios durante la exploración puede dar lugar a una mejora de tiempo significativa en el arranque y compilación de JSP .
29-Oct-2024 21:33:54.160 INFO [main] org.apache.catalina.startup.HostConfig.deployDescriptor Deployment of deployment descriptor [C:\Users\ghost\Documents\NetBeansProjects\proyecto_web_CRUD\apache-tomcat-9.0.96\conf\Catalina\localhost\Clientes.xml] has finished in [586] ms
29-Oct-2024 21:33:54.160 INFO [main] org.apache.catalina.startup.HostConfig.deployDescriptor Desplieque del descriptor de configuración [C:\Users\ghost\Documents\NetBeansProjects\proyecto_web_CRUD\apache-tomcat-9.0.96\conf\Catalina\localhost\proyecto_web_CRUD.xml]
29-Oct-2024 21:33:54.161 WARNING [main] org.apache.catalina.startup.HostConfig.deployDescriptor The path attribute with value [/proyecto_web_CRUD] in deployment descriptor [C:\Users\ghost\Documents\NetBeansProjects\proyecto_web_CRUD\apache-tomcat-9.0.96\conf\Catalina\localhost\proyecto_web_CRUD.xml] has been ignored
29-Oct-2024 21:33:54.551 INFO [main] org.apache.jasper.servlet.TldScanner.scanJars Al menos un JAR, que se ha explorado buscando TLDs, aún no contenía TLDs. Activar historial de depuración para este historiador para una completa lista de los JARs que fueron explorados y de los que nos se halló TLDs. Saltarse JARs no necesarios durante la exploración puede dar lugar a una mejora de tiempo significativa en el arranque y compilación de JSP .
29-Oct-2024 21:33:54.561 INFO [main] org.apache.catalina.startup.HostConfig.deployDescriptor Deployment of deployment descriptor [C:\Users\ghost\Documents\NetBeansProjects\proyecto_web_CRUD\apache-tomcat-9.0.96\conf\Catalina\localhost\proyecto_web_CRUD.xml] has finished in [401] ms
29-Oct-2024 21:33:54.561 INFO [main] org.apache.catalina.startup.HostConfig.deployDescriptor Desplieque del descriptor de configuración [C:\Users\ghost\Documents\NetBeansProjects\proyecto_web_CRUD\apache-tomcat-9.0.96\conf\Catalina\localhost\pr_javaweb.xml]
29-Oct-2024 21:33:54.562 WARNING [main] org.apache.catalina.startup.HostConfig.deployDescriptor The path attribute with value [/pr_javaweb] in deployment descriptor [C:\Users\ghost\Documents\NetBeansProjects\proyecto_web_CRUD\apache-tomcat-9.0.96\conf\Catalina\localhost\pr_javaweb.xml] has been ignored
29-Oct-2024 21:33:54.576 WARNING [main] org.apache.tomcat.util.descriptor.web.WebXml.setVersion Unknown version string [6.0]. Default version will be used.
29-Oct-2024 21:33:54.938 INFO [main] org.apache.jasper.servlet.TldScanner.scanJars Al menos un JAR, que se ha explorado buscando TLDs, aún no contenía TLDs. Activar historial de depuración para este historiador para una completa lista de los JARs que fueron explorados y de los que nos se halló TLDs. Saltarse JARs no necesarios durante la exploración puede dar lugar a una mejora de tiempo significativa en el arranque y compilación de JSP .
29-Oct-2024 21:33:54.942 INFO [main] org.apache.catalina.startup.HostConfig.deployDescriptor Deployment of deployment descriptor [C:\Users\ghost\Documents\NetBeansProjects\proyecto_web_CRUD\apache-tomcat-9.0.96\conf\Catalina\localhost\pr_javaweb.xml] has finished in [380] ms
29-Oct-2024 21:33:54.942 INFO [main] org.apache.catalina.startup.HostConfig.deployDescriptor Desplieque del descriptor de configuración [C:\Users\ghost\Documents\NetBeansProjects\proyecto_web_CRUD\apache-tomcat-9.0.96\conf\Catalina\localhost\web_empresa_bd.xml]
29-Oct-2024 21:33:54.943 WARNING [main] org.apache.catalina.startup.HostConfig.deployDescriptor The path attribute with value [/web_empresa_bd] in deployment descriptor [C:\Users\ghost\Documents\NetBeansProjects\proyecto_web_CRUD\apache-tomcat-9.0.96\conf\Catalina\localhost\web_empresa_bd.xml] has been ignored
29-Oct-2024 21:33:54.948 SEVERE [main] org.apache.catalina.startup.HostConfig.deployDescriptor Error durante el despliegue del descriptor de configuración [C:\Users\ghost\Documents\NetBeansProjects\proyecto_web_CRUD\apache-tomcat-9.0.96\conf\Catalina\localhost\web_empresa_bd.xml]
	java.lang.IllegalStateException: Error starting child
		at org.apache.catalina.core.ContainerBase.addChildInternal(ContainerBase.java:602)
		at org.apache.catalina.core.ContainerBase.addChild(ContainerBase.java:571)
		at org.apache.catalina.core.StandardHost.addChild(StandardHost.java:603)
		at org.apache.catalina.startup.HostConfig.deployDescriptor(HostConfig.java:680)
		at org.apache.catalina.startup.HostConfig$DeployDescriptor.run(HostConfig.java:1844)
		at java.base/java.util.concurrent.Executors$RunnableAdapter.call(Executors.java:572)
		at java.base/java.util.concurrent.FutureTask.run(FutureTask.java:317)
		at org.apache.tomcat.util.threads.InlineExecutorService.execute(InlineExecutorService.java:75)
		at java.base/java.util.concurrent.AbstractExecutorService.submit(AbstractExecutorService.java:123)
		at org.apache.catalina.startup.HostConfig.deployDescriptors(HostConfig.java:575)
		at org.apache.catalina.startup.HostConfig.deployApps(HostConfig.java:466)
		at org.apache.catalina.startup.HostConfig.start(HostConfig.java:1584)
		at org.apache.catalina.startup.HostConfig.lifecycleEvent(HostConfig.java:312)
		at org.apache.catalina.util.LifecycleBase.fireLifecycleEvent(LifecycleBase.java:109)
		at org.apache.catalina.util.LifecycleBase.setStateInternal(LifecycleBase.java:385)
		at org.apache.catalina.util.LifecycleBase.setState(LifecycleBase.java:332)
		at org.apache.catalina.core.ContainerBase.startInternal(ContainerBase.java:776)
		at org.apache.catalina.core.StandardHost.startInternal(StandardHost.java:721)
		at org.apache.catalina.util.LifecycleBase.start(LifecycleBase.java:164)
		at org.apache.catalina.core.ContainerBase$StartChild.call(ContainerBase.java:1203)
		at org.apache.catalina.core.ContainerBase$StartChild.call(ContainerBase.java:1193)
		at java.base/java.util.concurrent.FutureTask.run(FutureTask.java:317)
		at org.apache.tomcat.util.threads.InlineExecutorService.execute(InlineExecutorService.java:75)
		at java.base/java.util.concurrent.AbstractExecutorService.submit(AbstractExecutorService.java:145)
		at org.apache.catalina.core.ContainerBase.startInternal(ContainerBase.java:749)
		at org.apache.catalina.core.StandardEngine.startInternal(StandardEngine.java:211)
		at org.apache.catalina.util.LifecycleBase.start(LifecycleBase.java:164)
		at org.apache.catalina.core.StandardService.startInternal(StandardService.java:415)
		at org.apache.catalina.util.LifecycleBase.start(LifecycleBase.java:164)
		at org.apache.catalina.core.StandardServer.startInternal(StandardServer.java:874)
		at org.apache.catalina.util.LifecycleBase.start(LifecycleBase.java:164)
		at org.apache.catalina.startup.Catalina.start(Catalina.java:735)
		at java.base/jdk.internal.reflect.DirectMethodHandleAccessor.invoke(DirectMethodHandleAccessor.java:103)
		at java.base/java.lang.reflect.Method.invoke(Method.java:580)
		at org.apache.catalina.startup.Bootstrap.start(Bootstrap.java:345)
		at org.apache.catalina.startup.Bootstrap.main(Bootstrap.java:473)
	Caused by: org.apache.catalina.LifecycleException: Failed to start component [org.apache.catalina.webresources.StandardRoot@3c9c6245]
		at org.apache.catalina.util.LifecycleBase.handleSubClassException(LifecycleBase.java:402)
		at org.apache.catalina.util.LifecycleBase.start(LifecycleBase.java:179)
		at org.apache.catalina.core.StandardContext.resourcesStart(StandardContext.java:4118)
		at org.apache.catalina.core.StandardContext.startInternal(StandardContext.java:4240)
		at org.apache.catalina.util.LifecycleBase.start(LifecycleBase.java:164)
		at org.apache.catalina.core.ContainerBase.addChildInternal(ContainerBase.java:599)
		... 35 more
	Caused by: java.lang.IllegalArgumentException: The main resource set specified [C:\Users\ghost\Documents\NetBeansProjects\jsp-CRUD-main\build\web] is not a directory or war file, or is not readable (it does not exist or permissions to access it are missing)
		at org.apache.catalina.webresources.StandardRoot.createMainResourceSet(StandardRoot.java:749)
		at org.apache.catalina.webresources.StandardRoot.startInternal(StandardRoot.java:707)
		at org.apache.catalina.util.LifecycleBase.start(LifecycleBase.java:164)
		... 39 more
29-Oct-2024 21:33:54.987 INFO [main] org.apache.catalina.startup.HostConfig.deployDescriptor Deployment of deployment descriptor [C:\Users\ghost\Documents\NetBeansProjects\proyecto_web_CRUD\apache-tomcat-9.0.96\conf\Catalina\localhost\web_empresa_bd.xml] has finished in [44] ms
29-Oct-2024 21:33:54.987 INFO [main] org.apache.catalina.startup.HostConfig.deployDescriptor Desplieque del descriptor de configuración [C:\Users\ghost\Documents\NetBeansProjects\proyecto_web_CRUD\apache-tomcat-9.0.96\conf\Catalina\localhost\web_proyecto2.xml]
29-Oct-2024 21:33:54.988 WARNING [main] org.apache.catalina.startup.HostConfig.deployDescriptor The path attribute with value [/web_proyecto2] in deployment descriptor [C:\Users\ghost\Documents\NetBeansProjects\proyecto_web_CRUD\apache-tomcat-9.0.96\conf\Catalina\localhost\web_proyecto2.xml] has been ignored
29-Oct-2024 21:33:54.991 SEVERE [main] org.apache.catalina.startup.HostConfig.deployDescriptor Error durante el despliegue del descriptor de configuración [C:\Users\ghost\Documents\NetBeansProjects\proyecto_web_CRUD\apache-tomcat-9.0.96\conf\Catalina\localhost\web_proyecto2.xml]
	java.lang.IllegalStateException: Error starting child
		at org.apache.catalina.core.ContainerBase.addChildInternal(ContainerBase.java:602)
		at org.apache.catalina.core.ContainerBase.addChild(ContainerBase.java:571)
		at org.apache.catalina.core.StandardHost.addChild(StandardHost.java:603)
		at org.apache.catalina.startup.HostConfig.deployDescriptor(HostConfig.java:680)
		at org.apache.catalina.startup.HostConfig$DeployDescriptor.run(HostConfig.java:1844)
		at java.base/java.util.concurrent.Executors$RunnableAdapter.call(Executors.java:572)
		at java.base/java.util.concurrent.FutureTask.run(FutureTask.java:317)
		at org.apache.tomcat.util.threads.InlineExecutorService.execute(InlineExecutorService.java:75)
		at java.base/java.util.concurrent.AbstractExecutorService.submit(AbstractExecutorService.java:123)
		at org.apache.catalina.startup.HostConfig.deployDescriptors(HostConfig.java:575)
		at org.apache.catalina.startup.HostConfig.deployApps(HostConfig.java:466)
		at org.apache.catalina.startup.HostConfig.start(HostConfig.java:1584)
		at org.apache.catalina.startup.HostConfig.lifecycleEvent(HostConfig.java:312)
		at org.apache.catalina.util.LifecycleBase.fireLifecycleEvent(LifecycleBase.java:109)
		at org.apache.catalina.util.LifecycleBase.setStateInternal(LifecycleBase.java:385)
		at org.apache.catalina.util.LifecycleBase.setState(LifecycleBase.java:332)
		at org.apache.catalina.core.ContainerBase.startInternal(ContainerBase.java:776)
		at org.apache.catalina.core.StandardHost.startInternal(StandardHost.java:721)
		at org.apache.catalina.util.LifecycleBase.start(LifecycleBase.java:164)
		at org.apache.catalina.core.ContainerBase$StartChild.call(ContainerBase.java:1203)
		at org.apache.catalina.core.ContainerBase$StartChild.call(ContainerBase.java:1193)
		at java.base/java.util.concurrent.FutureTask.run(FutureTask.java:317)
		at org.apache.tomcat.util.threads.InlineExecutorService.execute(InlineExecutorService.java:75)
		at java.base/java.util.concurrent.AbstractExecutorService.submit(AbstractExecutorService.java:145)
		at org.apache.catalina.core.ContainerBase.startInternal(ContainerBase.java:749)
		at org.apache.catalina.core.StandardEngine.startInternal(StandardEngine.java:211)
		at org.apache.catalina.util.LifecycleBase.start(LifecycleBase.java:164)
		at org.apache.catalina.core.StandardService.startInternal(StandardService.java:415)
		at org.apache.catalina.util.LifecycleBase.start(LifecycleBase.java:164)
		at org.apache.catalina.core.StandardServer.startInternal(StandardServer.java:874)
		at org.apache.catalina.util.LifecycleBase.start(LifecycleBase.java:164)
		at org.apache.catalina.startup.Catalina.start(Catalina.java:735)
		at java.base/jdk.internal.reflect.DirectMethodHandleAccessor.invoke(DirectMethodHandleAccessor.java:103)
		at java.base/java.lang.reflect.Method.invoke(Method.java:580)
		at org.apache.catalina.startup.Bootstrap.start(Bootstrap.java:345)
		at org.apache.catalina.startup.Bootstrap.main(Bootstrap.java:473)
	Caused by: org.apache.catalina.LifecycleException: Failed to start component [org.apache.catalina.webresources.StandardRoot@2b4b96a4]
		at org.apache.catalina.util.LifecycleBase.handleSubClassException(LifecycleBase.java:402)
		at org.apache.catalina.util.LifecycleBase.start(LifecycleBase.java:179)
		at org.apache.catalina.core.StandardContext.resourcesStart(StandardContext.java:4118)
		at org.apache.catalina.core.StandardContext.startInternal(StandardContext.java:4240)
		at org.apache.catalina.util.LifecycleBase.start(LifecycleBase.java:164)
		at org.apache.catalina.core.ContainerBase.addChildInternal(ContainerBase.java:599)
		... 35 more
	Caused by: java.lang.IllegalArgumentException: The main resource set specified [C:\Users\ghost\Documents\NetBeansProjects\proyecto programacion II\web_proyecto2\build\web] is not a directory or war file, or is not readable (it does not exist or permissions to access it are missing)
		at org.apache.catalina.webresources.StandardRoot.createMainResourceSet(StandardRoot.java:749)
		at org.apache.catalina.webresources.StandardRoot.startInternal(StandardRoot.java:707)
		at org.apache.catalina.util.LifecycleBase.start(LifecycleBase.java:164)
		... 39 more
29-Oct-2024 21:33:55.046 INFO [main] org.apache.catalina.startup.HostConfig.deployDescriptor Deployment of deployment descriptor [C:\Users\ghost\Documents\NetBeansProjects\proyecto_web_CRUD\apache-tomcat-9.0.96\conf\Catalina\localhost\web_proyecto2.xml] has finished in [59] ms
29-Oct-2024 21:33:55.047 INFO [main] org.apache.catalina.startup.HostConfig.deployDirectory Desplegando el directorio [C:\Users\ghost\Documents\NetBeansProjects\proyecto_web_CRUD\apache-tomcat-9.0.96\webapps\docs] de la aplicación web
29-Oct-2024 21:33:55.076 INFO [main] org.apache.catalina.startup.HostConfig.deployDirectory Deployment of web application directory [C:\Users\ghost\Documents\NetBeansProjects\proyecto_web_CRUD\apache-tomcat-9.0.96\webapps\docs] has finished in [29] ms
29-Oct-2024 21:33:55.077 INFO [main] org.apache.catalina.startup.HostConfig.deployDirectory Desplegando el directorio [C:\Users\ghost\Documents\NetBeansProjects\proyecto_web_CRUD\apache-tomcat-9.0.96\webapps\examples] de la aplicación web
29-Oct-2024 21:33:55.400 INFO [main] org.apache.catalina.startup.HostConfig.deployDirectory Deployment of web application directory [C:\Users\ghost\Documents\NetBeansProjects\proyecto_web_CRUD\apache-tomcat-9.0.96\webapps\examples] has finished in [323] ms
29-Oct-2024 21:33:55.400 INFO [main] org.apache.catalina.startup.HostConfig.deployDirectory Desplegando el directorio [C:\Users\ghost\Documents\NetBeansProjects\proyecto_web_CRUD\apache-tomcat-9.0.96\webapps\host-manager] de la aplicación web
29-Oct-2024 21:33:55.435 INFO [main] org.apache.catalina.startup.HostConfig.deployDirectory Deployment of web application directory [C:\Users\ghost\Documents\NetBeansProjects\proyecto_web_CRUD\apache-tomcat-9.0.96\webapps\host-manager] has finished in [35] ms
29-Oct-2024 21:33:55.436 INFO [main] org.apache.catalina.startup.HostConfig.deployDirectory Desplegando el directorio [C:\Users\ghost\Documents\NetBeansProjects\proyecto_web_CRUD\apache-tomcat-9.0.96\webapps\manager] de la aplicación web
29-Oct-2024 21:33:55.477 INFO [main] org.apache.catalina.startup.HostConfig.deployDirectory Deployment of web application directory [C:\Users\ghost\Documents\NetBeansProjects\proyecto_web_CRUD\apache-tomcat-9.0.96\webapps\manager] has finished in [41] ms
29-Oct-2024 21:33:55.477 INFO [main] org.apache.catalina.startup.HostConfig.deployDirectory Desplegando el directorio [C:\Users\ghost\Documents\NetBeansProjects\proyecto_web_CRUD\apache-tomcat-9.0.96\webapps\ROOT] de la aplicación web
29-Oct-2024 21:33:55.501 INFO [main] org.apache.catalina.startup.HostConfig.deployDirectory Deployment of web application directory [C:\Users\ghost\Documents\NetBeansProjects\proyecto_web_CRUD\apache-tomcat-9.0.96\webapps\ROOT] has finished in [24] ms
29-Oct-2024 21:33:55.505 INFO [main] org.apache.coyote.AbstractProtocol.start Starting ProtocolHandler ["http-nio-8080"]
29-Oct-2024 21:33:55.536 INFO [main] org.apache.catalina.startup.Catalina.start Server startup in [2024] milliseconds
29-Oct-2024 21:36:06.276 WARNING [http-nio-8080-exec-7] org.apache.catalina.loader.WebappClassLoaderBase.clearReferencesThreads The web application [pr_javaweb] appears to have started a thread named [mysql-cj-abandoned-connection-cleanup] but has failed to stop it. This is very likely to create a memory leak. Stack trace of thread:
 java.base/java.io.WinNTFileSystem.canonicalize0(Native Method)
 java.base/java.io.WinNTFileSystem.canonicalize(WinNTFileSystem.java:496)
 java.base/java.io.File.getCanonicalPath(File.java:626)
 org.apache.catalina.webresources.AbstractFileResourceSet.file(AbstractFileResourceSet.java:94)
 org.apache.catalina.webresources.DirResourceSet.getResource(DirResourceSet.java:94)
 org.apache.catalina.webresources.StandardRoot.getResourceInternal(StandardRoot.java:272)
 org.apache.catalina.webresources.CachedResource.validateResource(CachedResource.java:105)
 org.apache.catalina.webresources.Cache.getResource(Cache.java:96)
 org.apache.catalina.webresources.StandardRoot.getResource(StandardRoot.java:211)
 org.apache.catalina.webresources.StandardRoot.getClassLoaderResource(StandardRoot.java:220)
 org.apache.catalina.loader.WebappClassLoaderBase.findResource(WebappClassLoaderBase.java:872)
 org.apache.catalina.loader.WebappClassLoaderBase.getResource(WebappClassLoaderBase.java:981)
 com.mysql.cj.jdbc.AbandonedConnectionCleanupThread.checkThreadContextClassLoader(AbandonedConnectionCleanupThread.java:116)
 com.mysql.cj.jdbc.AbandonedConnectionCleanupThread.run(AbandonedConnectionCleanupThread.java:83)
 java.base/java.util.concurrent.ThreadPoolExecutor.runWorker(ThreadPoolExecutor.java:1144)
 java.base/java.util.concurrent.ThreadPoolExecutor$Worker.run(ThreadPoolExecutor.java:642)
 java.base/java.lang.Thread.run(Thread.java:1570)
29-Oct-2024 21:36:06.786 INFO [http-nio-8080-exec-7] org.apache.catalina.startup.HostConfig.undeploy Repliegue (undeploy) de la aplicación web que tiene como trayectoria de contexto [/pr_javaweb]
29-Oct-2024 21:36:11.284 INFO [mysql-cj-abandoned-connection-cleanup] org.apache.catalina.loader.WebappClassLoaderBase.checkStateForResourceLoading Acceso ilegal: esta instancia de aplicación web ya ha sido parada.  Could not load [].  La eventual traza de pila que sigue ha sido motivada por un error lanzado con motivos de depuración así como para intentar terminar el hilo que motivó el acceso ilegal y no tiene impacto funcional.
	java.lang.IllegalStateException: Acceso ilegal: esta instancia de aplicación web ya ha sido parada.  Could not load [].  La eventual traza de pila que sigue ha sido motivada por un error lanzado con motivos de depuración así como para intentar terminar el hilo que motivó el acceso ilegal y no tiene impacto funcional.
		at org.apache.catalina.loader.WebappClassLoaderBase.checkStateForResourceLoading(WebappClassLoaderBase.java:1328)
		at org.apache.catalina.loader.WebappClassLoaderBase.getResource(WebappClassLoaderBase.java:960)
		at com.mysql.cj.jdbc.AbandonedConnectionCleanupThread.checkThreadContextClassLoader(AbandonedConnectionCleanupThread.java:116)
		at com.mysql.cj.jdbc.AbandonedConnectionCleanupThread.run(AbandonedConnectionCleanupThread.java:83)
		at java.base/java.util.concurrent.ThreadPoolExecutor.runWorker(ThreadPoolExecutor.java:1144)
		at java.base/java.util.concurrent.ThreadPoolExecutor$Worker.run(ThreadPoolExecutor.java:642)
		at java.base/java.lang.Thread.run(Thread.java:1570)
29-Oct-2024 21:36:42.984 INFO [http-nio-8080-exec-16] org.apache.catalina.startup.HostConfig.deployDescriptor Desplieque del descriptor de configuración [C:\Users\ghost\Documents\NetBeansProjects\proyecto_web_CRUD\apache-tomcat-9.0.96\conf\Catalina\localhost\Web_proyecto.xml]
29-Oct-2024 21:36:42.985 WARNING [http-nio-8080-exec-16] org.apache.catalina.startup.HostConfig.deployDescriptor The path attribute with value [/Web_proyecto] in deployment descriptor [C:\Users\ghost\Documents\NetBeansProjects\proyecto_web_CRUD\apache-tomcat-9.0.96\conf\Catalina\localhost\Web_proyecto.xml] has been ignored
29-Oct-2024 21:36:43.349 INFO [http-nio-8080-exec-16] org.apache.jasper.servlet.TldScanner.scanJars Al menos un JAR, que se ha explorado buscando TLDs, aún no contenía TLDs. Activar historial de depuración para este historiador para una completa lista de los JARs que fueron explorados y de los que nos se halló TLDs. Saltarse JARs no necesarios durante la exploración puede dar lugar a una mejora de tiempo significativa en el arranque y compilación de JSP .
29-Oct-2024 21:36:43.352 INFO [http-nio-8080-exec-16] org.apache.catalina.startup.HostConfig.deployDescriptor Deployment of deployment descriptor [C:\Users\ghost\Documents\NetBeansProjects\proyecto_web_CRUD\apache-tomcat-9.0.96\conf\Catalina\localhost\Web_proyecto.xml] has finished in [367] ms
29-Oct-2024 21:36:43.354 INFO [http-nio-8080-exec-10] org.apache.catalina.util.LifecycleBase.start The start() method was called on component [StandardEngine[Catalina].StandardHost[localhost].StandardContext[/Web_proyecto]] after start() had already been called. The second call will be ignored.
29-Oct-2024 21:37:01.630 WARNING [http-nio-8080-exec-12] org.apache.catalina.loader.WebappClassLoaderBase.clearReferencesJdbc La aplicación web [Web_proyecto] registró el conductor JDBC [com.mysql.cj.jdbc.Driver] pero falló al anular el registro mientras la aplicación web estaba parada. Para prevenir un fallo de memoria, se ha anulado el registro del conductor JDBC por la fuerza.
29-Oct-2024 21:37:01.630 WARNING [http-nio-8080-exec-12] org.apache.catalina.loader.WebappClassLoaderBase.clearReferencesThreads The web application [Web_proyecto] appears to have started a thread named [mysql-cj-abandoned-connection-cleanup] but has failed to stop it. This is very likely to create a memory leak. Stack trace of thread:
 java.base/jdk.internal.misc.Unsafe.park(Native Method)
 java.base/java.util.concurrent.locks.LockSupport.parkNanos(LockSupport.java:269)
 java.base/java.util.concurrent.locks.AbstractQueuedSynchronizer$ConditionObject.await(AbstractQueuedSynchronizer.java:1847)
 java.base/java.lang.ref.ReferenceQueue.await(ReferenceQueue.java:71)
 java.base/java.lang.ref.ReferenceQueue.remove0(ReferenceQueue.java:143)
 java.base/java.lang.ref.ReferenceQueue.remove(ReferenceQueue.java:218)
 com.mysql.cj.jdbc.AbandonedConnectionCleanupThread.run(AbandonedConnectionCleanupThread.java:84)
 java.base/java.util.concurrent.ThreadPoolExecutor.runWorker(ThreadPoolExecutor.java:1144)
 java.base/java.util.concurrent.ThreadPoolExecutor$Worker.run(ThreadPoolExecutor.java:642)
 java.base/java.lang.Thread.run(Thread.java:1570)
29-Oct-2024 21:37:02.134 INFO [http-nio-8080-exec-12] org.apache.catalina.startup.HostConfig.undeploy Repliegue (undeploy) de la aplicación web que tiene como trayectoria de contexto [/Web_proyecto]
29-Oct-2024 21:37:02.141 INFO [http-nio-8080-exec-14] org.apache.catalina.startup.HostConfig.deployDescriptor Desplieque del descriptor de configuración [C:\Users\ghost\Documents\NetBeansProjects\proyecto_web_CRUD\apache-tomcat-9.0.96\conf\Catalina\localhost\Web_proyecto.xml]
29-Oct-2024 21:37:02.141 WARNING [http-nio-8080-exec-14] org.apache.catalina.startup.HostConfig.deployDescriptor The path attribute with value [/Web_proyecto] in deployment descriptor [C:\Users\ghost\Documents\NetBeansProjects\proyecto_web_CRUD\apache-tomcat-9.0.96\conf\Catalina\localhost\Web_proyecto.xml] has been ignored
29-Oct-2024 21:37:02.468 INFO [http-nio-8080-exec-14] org.apache.jasper.servlet.TldScanner.scanJars Al menos un JAR, que se ha explorado buscando TLDs, aún no contenía TLDs. Activar historial de depuración para este historiador para una completa lista de los JARs que fueron explorados y de los que nos se halló TLDs. Saltarse JARs no necesarios durante la exploración puede dar lugar a una mejora de tiempo significativa en el arranque y compilación de JSP .
29-Oct-2024 21:37:02.471 INFO [http-nio-8080-exec-14] org.apache.catalina.startup.HostConfig.deployDescriptor Deployment of deployment descriptor [C:\Users\ghost\Documents\NetBeansProjects\proyecto_web_CRUD\apache-tomcat-9.0.96\conf\Catalina\localhost\Web_proyecto.xml] has finished in [330] ms
29-Oct-2024 21:37:02.474 INFO [http-nio-8080-exec-13] org.apache.catalina.util.LifecycleBase.start The start() method was called on component [StandardEngine[Catalina].StandardHost[localhost].StandardContext[/Web_proyecto]] after start() had already been called. The second call will be ignored.
29-Oct-2024 21:37:04.435 INFO [mysql-cj-abandoned-connection-cleanup] org.apache.catalina.loader.WebappClassLoaderBase.checkStateForResourceLoading Acceso ilegal: esta instancia de aplicación web ya ha sido parada.  Could not load [].  La eventual traza de pila que sigue ha sido motivada por un error lanzado con motivos de depuración así como para intentar terminar el hilo que motivó el acceso ilegal y no tiene impacto funcional.
	java.lang.IllegalStateException: Acceso ilegal: esta instancia de aplicación web ya ha sido parada.  Could not load [].  La eventual traza de pila que sigue ha sido motivada por un error lanzado con motivos de depuración así como para intentar terminar el hilo que motivó el acceso ilegal y no tiene impacto funcional.
		at org.apache.catalina.loader.WebappClassLoaderBase.checkStateForResourceLoading(WebappClassLoaderBase.java:1328)
		at org.apache.catalina.loader.WebappClassLoaderBase.getResource(WebappClassLoaderBase.java:960)
		at com.mysql.cj.jdbc.AbandonedConnectionCleanupThread.checkThreadContextClassLoader(AbandonedConnectionCleanupThread.java:116)
		at com.mysql.cj.jdbc.AbandonedConnectionCleanupThread.run(AbandonedConnectionCleanupThread.java:83)
		at java.base/java.util.concurrent.ThreadPoolExecutor.runWorker(ThreadPoolExecutor.java:1144)
		at java.base/java.util.concurrent.ThreadPoolExecutor$Worker.run(ThreadPoolExecutor.java:642)
		at java.base/java.lang.Thread.run(Thread.java:1570)
29-Oct-2024 21:40:11.185 INFO [main] org.apache.catalina.core.StandardServer.await Se ha recibido un comando de apagado a través del puerto de apagado. Parando la instancia del Servidor.
29-Oct-2024 21:40:11.185 INFO [main] org.apache.coyote.AbstractProtocol.pause Pausing ProtocolHandler ["http-nio-8080"]
29-Oct-2024 21:40:11.189 INFO [main] org.apache.catalina.core.StandardService.stopInternal Parando servicio [Catalina]
29-Oct-2024 21:40:11.204 WARNING [main] org.apache.catalina.loader.WebappClassLoaderBase.clearReferencesThreads The web application [Clientes] appears to have started a thread named [mysql-cj-abandoned-connection-cleanup] but has failed to stop it. This is very likely to create a memory leak. Stack trace of thread:
 org.apache.catalina.loader.WebappClassLoaderBase.findResource(WebappClassLoaderBase.java:862)
 org.apache.catalina.loader.WebappClassLoaderBase.getResource(WebappClassLoaderBase.java:981)
 com.mysql.cj.jdbc.AbandonedConnectionCleanupThread.checkThreadContextClassLoader(AbandonedConnectionCleanupThread.java:116)
 com.mysql.cj.jdbc.AbandonedConnectionCleanupThread.run(AbandonedConnectionCleanupThread.java:83)
 java.base/java.util.concurrent.ThreadPoolExecutor.runWorker(ThreadPoolExecutor.java:1144)
 java.base/java.util.concurrent.ThreadPoolExecutor$Worker.run(ThreadPoolExecutor.java:642)
 java.base/java.lang.Thread.run(Thread.java:1570)
29-Oct-2024 21:40:11.206 WARNING [main] org.apache.catalina.loader.WebappClassLoaderBase.clearReferencesJdbc La aplicación web [Web_proyecto] registró el conductor JDBC [com.mysql.cj.jdbc.Driver] pero falló al anular el registro mientras la aplicación web estaba parada. Para prevenir un fallo de memoria, se ha anulado el registro del conductor JDBC por la fuerza.
29-Oct-2024 21:40:11.206 WARNING [main] org.apache.catalina.loader.WebappClassLoaderBase.clearReferencesThreads The web application [Web_proyecto] appears to have started a thread named [mysql-cj-abandoned-connection-cleanup] but has failed to stop it. This is very likely to create a memory leak. Stack trace of thread:
 java.base/jdk.internal.misc.Unsafe.park(Native Method)
 java.base/java.util.concurrent.locks.LockSupport.parkNanos(LockSupport.java:269)
 java.base/java.util.concurrent.locks.AbstractQueuedSynchronizer$ConditionObject.await(AbstractQueuedSynchronizer.java:1847)
 java.base/java.lang.ref.ReferenceQueue.await(ReferenceQueue.java:71)
 java.base/java.lang.ref.ReferenceQueue.remove0(ReferenceQueue.java:143)
 java.base/java.lang.ref.ReferenceQueue.remove(ReferenceQueue.java:218)
 com.mysql.cj.jdbc.AbandonedConnectionCleanupThread.run(AbandonedConnectionCleanupThread.java:84)
 java.base/java.util.concurrent.ThreadPoolExecutor.runWorker(ThreadPoolExecutor.java:1144)
 java.base/java.util.concurrent.ThreadPoolExecutor$Worker.run(ThreadPoolExecutor.java:642)
 java.base/java.lang.Thread.run(Thread.java:1570)
29-Oct-2024 21:40:11.206 WARNING [main] org.apache.catalina.loader.WebappClassLoaderBase.clearReferencesJdbc La aplicación web [proyecto_web_CRUD] registró el conductor JDBC [com.mysql.cj.jdbc.Driver] pero falló al anular el registro mientras la aplicación web estaba parada. Para prevenir un fallo de memoria, se ha anulado el registro del conductor JDBC por la fuerza.
29-Oct-2024 21:40:11.206 WARNING [main] org.apache.catalina.loader.WebappClassLoaderBase.clearReferencesThreads The web application [proyecto_web_CRUD] appears to have started a thread named [mysql-cj-abandoned-connection-cleanup] but has failed to stop it. This is very likely to create a memory leak. Stack trace of thread:
 java.base/jdk.internal.misc.Unsafe.park(Native Method)
 java.base/java.util.concurrent.locks.LockSupport.parkNanos(LockSupport.java:269)
 java.base/java.util.concurrent.locks.AbstractQueuedSynchronizer$ConditionObject.await(AbstractQueuedSynchronizer.java:1847)
 java.base/java.lang.ref.ReferenceQueue.await(ReferenceQueue.java:71)
 java.base/java.lang.ref.ReferenceQueue.remove0(ReferenceQueue.java:143)
 java.base/java.lang.ref.ReferenceQueue.remove(ReferenceQueue.java:218)
 com.mysql.cj.jdbc.AbandonedConnectionCleanupThread.run(AbandonedConnectionCleanupThread.java:84)
 java.base/java.util.concurrent.ThreadPoolExecutor.runWorker(ThreadPoolExecutor.java:1144)
 java.base/java.util.concurrent.ThreadPoolExecutor$Worker.run(ThreadPoolExecutor.java:642)
 java.base/java.lang.Thread.run(Thread.java:1570)
29-Oct-2024 21:40:11.298 INFO [main] org.apache.coyote.AbstractProtocol.stop Stopping ProtocolHandler ["http-nio-8080"]
29-Oct-2024 21:40:11.314 INFO [main] org.apache.coyote.AbstractProtocol.destroy Destroying ProtocolHandler ["http-nio-8080"]
29-Oct-2024 21:40:55.488 INFO [main] org.apache.catalina.startup.VersionLoggerListener.log Nombre de la versión del servidor: Apache Tomcat/9.0.96
29-Oct-2024 21:40:55.503 INFO [main] org.apache.catalina.startup.VersionLoggerListener.log Server built:                      Oct 3 2024 19:44:30 UTC
29-Oct-2024 21:40:55.503 INFO [main] org.apache.catalina.startup.VersionLoggerListener.log Número de versión de servidor:     9.0.96.0
29-Oct-2024 21:40:55.503 INFO [main] org.apache.catalina.startup.VersionLoggerListener.log OS Name:                           Windows 11
29-Oct-2024 21:40:55.503 INFO [main] org.apache.catalina.startup.VersionLoggerListener.log Versión de Systema Operativo:      10.0
29-Oct-2024 21:40:55.503 INFO [main] org.apache.catalina.startup.VersionLoggerListener.log Arquitectura:                      amd64
29-Oct-2024 21:40:55.503 INFO [main] org.apache.catalina.startup.VersionLoggerListener.log Java Home:                         C:\Program Files\Java\jdk-22
29-Oct-2024 21:40:55.503 INFO [main] org.apache.catalina.startup.VersionLoggerListener.log JVM Version:                       22.0.2+9-70
29-Oct-2024 21:40:55.503 INFO [main] org.apache.catalina.startup.VersionLoggerListener.log Vededor JVM:                       Oracle Corporation
29-Oct-2024 21:40:55.503 INFO [main] org.apache.catalina.startup.VersionLoggerListener.log CATALINA_BASE:                     C:\Users\ghost\Documents\NetBeansProjects\proyecto_web_CRUD\apache-tomcat-9.0.96
29-Oct-2024 21:40:55.503 INFO [main] org.apache.catalina.startup.VersionLoggerListener.log CATALINA_HOME:                     C:\Users\ghost\Documents\NetBeansProjects\proyecto_web_CRUD\apache-tomcat-9.0.96
29-Oct-2024 21:40:55.503 INFO [main] org.apache.catalina.startup.VersionLoggerListener.log Command line argument:             --add-opens=java.base/java.lang=ALL-UNNAMED
29-Oct-2024 21:40:55.503 INFO [main] org.apache.catalina.startup.VersionLoggerListener.log Command line argument:             --add-opens=java.base/java.io=ALL-UNNAMED
29-Oct-2024 21:40:55.503 INFO [main] org.apache.catalina.startup.VersionLoggerListener.log Command line argument:             --add-opens=java.base/java.util=ALL-UNNAMED
29-Oct-2024 21:40:55.503 INFO [main] org.apache.catalina.startup.VersionLoggerListener.log Command line argument:             --add-opens=java.base/java.util.concurrent=ALL-UNNAMED
29-Oct-2024 21:40:55.503 INFO [main] org.apache.catalina.startup.VersionLoggerListener.log Command line argument:             --add-opens=java.rmi/sun.rmi.transport=ALL-UNNAMED
29-Oct-2024 21:40:55.503 INFO [main] org.apache.catalina.startup.VersionLoggerListener.log Command line argument:             -Djava.util.logging.config.file=C:\Users\ghost\Documents\NetBeansProjects\proyecto_web_CRUD\apache-tomcat-9.0.96\conf\logging.properties
29-Oct-2024 21:40:55.503 INFO [main] org.apache.catalina.startup.VersionLoggerListener.log Command line argument:             -Djava.util.logging.manager=org.apache.juli.ClassLoaderLogManager
29-Oct-2024 21:40:55.503 INFO [main] org.apache.catalina.startup.VersionLoggerListener.log Command line argument:             -Djdk.tls.ephemeralDHKeySize=2048
29-Oct-2024 21:40:55.503 INFO [main] org.apache.catalina.startup.VersionLoggerListener.log Command line argument:             -Djava.protocol.handler.pkgs=org.apache.catalina.webresources
29-Oct-2024 21:40:55.503 INFO [main] org.apache.catalina.startup.VersionLoggerListener.log Command line argument:             -Dignore.endorsed.dirs=
29-Oct-2024 21:40:55.503 INFO [main] org.apache.catalina.startup.VersionLoggerListener.log Command line argument:             -Dcatalina.base=C:\Users\ghost\Documents\NetBeansProjects\proyecto_web_CRUD\apache-tomcat-9.0.96
29-Oct-2024 21:40:55.503 INFO [main] org.apache.catalina.startup.VersionLoggerListener.log Command line argument:             -Dcatalina.home=C:\Users\ghost\Documents\NetBeansProjects\proyecto_web_CRUD\apache-tomcat-9.0.96
29-Oct-2024 21:40:55.503 INFO [main] org.apache.catalina.startup.VersionLoggerListener.log Command line argument:             -Djava.io.tmpdir=C:\Users\ghost\Documents\NetBeansProjects\proyecto_web_CRUD\apache-tomcat-9.0.96\temp
29-Oct-2024 21:40:55.567 INFO [main] org.apache.catalina.core.AprLifecycleListener.lifecycleEvent La biblioteca nativa de Apache Tomcat basada en ARP que permite un rendimiento óptimo en entornos de desarrollo no ha sido hallada en java.library.path: [C:\Program Files\Java\jdk-22\bin;C:\WINDOWS\Sun\Java\bin;C:\WINDOWS\system32;C:\WINDOWS;C:\ProgramData\Oracle\Java\javapath;C:\Program Files\Common Files\Oracle\Java\javapath;C:\Program Files (x86)\Common Files\Oracle\Java\java8path;C:\Program Files (x86)\Common Files\Oracle\Java\javapath;C:\WINDOWS\system32;C:\WINDOWS;C:\WINDOWS\System32\Wbem;C:\WINDOWS\System32\WindowsPowerShell\v1.0\;C:\WINDOWS\System32\OpenSSH\;C:\Program Files\Microsoft SQL Server\Client SDK\ODBC\170\Tools\Binn\;C:\Program Files (x86)\Microsoft SQL Server\160\Tools\Binn\;C:\Program Files\Microsoft SQL Server\160\Tools\Binn\;C:\Program Files\Microsoft SQL Server\160\DTS\Binn\;C:\Program Files\Microsoft SQL Server\150\Tools\Binn\;C:\Program Files\Git\cmd;C:\Program Files\dotnet\;C:\Program Files (x86)\Microsoft SQL Server\160\DTS\Binn\;C:\Users\ghost\AppData\Local\Microsoft\WindowsApps;C:\Program Files\Azure Data Studio\bin;C:\Users\ghost\AppData\Local\GitHubDesktop\bin;C:\Users\ghost\.dotnet\tools;C:\Users\ghost\AppData\Local\Programs\Microsoft VS Code\bin;.]
29-Oct-2024 21:40:55.803 INFO [main] org.apache.coyote.AbstractProtocol.init Inicializando el manejador de protocolo ["http-nio-8080"]

29-Oct-2024 21:40:55.819 INFO [main] org.apache.catalina.startup.Catalina.load Server initialization in [513] milliseconds
29-Oct-2024 21:40:55.851 INFO [main] org.apache.catalina.core.StandardService.startInternal Arrancando servicio [Catalina]
29-Oct-2024 21:40:55.851 INFO [main] org.apache.catalina.core.StandardEngine.startInternal Starting Servlet engine: [Apache Tomcat/9.0.96]
29-Oct-2024 21:40:55.851 INFO [main] org.apache.catalina.startup.HostConfig.deployDescriptor Desplieque del descriptor de configuración [C:\Users\ghost\Documents\NetBeansProjects\proyecto_web_CRUD\apache-tomcat-9.0.96\conf\Catalina\localhost\Clientes.xml]
29-Oct-2024 21:40:55.866 WARNING [main] org.apache.catalina.startup.HostConfig.deployDescriptor The path attribute with value [/Clientes] in deployment descriptor [C:\Users\ghost\Documents\NetBeansProjects\proyecto_web_CRUD\apache-tomcat-9.0.96\conf\Catalina\localhost\Clientes.xml] has been ignored
29-Oct-2024 21:40:56.410 INFO [main] org.apache.jasper.servlet.TldScanner.scanJars Al menos un JAR, que se ha explorado buscando TLDs, aún no contenía TLDs. Activar historial de depuración para este historiador para una completa lista de los JARs que fueron explorados y de los que nos se halló TLDs. Saltarse JARs no necesarios durante la exploración puede dar lugar a una mejora de tiempo significativa en el arranque y compilación de JSP .
29-Oct-2024 21:40:56.449 INFO [main] org.apache.catalina.startup.HostConfig.deployDescriptor Deployment of deployment descriptor [C:\Users\ghost\Documents\NetBeansProjects\proyecto_web_CRUD\apache-tomcat-9.0.96\conf\Catalina\localhost\Clientes.xml] has finished in [596] ms
29-Oct-2024 21:40:56.449 INFO [main] org.apache.catalina.startup.HostConfig.deployDescriptor Desplieque del descriptor de configuración [C:\Users\ghost\Documents\NetBeansProjects\proyecto_web_CRUD\apache-tomcat-9.0.96\conf\Catalina\localhost\proyecto_web_CRUD.xml]
29-Oct-2024 21:40:56.449 WARNING [main] org.apache.catalina.startup.HostConfig.deployDescriptor The path attribute with value [/proyecto_web_CRUD] in deployment descriptor [C:\Users\ghost\Documents\NetBeansProjects\proyecto_web_CRUD\apache-tomcat-9.0.96\conf\Catalina\localhost\proyecto_web_CRUD.xml] has been ignored
29-Oct-2024 21:40:56.810 INFO [main] org.apache.jasper.servlet.TldScanner.scanJars Al menos un JAR, que se ha explorado buscando TLDs, aún no contenía TLDs. Activar historial de depuración para este historiador para una completa lista de los JARs que fueron explorados y de los que nos se halló TLDs. Saltarse JARs no necesarios durante la exploración puede dar lugar a una mejora de tiempo significativa en el arranque y compilación de JSP .
29-Oct-2024 21:40:56.821 INFO [main] org.apache.catalina.startup.HostConfig.deployDescriptor Deployment of deployment descriptor [C:\Users\ghost\Documents\NetBeansProjects\proyecto_web_CRUD\apache-tomcat-9.0.96\conf\Catalina\localhost\proyecto_web_CRUD.xml] has finished in [372] ms
29-Oct-2024 21:40:56.822 INFO [main] org.apache.catalina.startup.HostConfig.deployDescriptor Desplieque del descriptor de configuración [C:\Users\ghost\Documents\NetBeansProjects\proyecto_web_CRUD\apache-tomcat-9.0.96\conf\Catalina\localhost\web_empresa_bd.xml]
29-Oct-2024 21:40:56.822 WARNING [main] org.apache.catalina.startup.HostConfig.deployDescriptor The path attribute with value [/web_empresa_bd] in deployment descriptor [C:\Users\ghost\Documents\NetBeansProjects\proyecto_web_CRUD\apache-tomcat-9.0.96\conf\Catalina\localhost\web_empresa_bd.xml] has been ignored
29-Oct-2024 21:40:56.826 SEVERE [main] org.apache.catalina.startup.HostConfig.deployDescriptor Error durante el despliegue del descriptor de configuración [C:\Users\ghost\Documents\NetBeansProjects\proyecto_web_CRUD\apache-tomcat-9.0.96\conf\Catalina\localhost\web_empresa_bd.xml]
	java.lang.IllegalStateException: Error starting child
		at org.apache.catalina.core.ContainerBase.addChildInternal(ContainerBase.java:602)
		at org.apache.catalina.core.ContainerBase.addChild(ContainerBase.java:571)
		at org.apache.catalina.core.StandardHost.addChild(StandardHost.java:603)
		at org.apache.catalina.startup.HostConfig.deployDescriptor(HostConfig.java:680)
		at org.apache.catalina.startup.HostConfig$DeployDescriptor.run(HostConfig.java:1844)
		at java.base/java.util.concurrent.Executors$RunnableAdapter.call(Executors.java:572)
		at java.base/java.util.concurrent.FutureTask.run(FutureTask.java:317)
		at org.apache.tomcat.util.threads.InlineExecutorService.execute(InlineExecutorService.java:75)
		at java.base/java.util.concurrent.AbstractExecutorService.submit(AbstractExecutorService.java:123)
		at org.apache.catalina.startup.HostConfig.deployDescriptors(HostConfig.java:575)
		at org.apache.catalina.startup.HostConfig.deployApps(HostConfig.java:466)
		at org.apache.catalina.startup.HostConfig.start(HostConfig.java:1584)
		at org.apache.catalina.startup.HostConfig.lifecycleEvent(HostConfig.java:312)
		at org.apache.catalina.util.LifecycleBase.fireLifecycleEvent(LifecycleBase.java:109)
		at org.apache.catalina.util.LifecycleBase.setStateInternal(LifecycleBase.java:385)
		at org.apache.catalina.util.LifecycleBase.setState(LifecycleBase.java:332)
		at org.apache.catalina.core.ContainerBase.startInternal(ContainerBase.java:776)
		at org.apache.catalina.core.StandardHost.startInternal(StandardHost.java:721)
		at org.apache.catalina.util.LifecycleBase.start(LifecycleBase.java:164)
		at org.apache.catalina.core.ContainerBase$StartChild.call(ContainerBase.java:1203)
		at org.apache.catalina.core.ContainerBase$StartChild.call(ContainerBase.java:1193)
		at java.base/java.util.concurrent.FutureTask.run(FutureTask.java:317)
		at org.apache.tomcat.util.threads.InlineExecutorService.execute(InlineExecutorService.java:75)
		at java.base/java.util.concurrent.AbstractExecutorService.submit(AbstractExecutorService.java:145)
		at org.apache.catalina.core.ContainerBase.startInternal(ContainerBase.java:749)
		at org.apache.catalina.core.StandardEngine.startInternal(StandardEngine.java:211)
		at org.apache.catalina.util.LifecycleBase.start(LifecycleBase.java:164)
		at org.apache.catalina.core.StandardService.startInternal(StandardService.java:415)
		at org.apache.catalina.util.LifecycleBase.start(LifecycleBase.java:164)
		at org.apache.catalina.core.StandardServer.startInternal(StandardServer.java:874)
		at org.apache.catalina.util.LifecycleBase.start(LifecycleBase.java:164)
		at org.apache.catalina.startup.Catalina.start(Catalina.java:735)
		at java.base/jdk.internal.reflect.DirectMethodHandleAccessor.invoke(DirectMethodHandleAccessor.java:103)
		at java.base/java.lang.reflect.Method.invoke(Method.java:580)
		at org.apache.catalina.startup.Bootstrap.start(Bootstrap.java:345)
		at org.apache.catalina.startup.Bootstrap.main(Bootstrap.java:473)
	Caused by: org.apache.catalina.LifecycleException: Failed to start component [org.apache.catalina.webresources.StandardRoot@126f1ba8]
		at org.apache.catalina.util.LifecycleBase.handleSubClassException(LifecycleBase.java:402)
		at org.apache.catalina.util.LifecycleBase.start(LifecycleBase.java:179)
		at org.apache.catalina.core.StandardContext.resourcesStart(StandardContext.java:4118)
		at org.apache.catalina.core.StandardContext.startInternal(StandardContext.java:4240)
		at org.apache.catalina.util.LifecycleBase.start(LifecycleBase.java:164)
		at org.apache.catalina.core.ContainerBase.addChildInternal(ContainerBase.java:599)
		... 35 more
	Caused by: java.lang.IllegalArgumentException: The main resource set specified [C:\Users\ghost\Documents\NetBeansProjects\jsp-CRUD-main\build\web] is not a directory or war file, or is not readable (it does not exist or permissions to access it are missing)
		at org.apache.catalina.webresources.StandardRoot.createMainResourceSet(StandardRoot.java:749)
		at org.apache.catalina.webresources.StandardRoot.startInternal(StandardRoot.java:707)
		at org.apache.catalina.util.LifecycleBase.start(LifecycleBase.java:164)
		... 39 more
29-Oct-2024 21:40:56.863 INFO [main] org.apache.catalina.startup.HostConfig.deployDescriptor Deployment of deployment descriptor [C:\Users\ghost\Documents\NetBeansProjects\proyecto_web_CRUD\apache-tomcat-9.0.96\conf\Catalina\localhost\web_empresa_bd.xml] has finished in [41] ms
29-Oct-2024 21:40:56.863 INFO [main] org.apache.catalina.startup.HostConfig.deployDescriptor Desplieque del descriptor de configuración [C:\Users\ghost\Documents\NetBeansProjects\proyecto_web_CRUD\apache-tomcat-9.0.96\conf\Catalina\localhost\Web_proyecto.xml]
29-Oct-2024 21:40:56.864 WARNING [main] org.apache.catalina.startup.HostConfig.deployDescriptor The path attribute with value [/Web_proyecto] in deployment descriptor [C:\Users\ghost\Documents\NetBeansProjects\proyecto_web_CRUD\apache-tomcat-9.0.96\conf\Catalina\localhost\Web_proyecto.xml] has been ignored
29-Oct-2024 21:40:57.197 INFO [main] org.apache.jasper.servlet.TldScanner.scanJars Al menos un JAR, que se ha explorado buscando TLDs, aún no contenía TLDs. Activar historial de depuración para este historiador para una completa lista de los JARs que fueron explorados y de los que nos se halló TLDs. Saltarse JARs no necesarios durante la exploración puede dar lugar a una mejora de tiempo significativa en el arranque y compilación de JSP .
29-Oct-2024 21:40:57.201 INFO [main] org.apache.catalina.startup.HostConfig.deployDescriptor Deployment of deployment descriptor [C:\Users\ghost\Documents\NetBeansProjects\proyecto_web_CRUD\apache-tomcat-9.0.96\conf\Catalina\localhost\Web_proyecto.xml] has finished in [338] ms
29-Oct-2024 21:40:57.201 INFO [main] org.apache.catalina.startup.HostConfig.deployDescriptor Desplieque del descriptor de configuración [C:\Users\ghost\Documents\NetBeansProjects\proyecto_web_CRUD\apache-tomcat-9.0.96\conf\Catalina\localhost\web_proyecto2.xml]
29-Oct-2024 21:40:57.202 WARNING [main] org.apache.catalina.startup.HostConfig.deployDescriptor The path attribute with value [/web_proyecto2] in deployment descriptor [C:\Users\ghost\Documents\NetBeansProjects\proyecto_web_CRUD\apache-tomcat-9.0.96\conf\Catalina\localhost\web_proyecto2.xml] has been ignored
29-Oct-2024 21:40:57.205 SEVERE [main] org.apache.catalina.startup.HostConfig.deployDescriptor Error durante el despliegue del descriptor de configuración [C:\Users\ghost\Documents\NetBeansProjects\proyecto_web_CRUD\apache-tomcat-9.0.96\conf\Catalina\localhost\web_proyecto2.xml]
	java.lang.IllegalStateException: Error starting child
		at org.apache.catalina.core.ContainerBase.addChildInternal(ContainerBase.java:602)
		at org.apache.catalina.core.ContainerBase.addChild(ContainerBase.java:571)
		at org.apache.catalina.core.StandardHost.addChild(StandardHost.java:603)
		at org.apache.catalina.startup.HostConfig.deployDescriptor(HostConfig.java:680)
		at org.apache.catalina.startup.HostConfig$DeployDescriptor.run(HostConfig.java:1844)
		at java.base/java.util.concurrent.Executors$RunnableAdapter.call(Executors.java:572)
		at java.base/java.util.concurrent.FutureTask.run(FutureTask.java:317)
		at org.apache.tomcat.util.threads.InlineExecutorService.execute(InlineExecutorService.java:75)
		at java.base/java.util.concurrent.AbstractExecutorService.submit(AbstractExecutorService.java:123)
		at org.apache.catalina.startup.HostConfig.deployDescriptors(HostConfig.java:575)
		at org.apache.catalina.startup.HostConfig.deployApps(HostConfig.java:466)
		at org.apache.catalina.startup.HostConfig.start(HostConfig.java:1584)
		at org.apache.catalina.startup.HostConfig.lifecycleEvent(HostConfig.java:312)
		at org.apache.catalina.util.LifecycleBase.fireLifecycleEvent(LifecycleBase.java:109)
		at org.apache.catalina.util.LifecycleBase.setStateInternal(LifecycleBase.java:385)
		at org.apache.catalina.util.LifecycleBase.setState(LifecycleBase.java:332)
		at org.apache.catalina.core.ContainerBase.startInternal(ContainerBase.java:776)
		at org.apache.catalina.core.StandardHost.startInternal(StandardHost.java:721)
		at org.apache.catalina.util.LifecycleBase.start(LifecycleBase.java:164)
		at org.apache.catalina.core.ContainerBase$StartChild.call(ContainerBase.java:1203)
		at org.apache.catalina.core.ContainerBase$StartChild.call(ContainerBase.java:1193)
		at java.base/java.util.concurrent.FutureTask.run(FutureTask.java:317)
		at org.apache.tomcat.util.threads.InlineExecutorService.execute(InlineExecutorService.java:75)
		at java.base/java.util.concurrent.AbstractExecutorService.submit(AbstractExecutorService.java:145)
		at org.apache.catalina.core.ContainerBase.startInternal(ContainerBase.java:749)
		at org.apache.catalina.core.StandardEngine.startInternal(StandardEngine.java:211)
		at org.apache.catalina.util.LifecycleBase.start(LifecycleBase.java:164)
		at org.apache.catalina.core.StandardService.startInternal(StandardService.java:415)
		at org.apache.catalina.util.LifecycleBase.start(LifecycleBase.java:164)
		at org.apache.catalina.core.StandardServer.startInternal(StandardServer.java:874)
		at org.apache.catalina.util.LifecycleBase.start(LifecycleBase.java:164)
		at org.apache.catalina.startup.Catalina.start(Catalina.java:735)
		at java.base/jdk.internal.reflect.DirectMethodHandleAccessor.invoke(DirectMethodHandleAccessor.java:103)
		at java.base/java.lang.reflect.Method.invoke(Method.java:580)
		at org.apache.catalina.startup.Bootstrap.start(Bootstrap.java:345)
		at org.apache.catalina.startup.Bootstrap.main(Bootstrap.java:473)
	Caused by: org.apache.catalina.LifecycleException: Failed to start component [org.apache.catalina.webresources.StandardRoot@5a936e64]
		at org.apache.catalina.util.LifecycleBase.handleSubClassException(LifecycleBase.java:402)
		at org.apache.catalina.util.LifecycleBase.start(LifecycleBase.java:179)
		at org.apache.catalina.core.StandardContext.resourcesStart(StandardContext.java:4118)
		at org.apache.catalina.core.StandardContext.startInternal(StandardContext.java:4240)
		at org.apache.catalina.util.LifecycleBase.start(LifecycleBase.java:164)
		at org.apache.catalina.core.ContainerBase.addChildInternal(ContainerBase.java:599)
		... 35 more
	Caused by: java.lang.IllegalArgumentException: The main resource set specified [C:\Users\ghost\Documents\NetBeansProjects\proyecto programacion II\web_proyecto2\build\web] is not a directory or war file, or is not readable (it does not exist or permissions to access it are missing)
		at org.apache.catalina.webresources.StandardRoot.createMainResourceSet(StandardRoot.java:749)
		at org.apache.catalina.webresources.StandardRoot.startInternal(StandardRoot.java:707)
		at org.apache.catalina.util.LifecycleBase.start(LifecycleBase.java:164)
		... 39 more
29-Oct-2024 21:40:57.237 INFO [main] org.apache.catalina.startup.HostConfig.deployDescriptor Deployment of deployment descriptor [C:\Users\ghost\Documents\NetBeansProjects\proyecto_web_CRUD\apache-tomcat-9.0.96\conf\Catalina\localhost\web_proyecto2.xml] has finished in [35] ms
29-Oct-2024 21:40:57.237 INFO [main] org.apache.catalina.startup.HostConfig.deployDirectory Desplegando el directorio [C:\Users\ghost\Documents\NetBeansProjects\proyecto_web_CRUD\apache-tomcat-9.0.96\webapps\docs] de la aplicación web
29-Oct-2024 21:40:57.269 INFO [main] org.apache.catalina.startup.HostConfig.deployDirectory Deployment of web application directory [C:\Users\ghost\Documents\NetBeansProjects\proyecto_web_CRUD\apache-tomcat-9.0.96\webapps\docs] has finished in [31] ms
29-Oct-2024 21:40:57.269 INFO [main] org.apache.catalina.startup.HostConfig.deployDirectory Desplegando el directorio [C:\Users\ghost\Documents\NetBeansProjects\proyecto_web_CRUD\apache-tomcat-9.0.96\webapps\examples] de la aplicación web
29-Oct-2024 21:40:57.585 INFO [main] org.apache.catalina.startup.HostConfig.deployDirectory Deployment of web application directory [C:\Users\ghost\Documents\NetBeansProjects\proyecto_web_CRUD\apache-tomcat-9.0.96\webapps\examples] has finished in [315] ms
29-Oct-2024 21:40:57.585 INFO [main] org.apache.catalina.startup.HostConfig.deployDirectory Desplegando el directorio [C:\Users\ghost\Documents\NetBeansProjects\proyecto_web_CRUD\apache-tomcat-9.0.96\webapps\host-manager] de la aplicación web
29-Oct-2024 21:40:57.616 INFO [main] org.apache.catalina.startup.HostConfig.deployDirectory Deployment of web application directory [C:\Users\ghost\Documents\NetBeansProjects\proyecto_web_CRUD\apache-tomcat-9.0.96\webapps\host-manager] has finished in [31] ms
29-Oct-2024 21:40:57.617 INFO [main] org.apache.catalina.startup.HostConfig.deployDirectory Desplegando el directorio [C:\Users\ghost\Documents\NetBeansProjects\proyecto_web_CRUD\apache-tomcat-9.0.96\webapps\manager] de la aplicación web
29-Oct-2024 21:40:57.647 INFO [main] org.apache.catalina.startup.HostConfig.deployDirectory Deployment of web application directory [C:\Users\ghost\Documents\NetBeansProjects\proyecto_web_CRUD\apache-tomcat-9.0.96\webapps\manager] has finished in [30] ms
29-Oct-2024 21:40:57.648 INFO [main] org.apache.catalina.startup.HostConfig.deployDirectory Desplegando el directorio [C:\Users\ghost\Documents\NetBeansProjects\proyecto_web_CRUD\apache-tomcat-9.0.96\webapps\ROOT] de la aplicación web
29-Oct-2024 21:40:57.669 INFO [main] org.apache.catalina.startup.HostConfig.deployDirectory Deployment of web application directory [C:\Users\ghost\Documents\NetBeansProjects\proyecto_web_CRUD\apache-tomcat-9.0.96\webapps\ROOT] has finished in [20] ms
29-Oct-2024 21:40:57.672 INFO [main] org.apache.coyote.AbstractProtocol.start Starting ProtocolHandler ["http-nio-8080"]
29-Oct-2024 21:40:57.688 INFO [main] org.apache.catalina.startup.Catalina.start Server startup in [1865] milliseconds
29-Oct-2024 21:41:08.706 WARNING [http-nio-8080-exec-4] org.apache.catalina.loader.WebappClassLoaderBase.clearReferencesThreads The web application [proyecto_web_CRUD] appears to have started a thread named [mysql-cj-abandoned-connection-cleanup] but has failed to stop it. This is very likely to create a memory leak. Stack trace of thread:
 java.base/java.io.WinNTFileSystem.canonicalize0(Native Method)
 java.base/java.io.WinNTFileSystem.canonicalize(WinNTFileSystem.java:496)
 java.base/java.io.File.getCanonicalPath(File.java:626)
 org.apache.catalina.webresources.AbstractFileResourceSet.file(AbstractFileResourceSet.java:94)
 org.apache.catalina.webresources.DirResourceSet.getResource(DirResourceSet.java:94)
 org.apache.catalina.webresources.StandardRoot.getResourceInternal(StandardRoot.java:272)
 org.apache.catalina.webresources.CachedResource.validateResource(CachedResource.java:105)
 org.apache.catalina.webresources.Cache.getResource(Cache.java:96)
 org.apache.catalina.webresources.StandardRoot.getResource(StandardRoot.java:211)
 org.apache.catalina.webresources.StandardRoot.getClassLoaderResource(StandardRoot.java:220)
 org.apache.catalina.loader.WebappClassLoaderBase.findResource(WebappClassLoaderBase.java:872)
 org.apache.catalina.loader.WebappClassLoaderBase.getResource(WebappClassLoaderBase.java:981)
 com.mysql.cj.jdbc.AbandonedConnectionCleanupThread.checkThreadContextClassLoader(AbandonedConnectionCleanupThread.java:116)
 com.mysql.cj.jdbc.AbandonedConnectionCleanupThread.run(AbandonedConnectionCleanupThread.java:83)
 java.base/java.util.concurrent.ThreadPoolExecutor.runWorker(ThreadPoolExecutor.java:1144)
 java.base/java.util.concurrent.ThreadPoolExecutor$Worker.run(ThreadPoolExecutor.java:642)
 java.base/java.lang.Thread.run(Thread.java:1570)
29-Oct-2024 21:41:09.215 INFO [http-nio-8080-exec-4] org.apache.catalina.startup.HostConfig.undeploy Repliegue (undeploy) de la aplicación web que tiene como trayectoria de contexto [/proyecto_web_CRUD]
29-Oct-2024 21:41:09.251 INFO [http-nio-8080-exec-10] org.apache.catalina.startup.HostConfig.deployDescriptor Desplieque del descriptor de configuración [C:\Users\ghost\Documents\NetBeansProjects\proyecto_web_CRUD\apache-tomcat-9.0.96\conf\Catalina\localhost\proyecto_web_CRUD.xml]
29-Oct-2024 21:41:09.252 WARNING [http-nio-8080-exec-10] org.apache.catalina.startup.HostConfig.deployDescriptor The path attribute with value [/proyecto_web_CRUD] in deployment descriptor [C:\Users\ghost\Documents\NetBeansProjects\proyecto_web_CRUD\apache-tomcat-9.0.96\conf\Catalina\localhost\proyecto_web_CRUD.xml] has been ignored
29-Oct-2024 21:41:09.587 INFO [http-nio-8080-exec-10] org.apache.jasper.servlet.TldScanner.scanJars Al menos un JAR, que se ha explorado buscando TLDs, aún no contenía TLDs. Activar historial de depuración para este historiador para una completa lista de los JARs que fueron explorados y de los que nos se halló TLDs. Saltarse JARs no necesarios durante la exploración puede dar lugar a una mejora de tiempo significativa en el arranque y compilación de JSP .
29-Oct-2024 21:41:09.590 INFO [http-nio-8080-exec-10] org.apache.catalina.startup.HostConfig.deployDescriptor Deployment of deployment descriptor [C:\Users\ghost\Documents\NetBeansProjects\proyecto_web_CRUD\apache-tomcat-9.0.96\conf\Catalina\localhost\proyecto_web_CRUD.xml] has finished in [339] ms
29-Oct-2024 21:41:13.720 INFO [mysql-cj-abandoned-connection-cleanup] org.apache.catalina.loader.WebappClassLoaderBase.checkStateForResourceLoading Acceso ilegal: esta instancia de aplicación web ya ha sido parada.  Could not load [].  La eventual traza de pila que sigue ha sido motivada por un error lanzado con motivos de depuración así como para intentar terminar el hilo que motivó el acceso ilegal y no tiene impacto funcional.
	java.lang.IllegalStateException: Acceso ilegal: esta instancia de aplicación web ya ha sido parada.  Could not load [].  La eventual traza de pila que sigue ha sido motivada por un error lanzado con motivos de depuración así como para intentar terminar el hilo que motivó el acceso ilegal y no tiene impacto funcional.
		at org.apache.catalina.loader.WebappClassLoaderBase.checkStateForResourceLoading(WebappClassLoaderBase.java:1328)
		at org.apache.catalina.loader.WebappClassLoaderBase.getResource(WebappClassLoaderBase.java:960)
		at com.mysql.cj.jdbc.AbandonedConnectionCleanupThread.checkThreadContextClassLoader(AbandonedConnectionCleanupThread.java:116)
		at com.mysql.cj.jdbc.AbandonedConnectionCleanupThread.run(AbandonedConnectionCleanupThread.java:83)
		at java.base/java.util.concurrent.ThreadPoolExecutor.runWorker(ThreadPoolExecutor.java:1144)
		at java.base/java.util.concurrent.ThreadPoolExecutor$Worker.run(ThreadPoolExecutor.java:642)
		at java.base/java.lang.Thread.run(Thread.java:1570)
29-Oct-2024 22:54:48.437 INFO [main] org.apache.catalina.core.StandardServer.await Se ha recibido un comando de apagado a través del puerto de apagado. Parando la instancia del Servidor.
29-Oct-2024 22:54:48.440 INFO [main] org.apache.coyote.AbstractProtocol.pause Pausing ProtocolHandler ["http-nio-8080"]
29-Oct-2024 22:54:48.441 INFO [main] org.apache.catalina.core.StandardService.stopInternal Parando servicio [Catalina]
29-Oct-2024 22:54:48.456 WARNING [main] org.apache.catalina.loader.WebappClassLoaderBase.clearReferencesThreads The web application [Clientes] appears to have started a thread named [mysql-cj-abandoned-connection-cleanup] but has failed to stop it. This is very likely to create a memory leak. Stack trace of thread:
 org.apache.catalina.webresources.Cache.getResource(Cache.java:67)
 org.apache.catalina.webresources.StandardRoot.getResource(StandardRoot.java:211)
 org.apache.catalina.webresources.StandardRoot.getClassLoaderResource(StandardRoot.java:220)
 org.apache.catalina.loader.WebappClassLoaderBase.findResource(WebappClassLoaderBase.java:872)
 org.apache.catalina.loader.WebappClassLoaderBase.getResource(WebappClassLoaderBase.java:981)
 com.mysql.cj.jdbc.AbandonedConnectionCleanupThread.checkThreadContextClassLoader(AbandonedConnectionCleanupThread.java:116)
 com.mysql.cj.jdbc.AbandonedConnectionCleanupThread.run(AbandonedConnectionCleanupThread.java:83)
 java.base/java.util.concurrent.ThreadPoolExecutor.runWorker(ThreadPoolExecutor.java:1144)
 java.base/java.util.concurrent.ThreadPoolExecutor$Worker.run(ThreadPoolExecutor.java:642)
 java.base/java.lang.Thread.run(Thread.java:1570)
29-Oct-2024 22:54:48.456 WARNING [main] org.apache.catalina.loader.WebappClassLoaderBase.clearReferencesJdbc La aplicación web [Web_proyecto] registró el conductor JDBC [com.mysql.cj.jdbc.Driver] pero falló al anular el registro mientras la aplicación web estaba parada. Para prevenir un fallo de memoria, se ha anulado el registro del conductor JDBC por la fuerza.
29-Oct-2024 22:54:48.456 WARNING [main] org.apache.catalina.loader.WebappClassLoaderBase.clearReferencesThreads The web application [Web_proyecto] appears to have started a thread named [mysql-cj-abandoned-connection-cleanup] but has failed to stop it. This is very likely to create a memory leak. Stack trace of thread:
 java.base/jdk.internal.misc.Unsafe.park(Native Method)
 java.base/java.util.concurrent.locks.LockSupport.parkNanos(LockSupport.java:269)
 java.base/java.util.concurrent.locks.AbstractQueuedSynchronizer$ConditionObject.await(AbstractQueuedSynchronizer.java:1847)
 java.base/java.lang.ref.ReferenceQueue.await(ReferenceQueue.java:71)
 java.base/java.lang.ref.ReferenceQueue.remove0(ReferenceQueue.java:143)
 java.base/java.lang.ref.ReferenceQueue.remove(ReferenceQueue.java:218)
 com.mysql.cj.jdbc.AbandonedConnectionCleanupThread.run(AbandonedConnectionCleanupThread.java:84)
 java.base/java.util.concurrent.ThreadPoolExecutor.runWorker(ThreadPoolExecutor.java:1144)
 java.base/java.util.concurrent.ThreadPoolExecutor$Worker.run(ThreadPoolExecutor.java:642)
 java.base/java.lang.Thread.run(Thread.java:1570)
29-Oct-2024 22:54:48.456 WARNING [main] org.apache.catalina.loader.WebappClassLoaderBase.clearReferencesJdbc La aplicación web [proyecto_web_CRUD] registró el conductor JDBC [com.mysql.cj.jdbc.Driver] pero falló al anular el registro mientras la aplicación web estaba parada. Para prevenir un fallo de memoria, se ha anulado el registro del conductor JDBC por la fuerza.
29-Oct-2024 22:54:48.456 WARNING [main] org.apache.catalina.loader.WebappClassLoaderBase.clearReferencesThreads The web application [proyecto_web_CRUD] appears to have started a thread named [mysql-cj-abandoned-connection-cleanup] but has failed to stop it. This is very likely to create a memory leak. Stack trace of thread:
 java.base/jdk.internal.misc.Unsafe.park(Native Method)
 java.base/java.util.concurrent.locks.LockSupport.parkNanos(LockSupport.java:269)
 java.base/java.util.concurrent.locks.AbstractQueuedSynchronizer$ConditionObject.await(AbstractQueuedSynchronizer.java:1847)
 java.base/java.lang.ref.ReferenceQueue.await(ReferenceQueue.java:71)
 java.base/java.lang.ref.ReferenceQueue.remove0(ReferenceQueue.java:143)
 java.base/java.lang.ref.ReferenceQueue.remove(ReferenceQueue.java:218)
 com.mysql.cj.jdbc.AbandonedConnectionCleanupThread.run(AbandonedConnectionCleanupThread.java:84)
 java.base/java.util.concurrent.ThreadPoolExecutor.runWorker(ThreadPoolExecutor.java:1144)
 java.base/java.util.concurrent.ThreadPoolExecutor$Worker.run(ThreadPoolExecutor.java:642)
 java.base/java.lang.Thread.run(Thread.java:1570)
29-Oct-2024 22:54:48.723 INFO [main] org.apache.coyote.AbstractProtocol.stop Stopping ProtocolHandler ["http-nio-8080"]
29-Oct-2024 22:54:48.739 INFO [main] org.apache.coyote.AbstractProtocol.destroy Destroying ProtocolHandler ["http-nio-8080"]
29-Oct-2024 22:54:48.739 INFO [mysql-cj-abandoned-connection-cleanup] org.apache.catalina.loader.WebappClassLoaderBase.checkStateForResourceLoading Acceso ilegal: esta instancia de aplicación web ya ha sido parada.  Could not load [].  La eventual traza de pila que sigue ha sido motivada por un error lanzado con motivos de depuración así como para intentar terminar el hilo que motivó el acceso ilegal y no tiene impacto funcional.
	java.lang.IllegalStateException: Acceso ilegal: esta instancia de aplicación web ya ha sido parada.  Could not load [].  La eventual traza de pila que sigue ha sido motivada por un error lanzado con motivos de depuración así como para intentar terminar el hilo que motivó el acceso ilegal y no tiene impacto funcional.
		at org.apache.catalina.loader.WebappClassLoaderBase.checkStateForResourceLoading(WebappClassLoaderBase.java:1328)
		at org.apache.catalina.loader.WebappClassLoaderBase.getResource(WebappClassLoaderBase.java:960)
		at com.mysql.cj.jdbc.AbandonedConnectionCleanupThread.checkThreadContextClassLoader(AbandonedConnectionCleanupThread.java:116)
		at com.mysql.cj.jdbc.AbandonedConnectionCleanupThread.run(AbandonedConnectionCleanupThread.java:83)
		at java.base/java.util.concurrent.ThreadPoolExecutor.runWorker(ThreadPoolExecutor.java:1144)
		at java.base/java.util.concurrent.ThreadPoolExecutor$Worker.run(ThreadPoolExecutor.java:642)
		at java.base/java.lang.Thread.run(Thread.java:1570)
