24-Oct-2024 11:47:21.165 INFO [main] org.apache.catalina.core.ApplicationContext.log ContextListener: contextInitialized()
24-Oct-2024 11:47:21.165 INFO [main] org.apache.catalina.core.ApplicationContext.log SessionListener: contextInitialized()
24-Oct-2024 11:47:21.167 INFO [main] org.apache.catalina.core.ApplicationContext.log ContextListener: attributeAdded('StockTicker', 'async.Stockticker@1937eaff')
24-Oct-2024 11:47:24.051 SEVERE [http-nio-8080-exec-2] org.apache.catalina.core.StandardWrapperValve.invoke El Servlet.service() para el servlet [jsp] en el contexto con ruta [/web_empresa_bd] lanzó la excepción [Ha sucedido una excepción al procesar la página JSP [index.jsp] en línea [67]

64:               <select name="drop_puesto" id="drop_puesto" class="form-control">
65:                   <%
66:                   Puesto puesto = new Puesto();
67:                   HashMap<String, String> drop = puesto.drop_sangre(); 
68:                   for (String i:drop.keySet()){
69:                       out.println("<option value= '"+ i +"'>" + drop.get(i) + "</option>");
70:                       }


Stacktrace:] con causa raíz
	java.lang.NullPointerException: Cannot invoke "java.sql.Connection.createStatement()" because "this.cn.conexionBD" is null
		at modelo.Puesto.drop_sangre(Puesto.java:41)
		at org.apache.jsp.index_jsp._jspService(index_jsp.java:187)
		at org.apache.jasper.runtime.HttpJspBase.service(HttpJspBase.java:67)
		at javax.servlet.http.HttpServlet.service(HttpServlet.java:623)
		at org.apache.jasper.servlet.JspServletWrapper.service(JspServletWrapper.java:466)
		at org.apache.jasper.servlet.JspServlet.serviceJspFile(JspServlet.java:376)
		at org.apache.jasper.servlet.JspServlet.service(JspServlet.java:324)
		at javax.servlet.http.HttpServlet.service(HttpServlet.java:623)
		at org.apache.catalina.core.ApplicationFilterChain.internalDoFilter(ApplicationFilterChain.java:199)
		at org.apache.catalina.core.ApplicationFilterChain.doFilter(ApplicationFilterChain.java:144)
		at org.apache.tomcat.websocket.server.WsFilter.doFilter(WsFilter.java:51)
		at org.apache.catalina.core.ApplicationFilterChain.internalDoFilter(ApplicationFilterChain.java:168)
		at org.apache.catalina.core.ApplicationFilterChain.doFilter(ApplicationFilterChain.java:144)
		at org.apache.catalina.core.StandardWrapperValve.invoke(StandardWrapperValve.java:168)
		at org.apache.catalina.core.StandardContextValve.invoke(StandardContextValve.java:90)
		at org.apache.catalina.authenticator.AuthenticatorBase.invoke(AuthenticatorBase.java:482)
		at org.apache.catalina.core.StandardHostValve.invoke(StandardHostValve.java:130)
		at org.apache.catalina.valves.ErrorReportValve.invoke(ErrorReportValve.java:93)
		at org.apache.catalina.valves.AbstractAccessLogValve.invoke(AbstractAccessLogValve.java:660)
		at org.apache.catalina.core.StandardEngineValve.invoke(StandardEngineValve.java:74)
		at org.apache.catalina.connector.CoyoteAdapter.service(CoyoteAdapter.java:346)
		at org.apache.coyote.http11.Http11Processor.service(Http11Processor.java:383)
		at org.apache.coyote.AbstractProcessorLight.process(AbstractProcessorLight.java:63)
		at org.apache.coyote.AbstractProtocol$ConnectionHandler.process(AbstractProtocol.java:937)
		at org.apache.tomcat.util.net.NioEndpoint$SocketProcessor.doRun(NioEndpoint.java:1791)
		at org.apache.tomcat.util.net.SocketProcessorBase.run(SocketProcessorBase.java:52)
		at org.apache.tomcat.util.threads.ThreadPoolExecutor.runWorker(ThreadPoolExecutor.java:1190)
		at org.apache.tomcat.util.threads.ThreadPoolExecutor$Worker.run(ThreadPoolExecutor.java:659)
		at org.apache.tomcat.util.threads.TaskThread$WrappingRunnable.run(TaskThread.java:63)
		at java.base/java.lang.Thread.run(Thread.java:1570)
24-Oct-2024 16:59:15.740 SEVERE [http-nio-8080-exec-135] org.apache.catalina.core.StandardWrapperValve.invoke El Servlet.service() para el servlet [jsp] en el contexto con ruta [/proyecto_web_CRUD] lanzó la excepción [No se puede compilar la clase para JSP: 

Ha tenido lugar un error en la línea: [14] en el fichero java generado: [C:\Users\ghost\Documents\NetBeansProjects\apache-tomcat-9.0.96\work\Catalina\localhost\proyecto_web_CRUD\org\apache\jsp\Proveedores_jsp.java]
Only a type can be imported. modelo.Proveedor resolves to a package

Ha tenido lugar un error en la línea: [111] en el archivo jsp: [/Proveedores.jsp]
Proveedor cannot be resolved to a type
108:                 </thead>
109:                 <tbody id="tbl_proveedor">
110:                     <% 
111:                         Proveedor proveedor = new Proveedor();
112:                         DefaultTableModel tabla = proveedor.leer();
113:                         for (int t = 0; t < tabla.getRowCount(); t++) {
114:                             out.println("<tr data-id='" + tabla.getValueAt(t, 0) + "'>");


Ha tenido lugar un error en la línea: [111] en el archivo jsp: [/Proveedores.jsp]
Proveedor cannot be resolved to a type
108:                 </thead>
109:                 <tbody id="tbl_proveedor">
110:                     <% 
111:                         Proveedor proveedor = new Proveedor();
112:                         DefaultTableModel tabla = proveedor.leer();
113:                         for (int t = 0; t < tabla.getRowCount(); t++) {
114:                             out.println("<tr data-id='" + tabla.getValueAt(t, 0) + "'>");


Stacktrace:] con causa raíz
	org.apache.jasper.JasperException: No se puede compilar la clase para JSP: 

Ha tenido lugar un error en la línea: [14] en el fichero java generado: [C:\Users\ghost\Documents\NetBeansProjects\apache-tomcat-9.0.96\work\Catalina\localhost\proyecto_web_CRUD\org\apache\jsp\Proveedores_jsp.java]
Only a type can be imported. modelo.Proveedor resolves to a package

Ha tenido lugar un error en la línea: [111] en el archivo jsp: [/Proveedores.jsp]
Proveedor cannot be resolved to a type
108:                 </thead>
109:                 <tbody id="tbl_proveedor">
110:                     <% 
111:                         Proveedor proveedor = new Proveedor();
112:                         DefaultTableModel tabla = proveedor.leer();
113:                         for (int t = 0; t < tabla.getRowCount(); t++) {
114:                             out.println("<tr data-id='" + tabla.getValueAt(t, 0) + "'>");


Ha tenido lugar un error en la línea: [111] en el archivo jsp: [/Proveedores.jsp]
Proveedor cannot be resolved to a type
108:                 </thead>
109:                 <tbody id="tbl_proveedor">
110:                     <% 
111:                         Proveedor proveedor = new Proveedor();
112:                         DefaultTableModel tabla = proveedor.leer();
113:                         for (int t = 0; t < tabla.getRowCount(); t++) {
114:                             out.println("<tr data-id='" + tabla.getValueAt(t, 0) + "'>");


Stacktrace:
		at org.apache.jasper.compiler.DefaultErrorHandler.javacError(DefaultErrorHandler.java:81)
		at org.apache.jasper.compiler.ErrorDispatcher.javacError(ErrorDispatcher.java:214)
		at org.apache.jasper.compiler.JDTCompiler.generateClass(JDTCompiler.java:561)
		at org.apache.jasper.compiler.Compiler.compile(Compiler.java:398)
		at org.apache.jasper.compiler.Compiler.compile(Compiler.java:368)
		at org.apache.jasper.compiler.Compiler.compile(Compiler.java:352)
		at org.apache.jasper.JspCompilationContext.compile(JspCompilationContext.java:603)
		at org.apache.jasper.servlet.JspServletWrapper.service(JspServletWrapper.java:399)
		at org.apache.jasper.servlet.JspServlet.serviceJspFile(JspServlet.java:376)
		at org.apache.jasper.servlet.JspServlet.service(JspServlet.java:324)
		at javax.servlet.http.HttpServlet.service(HttpServlet.java:623)
		at org.apache.catalina.core.ApplicationFilterChain.internalDoFilter(ApplicationFilterChain.java:199)
		at org.apache.catalina.core.ApplicationFilterChain.doFilter(ApplicationFilterChain.java:144)
		at org.apache.tomcat.websocket.server.WsFilter.doFilter(WsFilter.java:51)
		at org.apache.catalina.core.ApplicationFilterChain.internalDoFilter(ApplicationFilterChain.java:168)
		at org.apache.catalina.core.ApplicationFilterChain.doFilter(ApplicationFilterChain.java:144)
		at org.apache.catalina.core.StandardWrapperValve.invoke(StandardWrapperValve.java:168)
		at org.apache.catalina.core.StandardContextValve.invoke(StandardContextValve.java:90)
		at org.apache.catalina.authenticator.AuthenticatorBase.invoke(AuthenticatorBase.java:482)
		at org.apache.catalina.core.StandardHostValve.invoke(StandardHostValve.java:130)
		at org.apache.catalina.valves.ErrorReportValve.invoke(ErrorReportValve.java:93)
		at org.apache.catalina.valves.AbstractAccessLogValve.invoke(AbstractAccessLogValve.java:660)
		at org.apache.catalina.core.StandardEngineValve.invoke(StandardEngineValve.java:74)
		at org.apache.catalina.connector.CoyoteAdapter.service(CoyoteAdapter.java:346)
		at org.apache.coyote.http11.Http11Processor.service(Http11Processor.java:383)
		at org.apache.coyote.AbstractProcessorLight.process(AbstractProcessorLight.java:63)
		at org.apache.coyote.AbstractProtocol$ConnectionHandler.process(AbstractProtocol.java:937)
		at org.apache.tomcat.util.net.NioEndpoint$SocketProcessor.doRun(NioEndpoint.java:1791)
		at org.apache.tomcat.util.net.SocketProcessorBase.run(SocketProcessorBase.java:52)
		at org.apache.tomcat.util.threads.ThreadPoolExecutor.runWorker(ThreadPoolExecutor.java:1190)
		at org.apache.tomcat.util.threads.ThreadPoolExecutor$Worker.run(ThreadPoolExecutor.java:659)
		at org.apache.tomcat.util.threads.TaskThread$WrappingRunnable.run(TaskThread.java:63)
		at java.base/java.lang.Thread.run(Thread.java:1570)
24-Oct-2024 16:59:16.852 SEVERE [http-nio-8080-exec-138] org.apache.catalina.core.StandardWrapperValve.invoke El Servlet.service() para el servlet [jsp] en el contexto con ruta [/proyecto_web_CRUD] lanzó la excepción [No se puede compilar la clase para JSP: 

Ha tenido lugar un error en la línea: [15] en el fichero java generado: [C:\Users\ghost\Documents\NetBeansProjects\apache-tomcat-9.0.96\work\Catalina\localhost\proyecto_web_CRUD\org\apache\jsp\Marcas_jsp.java]
Only a type can be imported. modelo.ConexionBD resolves to a package

Stacktrace:] con causa raíz
	org.apache.jasper.JasperException: No se puede compilar la clase para JSP: 

Ha tenido lugar un error en la línea: [15] en el fichero java generado: [C:\Users\ghost\Documents\NetBeansProjects\apache-tomcat-9.0.96\work\Catalina\localhost\proyecto_web_CRUD\org\apache\jsp\Marcas_jsp.java]
Only a type can be imported. modelo.ConexionBD resolves to a package

Stacktrace:
		at org.apache.jasper.compiler.DefaultErrorHandler.javacError(DefaultErrorHandler.java:81)
		at org.apache.jasper.compiler.ErrorDispatcher.javacError(ErrorDispatcher.java:214)
		at org.apache.jasper.compiler.JDTCompiler.generateClass(JDTCompiler.java:561)
		at org.apache.jasper.compiler.Compiler.compile(Compiler.java:398)
		at org.apache.jasper.compiler.Compiler.compile(Compiler.java:368)
		at org.apache.jasper.compiler.Compiler.compile(Compiler.java:352)
		at org.apache.jasper.JspCompilationContext.compile(JspCompilationContext.java:603)
		at org.apache.jasper.servlet.JspServletWrapper.service(JspServletWrapper.java:399)
		at org.apache.jasper.servlet.JspServlet.serviceJspFile(JspServlet.java:376)
		at org.apache.jasper.servlet.JspServlet.service(JspServlet.java:324)
		at javax.servlet.http.HttpServlet.service(HttpServlet.java:623)
		at org.apache.catalina.core.ApplicationFilterChain.internalDoFilter(ApplicationFilterChain.java:199)
		at org.apache.catalina.core.ApplicationFilterChain.doFilter(ApplicationFilterChain.java:144)
		at org.apache.tomcat.websocket.server.WsFilter.doFilter(WsFilter.java:51)
		at org.apache.catalina.core.ApplicationFilterChain.internalDoFilter(ApplicationFilterChain.java:168)
		at org.apache.catalina.core.ApplicationFilterChain.doFilter(ApplicationFilterChain.java:144)
		at org.apache.catalina.core.StandardWrapperValve.invoke(StandardWrapperValve.java:168)
		at org.apache.catalina.core.StandardContextValve.invoke(StandardContextValve.java:90)
		at org.apache.catalina.authenticator.AuthenticatorBase.invoke(AuthenticatorBase.java:482)
		at org.apache.catalina.core.StandardHostValve.invoke(StandardHostValve.java:130)
		at org.apache.catalina.valves.ErrorReportValve.invoke(ErrorReportValve.java:93)
		at org.apache.catalina.valves.AbstractAccessLogValve.invoke(AbstractAccessLogValve.java:660)
		at org.apache.catalina.core.StandardEngineValve.invoke(StandardEngineValve.java:74)
		at org.apache.catalina.connector.CoyoteAdapter.service(CoyoteAdapter.java:346)
		at org.apache.coyote.http11.Http11Processor.service(Http11Processor.java:383)
		at org.apache.coyote.AbstractProcessorLight.process(AbstractProcessorLight.java:63)
		at org.apache.coyote.AbstractProtocol$ConnectionHandler.process(AbstractProtocol.java:937)
		at org.apache.tomcat.util.net.NioEndpoint$SocketProcessor.doRun(NioEndpoint.java:1791)
		at org.apache.tomcat.util.net.SocketProcessorBase.run(SocketProcessorBase.java:52)
		at org.apache.tomcat.util.threads.ThreadPoolExecutor.runWorker(ThreadPoolExecutor.java:1190)
		at org.apache.tomcat.util.threads.ThreadPoolExecutor$Worker.run(ThreadPoolExecutor.java:659)
		at org.apache.tomcat.util.threads.TaskThread$WrappingRunnable.run(TaskThread.java:63)
		at java.base/java.lang.Thread.run(Thread.java:1570)
24-Oct-2024 16:59:17.970 SEVERE [http-nio-8080-exec-133] org.apache.catalina.core.StandardWrapperValve.invoke El Servlet.service() para el servlet [jsp] en el contexto con ruta [/proyecto_web_CRUD] lanzó la excepción [org.apache.jasper.JasperException: java.lang.ClassNotFoundException: org.apache.jsp.Proveedores_jsp] con causa raíz
	java.lang.ClassNotFoundException: org.apache.jsp.Proveedores_jsp
		at java.base/java.net.URLClassLoader.findClass(URLClassLoader.java:445)
		at org.apache.jasper.servlet.JasperLoader.loadClass(JasperLoader.java:129)
		at org.apache.jasper.servlet.JasperLoader.loadClass(JasperLoader.java:58)
		at org.apache.catalina.core.DefaultInstanceManager.newInstance(DefaultInstanceManager.java:150)
		at org.apache.jasper.servlet.JspServletWrapper.getServlet(JspServletWrapper.java:192)
		at org.apache.jasper.servlet.JspServletWrapper.service(JspServletWrapper.java:413)
		at org.apache.jasper.servlet.JspServlet.serviceJspFile(JspServlet.java:376)
		at org.apache.jasper.servlet.JspServlet.service(JspServlet.java:324)
		at javax.servlet.http.HttpServlet.service(HttpServlet.java:623)
		at org.apache.catalina.core.ApplicationFilterChain.internalDoFilter(ApplicationFilterChain.java:199)
		at org.apache.catalina.core.ApplicationFilterChain.doFilter(ApplicationFilterChain.java:144)
		at org.apache.tomcat.websocket.server.WsFilter.doFilter(WsFilter.java:51)
		at org.apache.catalina.core.ApplicationFilterChain.internalDoFilter(ApplicationFilterChain.java:168)
		at org.apache.catalina.core.ApplicationFilterChain.doFilter(ApplicationFilterChain.java:144)
		at org.apache.catalina.core.StandardWrapperValve.invoke(StandardWrapperValve.java:168)
		at org.apache.catalina.core.StandardContextValve.invoke(StandardContextValve.java:90)
		at org.apache.catalina.authenticator.AuthenticatorBase.invoke(AuthenticatorBase.java:482)
		at org.apache.catalina.core.StandardHostValve.invoke(StandardHostValve.java:130)
		at org.apache.catalina.valves.ErrorReportValve.invoke(ErrorReportValve.java:93)
		at org.apache.catalina.valves.AbstractAccessLogValve.invoke(AbstractAccessLogValve.java:660)
		at org.apache.catalina.core.StandardEngineValve.invoke(StandardEngineValve.java:74)
		at org.apache.catalina.connector.CoyoteAdapter.service(CoyoteAdapter.java:346)
		at org.apache.coyote.http11.Http11Processor.service(Http11Processor.java:383)
		at org.apache.coyote.AbstractProcessorLight.process(AbstractProcessorLight.java:63)
		at org.apache.coyote.AbstractProtocol$ConnectionHandler.process(AbstractProtocol.java:937)
		at org.apache.tomcat.util.net.NioEndpoint$SocketProcessor.doRun(NioEndpoint.java:1791)
		at org.apache.tomcat.util.net.SocketProcessorBase.run(SocketProcessorBase.java:52)
		at org.apache.tomcat.util.threads.ThreadPoolExecutor.runWorker(ThreadPoolExecutor.java:1190)
		at org.apache.tomcat.util.threads.ThreadPoolExecutor$Worker.run(ThreadPoolExecutor.java:659)
		at org.apache.tomcat.util.threads.TaskThread$WrappingRunnable.run(TaskThread.java:63)
		at java.base/java.lang.Thread.run(Thread.java:1570)
24-Oct-2024 16:59:18.701 SEVERE [http-nio-8080-exec-119] org.apache.catalina.core.StandardWrapperValve.invoke El Servlet.service() para el servlet [jsp] en el contexto con ruta [/proyecto_web_CRUD] lanzó la excepción [org.apache.jasper.JasperException: java.lang.ClassNotFoundException: org.apache.jsp.Proveedores_jsp] con causa raíz
	java.lang.ClassNotFoundException: org.apache.jsp.Proveedores_jsp
		at java.base/java.net.URLClassLoader.findClass(URLClassLoader.java:445)
		at org.apache.jasper.servlet.JasperLoader.loadClass(JasperLoader.java:129)
		at org.apache.jasper.servlet.JasperLoader.loadClass(JasperLoader.java:58)
		at org.apache.catalina.core.DefaultInstanceManager.newInstance(DefaultInstanceManager.java:150)
		at org.apache.jasper.servlet.JspServletWrapper.getServlet(JspServletWrapper.java:192)
		at org.apache.jasper.servlet.JspServletWrapper.service(JspServletWrapper.java:413)
		at org.apache.jasper.servlet.JspServlet.serviceJspFile(JspServlet.java:376)
		at org.apache.jasper.servlet.JspServlet.service(JspServlet.java:324)
		at javax.servlet.http.HttpServlet.service(HttpServlet.java:623)
		at org.apache.catalina.core.ApplicationFilterChain.internalDoFilter(ApplicationFilterChain.java:199)
		at org.apache.catalina.core.ApplicationFilterChain.doFilter(ApplicationFilterChain.java:144)
		at org.apache.tomcat.websocket.server.WsFilter.doFilter(WsFilter.java:51)
		at org.apache.catalina.core.ApplicationFilterChain.internalDoFilter(ApplicationFilterChain.java:168)
		at org.apache.catalina.core.ApplicationFilterChain.doFilter(ApplicationFilterChain.java:144)
		at org.apache.catalina.core.StandardWrapperValve.invoke(StandardWrapperValve.java:168)
		at org.apache.catalina.core.StandardContextValve.invoke(StandardContextValve.java:90)
		at org.apache.catalina.authenticator.AuthenticatorBase.invoke(AuthenticatorBase.java:482)
		at org.apache.catalina.core.StandardHostValve.invoke(StandardHostValve.java:130)
		at org.apache.catalina.valves.ErrorReportValve.invoke(ErrorReportValve.java:93)
		at org.apache.catalina.valves.AbstractAccessLogValve.invoke(AbstractAccessLogValve.java:660)
		at org.apache.catalina.core.StandardEngineValve.invoke(StandardEngineValve.java:74)
		at org.apache.catalina.connector.CoyoteAdapter.service(CoyoteAdapter.java:346)
		at org.apache.coyote.http11.Http11Processor.service(Http11Processor.java:383)
		at org.apache.coyote.AbstractProcessorLight.process(AbstractProcessorLight.java:63)
		at org.apache.coyote.AbstractProtocol$ConnectionHandler.process(AbstractProtocol.java:937)
		at org.apache.tomcat.util.net.NioEndpoint$SocketProcessor.doRun(NioEndpoint.java:1791)
		at org.apache.tomcat.util.net.SocketProcessorBase.run(SocketProcessorBase.java:52)
		at org.apache.tomcat.util.threads.ThreadPoolExecutor.runWorker(ThreadPoolExecutor.java:1190)
		at org.apache.tomcat.util.threads.ThreadPoolExecutor$Worker.run(ThreadPoolExecutor.java:659)
		at org.apache.tomcat.util.threads.TaskThread$WrappingRunnable.run(TaskThread.java:63)
		at java.base/java.lang.Thread.run(Thread.java:1570)
24-Oct-2024 17:09:28.177 SEVERE [http-nio-8080-exec-157] org.apache.catalina.core.StandardWrapperValve.invoke El Servlet.service() para el servlet [jsp] en el contexto con ruta [/proyecto_web_CRUD] lanzó la excepción [No se puede compilar la clase para JSP: 

Ha tenido lugar un error en la línea: [189] en el archivo jsp: [/Clientes.jsp]
The method obtenerConexion() is undefined for the type ConexionBD
186:                     ResultSet rs = null;
187: 
188:                     try {
189:                         conn = ConexionBD.obtenerConexion();
190:                         String sql = "SELECT id_Cliente, nombres, apellidos, NIT, genero, telefono, correo_electronico, fecha_ingreso FROM clientes";
191:                         stmt = conn.prepareStatement(sql);
192:                         rs = stmt.executeQuery();


Stacktrace:] con causa raíz
	org.apache.jasper.JasperException: No se puede compilar la clase para JSP: 

Ha tenido lugar un error en la línea: [189] en el archivo jsp: [/Clientes.jsp]
The method obtenerConexion() is undefined for the type ConexionBD
186:                     ResultSet rs = null;
187: 
188:                     try {
189:                         conn = ConexionBD.obtenerConexion();
190:                         String sql = "SELECT id_Cliente, nombres, apellidos, NIT, genero, telefono, correo_electronico, fecha_ingreso FROM clientes";
191:                         stmt = conn.prepareStatement(sql);
192:                         rs = stmt.executeQuery();


Stacktrace:
		at org.apache.jasper.compiler.DefaultErrorHandler.javacError(DefaultErrorHandler.java:81)
		at org.apache.jasper.compiler.ErrorDispatcher.javacError(ErrorDispatcher.java:214)
		at org.apache.jasper.compiler.JDTCompiler.generateClass(JDTCompiler.java:561)
		at org.apache.jasper.compiler.Compiler.compile(Compiler.java:398)
		at org.apache.jasper.compiler.Compiler.compile(Compiler.java:368)
		at org.apache.jasper.compiler.Compiler.compile(Compiler.java:352)
		at org.apache.jasper.JspCompilationContext.compile(JspCompilationContext.java:603)
		at org.apache.jasper.servlet.JspServletWrapper.service(JspServletWrapper.java:399)
		at org.apache.jasper.servlet.JspServlet.serviceJspFile(JspServlet.java:376)
		at org.apache.jasper.servlet.JspServlet.service(JspServlet.java:324)
		at javax.servlet.http.HttpServlet.service(HttpServlet.java:623)
		at org.apache.catalina.core.ApplicationFilterChain.internalDoFilter(ApplicationFilterChain.java:199)
		at org.apache.catalina.core.ApplicationFilterChain.doFilter(ApplicationFilterChain.java:144)
		at org.apache.tomcat.websocket.server.WsFilter.doFilter(WsFilter.java:51)
		at org.apache.catalina.core.ApplicationFilterChain.internalDoFilter(ApplicationFilterChain.java:168)
		at org.apache.catalina.core.ApplicationFilterChain.doFilter(ApplicationFilterChain.java:144)
		at org.apache.catalina.core.StandardWrapperValve.invoke(StandardWrapperValve.java:168)
		at org.apache.catalina.core.StandardContextValve.invoke(StandardContextValve.java:90)
		at org.apache.catalina.authenticator.AuthenticatorBase.invoke(AuthenticatorBase.java:482)
		at org.apache.catalina.core.StandardHostValve.invoke(StandardHostValve.java:130)
		at org.apache.catalina.valves.ErrorReportValve.invoke(ErrorReportValve.java:93)
		at org.apache.catalina.valves.AbstractAccessLogValve.invoke(AbstractAccessLogValve.java:660)
		at org.apache.catalina.core.StandardEngineValve.invoke(StandardEngineValve.java:74)
		at org.apache.catalina.connector.CoyoteAdapter.service(CoyoteAdapter.java:346)
		at org.apache.coyote.http11.Http11Processor.service(Http11Processor.java:383)
		at org.apache.coyote.AbstractProcessorLight.process(AbstractProcessorLight.java:63)
		at org.apache.coyote.AbstractProtocol$ConnectionHandler.process(AbstractProtocol.java:937)
		at org.apache.tomcat.util.net.NioEndpoint$SocketProcessor.doRun(NioEndpoint.java:1791)
		at org.apache.tomcat.util.net.SocketProcessorBase.run(SocketProcessorBase.java:52)
		at org.apache.tomcat.util.threads.ThreadPoolExecutor.runWorker(ThreadPoolExecutor.java:1190)
		at org.apache.tomcat.util.threads.ThreadPoolExecutor$Worker.run(ThreadPoolExecutor.java:659)
		at org.apache.tomcat.util.threads.TaskThread$WrappingRunnable.run(TaskThread.java:63)
		at java.base/java.lang.Thread.run(Thread.java:1570)
24-Oct-2024 17:10:14.816 SEVERE [http-nio-8080-exec-168] org.apache.catalina.core.StandardWrapperValve.invoke El Servlet.service() para el servlet [jsp] en el contexto con ruta [/proyecto_web_CRUD] lanzó la excepción [No se puede compilar la clase para JSP: 

Ha tenido lugar un error en la línea: [189] en el archivo jsp: [/Clientes.jsp]
The method obtenerConexion() is undefined for the type ConexionBD
186:                     ResultSet rs = null;
187: 
188:                     try {
189:                         conn = ConexionBD.obtenerConexion();
190:                         String sql = "SELECT id_Cliente, nombres, apellidos, NIT, genero, telefono, correo_electronico, fecha_ingreso FROM clientes";
191:                         stmt = conn.prepareStatement(sql);
192:                         rs = stmt.executeQuery();


Stacktrace:] con causa raíz
	org.apache.jasper.JasperException: No se puede compilar la clase para JSP: 

Ha tenido lugar un error en la línea: [189] en el archivo jsp: [/Clientes.jsp]
The method obtenerConexion() is undefined for the type ConexionBD
186:                     ResultSet rs = null;
187: 
188:                     try {
189:                         conn = ConexionBD.obtenerConexion();
190:                         String sql = "SELECT id_Cliente, nombres, apellidos, NIT, genero, telefono, correo_electronico, fecha_ingreso FROM clientes";
191:                         stmt = conn.prepareStatement(sql);
192:                         rs = stmt.executeQuery();


Stacktrace:
		at org.apache.jasper.compiler.DefaultErrorHandler.javacError(DefaultErrorHandler.java:81)
		at org.apache.jasper.compiler.ErrorDispatcher.javacError(ErrorDispatcher.java:214)
		at org.apache.jasper.compiler.JDTCompiler.generateClass(JDTCompiler.java:561)
		at org.apache.jasper.compiler.Compiler.compile(Compiler.java:398)
		at org.apache.jasper.compiler.Compiler.compile(Compiler.java:368)
		at org.apache.jasper.compiler.Compiler.compile(Compiler.java:352)
		at org.apache.jasper.JspCompilationContext.compile(JspCompilationContext.java:603)
		at org.apache.jasper.servlet.JspServletWrapper.service(JspServletWrapper.java:399)
		at org.apache.jasper.servlet.JspServlet.serviceJspFile(JspServlet.java:376)
		at org.apache.jasper.servlet.JspServlet.service(JspServlet.java:324)
		at javax.servlet.http.HttpServlet.service(HttpServlet.java:623)
		at org.apache.catalina.core.ApplicationFilterChain.internalDoFilter(ApplicationFilterChain.java:199)
		at org.apache.catalina.core.ApplicationFilterChain.doFilter(ApplicationFilterChain.java:144)
		at org.apache.tomcat.websocket.server.WsFilter.doFilter(WsFilter.java:51)
		at org.apache.catalina.core.ApplicationFilterChain.internalDoFilter(ApplicationFilterChain.java:168)
		at org.apache.catalina.core.ApplicationFilterChain.doFilter(ApplicationFilterChain.java:144)
		at org.apache.catalina.core.StandardWrapperValve.invoke(StandardWrapperValve.java:168)
		at org.apache.catalina.core.StandardContextValve.invoke(StandardContextValve.java:90)
		at org.apache.catalina.authenticator.AuthenticatorBase.invoke(AuthenticatorBase.java:482)
		at org.apache.catalina.core.StandardHostValve.invoke(StandardHostValve.java:130)
		at org.apache.catalina.valves.ErrorReportValve.invoke(ErrorReportValve.java:93)
		at org.apache.catalina.valves.AbstractAccessLogValve.invoke(AbstractAccessLogValve.java:660)
		at org.apache.catalina.core.StandardEngineValve.invoke(StandardEngineValve.java:74)
		at org.apache.catalina.connector.CoyoteAdapter.service(CoyoteAdapter.java:346)
		at org.apache.coyote.http11.Http11Processor.service(Http11Processor.java:383)
		at org.apache.coyote.AbstractProcessorLight.process(AbstractProcessorLight.java:63)
		at org.apache.coyote.AbstractProtocol$ConnectionHandler.process(AbstractProtocol.java:937)
		at org.apache.tomcat.util.net.NioEndpoint$SocketProcessor.doRun(NioEndpoint.java:1791)
		at org.apache.tomcat.util.net.SocketProcessorBase.run(SocketProcessorBase.java:52)
		at org.apache.tomcat.util.threads.ThreadPoolExecutor.runWorker(ThreadPoolExecutor.java:1190)
		at org.apache.tomcat.util.threads.ThreadPoolExecutor$Worker.run(ThreadPoolExecutor.java:659)
		at org.apache.tomcat.util.threads.TaskThread$WrappingRunnable.run(TaskThread.java:63)
		at java.base/java.lang.Thread.run(Thread.java:1570)
24-Oct-2024 17:14:17.621 SEVERE [http-nio-8080-exec-164] org.apache.catalina.core.StandardWrapperValve.invoke El Servlet.service() para el servlet [jsp] en el contexto con ruta [/proyecto_web_CRUD] lanzó la excepción [No se puede compilar la clase para JSP: 

Ha tenido lugar un error en la línea: [189] en el archivo jsp: [/Clientes.jsp]
The method obtenerConexion() is undefined for the type ConexionBD
186:                     ResultSet rs = null;
187: 
188:                     try {
189:                         conn = ConexionBD.obtenerConexion();
190:                         String sql = "SELECT id_Cliente, nombres, apellidos, NIT, genero, telefono, correo_electronico, fecha_ingreso FROM clientes";
191:                         stmt = conn.prepareStatement(sql);
192:                         rs = stmt.executeQuery();


Stacktrace:] con causa raíz
	org.apache.jasper.JasperException: No se puede compilar la clase para JSP: 

Ha tenido lugar un error en la línea: [189] en el archivo jsp: [/Clientes.jsp]
The method obtenerConexion() is undefined for the type ConexionBD
186:                     ResultSet rs = null;
187: 
188:                     try {
189:                         conn = ConexionBD.obtenerConexion();
190:                         String sql = "SELECT id_Cliente, nombres, apellidos, NIT, genero, telefono, correo_electronico, fecha_ingreso FROM clientes";
191:                         stmt = conn.prepareStatement(sql);
192:                         rs = stmt.executeQuery();


Stacktrace:
		at org.apache.jasper.compiler.DefaultErrorHandler.javacError(DefaultErrorHandler.java:81)
		at org.apache.jasper.compiler.ErrorDispatcher.javacError(ErrorDispatcher.java:214)
		at org.apache.jasper.compiler.JDTCompiler.generateClass(JDTCompiler.java:561)
		at org.apache.jasper.compiler.Compiler.compile(Compiler.java:398)
		at org.apache.jasper.compiler.Compiler.compile(Compiler.java:368)
		at org.apache.jasper.compiler.Compiler.compile(Compiler.java:352)
		at org.apache.jasper.JspCompilationContext.compile(JspCompilationContext.java:603)
		at org.apache.jasper.servlet.JspServletWrapper.service(JspServletWrapper.java:399)
		at org.apache.jasper.servlet.JspServlet.serviceJspFile(JspServlet.java:376)
		at org.apache.jasper.servlet.JspServlet.service(JspServlet.java:324)
		at javax.servlet.http.HttpServlet.service(HttpServlet.java:623)
		at org.apache.catalina.core.ApplicationFilterChain.internalDoFilter(ApplicationFilterChain.java:199)
		at org.apache.catalina.core.ApplicationFilterChain.doFilter(ApplicationFilterChain.java:144)
		at org.apache.tomcat.websocket.server.WsFilter.doFilter(WsFilter.java:51)
		at org.apache.catalina.core.ApplicationFilterChain.internalDoFilter(ApplicationFilterChain.java:168)
		at org.apache.catalina.core.ApplicationFilterChain.doFilter(ApplicationFilterChain.java:144)
		at org.apache.catalina.core.StandardWrapperValve.invoke(StandardWrapperValve.java:168)
		at org.apache.catalina.core.StandardContextValve.invoke(StandardContextValve.java:90)
		at org.apache.catalina.authenticator.AuthenticatorBase.invoke(AuthenticatorBase.java:482)
		at org.apache.catalina.core.StandardHostValve.invoke(StandardHostValve.java:130)
		at org.apache.catalina.valves.ErrorReportValve.invoke(ErrorReportValve.java:93)
		at org.apache.catalina.valves.AbstractAccessLogValve.invoke(AbstractAccessLogValve.java:660)
		at org.apache.catalina.core.StandardEngineValve.invoke(StandardEngineValve.java:74)
		at org.apache.catalina.connector.CoyoteAdapter.service(CoyoteAdapter.java:346)
		at org.apache.coyote.http11.Http11Processor.service(Http11Processor.java:383)
		at org.apache.coyote.AbstractProcessorLight.process(AbstractProcessorLight.java:63)
		at org.apache.coyote.AbstractProtocol$ConnectionHandler.process(AbstractProtocol.java:937)
		at org.apache.tomcat.util.net.NioEndpoint$SocketProcessor.doRun(NioEndpoint.java:1791)
		at org.apache.tomcat.util.net.SocketProcessorBase.run(SocketProcessorBase.java:52)
		at org.apache.tomcat.util.threads.ThreadPoolExecutor.runWorker(ThreadPoolExecutor.java:1190)
		at org.apache.tomcat.util.threads.ThreadPoolExecutor$Worker.run(ThreadPoolExecutor.java:659)
		at org.apache.tomcat.util.threads.TaskThread$WrappingRunnable.run(TaskThread.java:63)
		at java.base/java.lang.Thread.run(Thread.java:1570)
24-Oct-2024 17:17:34.814 SEVERE [http-nio-8080-exec-169] org.apache.catalina.core.StandardWrapperValve.invoke El Servlet.service() para el servlet [jsp] en el contexto con ruta [/proyecto_web_CRUD] lanzó la excepción [No se puede compilar la clase para JSP: 

Ha tenido lugar un error en la línea: [189] en el archivo jsp: [/Clientes.jsp]
The method obtenerConexion() is undefined for the type ConexionBD
186:                     ResultSet rs = null;
187: 
188:                     try {
189:                         conn = ConexionBD.obtenerConexion();
190:                         String sql = "SELECT id_Cliente, nombres, apellidos, NIT, genero, telefono, correo_electronico, fecha_ingreso FROM clientes";
191:                         stmt = conn.prepareStatement(sql);
192:                         rs = stmt.executeQuery();


Stacktrace:] con causa raíz
	org.apache.jasper.JasperException: No se puede compilar la clase para JSP: 

Ha tenido lugar un error en la línea: [189] en el archivo jsp: [/Clientes.jsp]
The method obtenerConexion() is undefined for the type ConexionBD
186:                     ResultSet rs = null;
187: 
188:                     try {
189:                         conn = ConexionBD.obtenerConexion();
190:                         String sql = "SELECT id_Cliente, nombres, apellidos, NIT, genero, telefono, correo_electronico, fecha_ingreso FROM clientes";
191:                         stmt = conn.prepareStatement(sql);
192:                         rs = stmt.executeQuery();


Stacktrace:
		at org.apache.jasper.compiler.DefaultErrorHandler.javacError(DefaultErrorHandler.java:81)
		at org.apache.jasper.compiler.ErrorDispatcher.javacError(ErrorDispatcher.java:214)
		at org.apache.jasper.compiler.JDTCompiler.generateClass(JDTCompiler.java:561)
		at org.apache.jasper.compiler.Compiler.compile(Compiler.java:398)
		at org.apache.jasper.compiler.Compiler.compile(Compiler.java:368)
		at org.apache.jasper.compiler.Compiler.compile(Compiler.java:352)
		at org.apache.jasper.JspCompilationContext.compile(JspCompilationContext.java:603)
		at org.apache.jasper.servlet.JspServletWrapper.service(JspServletWrapper.java:399)
		at org.apache.jasper.servlet.JspServlet.serviceJspFile(JspServlet.java:376)
		at org.apache.jasper.servlet.JspServlet.service(JspServlet.java:324)
		at javax.servlet.http.HttpServlet.service(HttpServlet.java:623)
		at org.apache.catalina.core.ApplicationFilterChain.internalDoFilter(ApplicationFilterChain.java:199)
		at org.apache.catalina.core.ApplicationFilterChain.doFilter(ApplicationFilterChain.java:144)
		at org.apache.tomcat.websocket.server.WsFilter.doFilter(WsFilter.java:51)
		at org.apache.catalina.core.ApplicationFilterChain.internalDoFilter(ApplicationFilterChain.java:168)
		at org.apache.catalina.core.ApplicationFilterChain.doFilter(ApplicationFilterChain.java:144)
		at org.apache.catalina.core.StandardWrapperValve.invoke(StandardWrapperValve.java:168)
		at org.apache.catalina.core.StandardContextValve.invoke(StandardContextValve.java:90)
		at org.apache.catalina.authenticator.AuthenticatorBase.invoke(AuthenticatorBase.java:482)
		at org.apache.catalina.core.StandardHostValve.invoke(StandardHostValve.java:130)
		at org.apache.catalina.valves.ErrorReportValve.invoke(ErrorReportValve.java:93)
		at org.apache.catalina.valves.AbstractAccessLogValve.invoke(AbstractAccessLogValve.java:660)
		at org.apache.catalina.core.StandardEngineValve.invoke(StandardEngineValve.java:74)
		at org.apache.catalina.connector.CoyoteAdapter.service(CoyoteAdapter.java:346)
		at org.apache.coyote.http11.Http11Processor.service(Http11Processor.java:383)
		at org.apache.coyote.AbstractProcessorLight.process(AbstractProcessorLight.java:63)
		at org.apache.coyote.AbstractProtocol$ConnectionHandler.process(AbstractProtocol.java:937)
		at org.apache.tomcat.util.net.NioEndpoint$SocketProcessor.doRun(NioEndpoint.java:1791)
		at org.apache.tomcat.util.net.SocketProcessorBase.run(SocketProcessorBase.java:52)
		at org.apache.tomcat.util.threads.ThreadPoolExecutor.runWorker(ThreadPoolExecutor.java:1190)
		at org.apache.tomcat.util.threads.ThreadPoolExecutor$Worker.run(ThreadPoolExecutor.java:659)
		at org.apache.tomcat.util.threads.TaskThread$WrappingRunnable.run(TaskThread.java:63)
		at java.base/java.lang.Thread.run(Thread.java:1570)
24-Oct-2024 17:19:05.185 SEVERE [http-nio-8080-exec-164] org.apache.catalina.core.StandardWrapperValve.invoke El Servlet.service() para el servlet [jsp] en el contexto con ruta [/proyecto_web_CRUD] lanzó la excepción [Ha sucedido una excepción al procesar la página JSP [/Clientes.jsp] en línea [191]

188:                     try {
189:                         conn = ConexionBD_clientes.obtenerConexion();
190:                         String sql = "SELECT id_Cliente, nombres, apellidos, NIT, genero, telefono, correo_electronico, fecha_ingreso FROM clientes";
191:                         stmt = conn.prepareStatement(sql);
192:                         rs = stmt.executeQuery();
193: 
194:                         SimpleDateFormat formatoSalida = new SimpleDateFormat("yyyy-MM-dd");


Stacktrace:] con causa raíz
	java.lang.NullPointerException: Cannot invoke "java.sql.Connection.prepareStatement(String)" because "conn" is null
		at org.apache.jsp.Clientes_jsp._jspService(Clientes_jsp.java:325)
		at org.apache.jasper.runtime.HttpJspBase.service(HttpJspBase.java:67)
		at javax.servlet.http.HttpServlet.service(HttpServlet.java:623)
		at org.apache.jasper.servlet.JspServletWrapper.service(JspServletWrapper.java:466)
		at org.apache.jasper.servlet.JspServlet.serviceJspFile(JspServlet.java:376)
		at org.apache.jasper.servlet.JspServlet.service(JspServlet.java:324)
		at javax.servlet.http.HttpServlet.service(HttpServlet.java:623)
		at org.apache.catalina.core.ApplicationFilterChain.internalDoFilter(ApplicationFilterChain.java:199)
		at org.apache.catalina.core.ApplicationFilterChain.doFilter(ApplicationFilterChain.java:144)
		at org.apache.tomcat.websocket.server.WsFilter.doFilter(WsFilter.java:51)
		at org.apache.catalina.core.ApplicationFilterChain.internalDoFilter(ApplicationFilterChain.java:168)
		at org.apache.catalina.core.ApplicationFilterChain.doFilter(ApplicationFilterChain.java:144)
		at org.apache.catalina.core.StandardWrapperValve.invoke(StandardWrapperValve.java:168)
		at org.apache.catalina.core.StandardContextValve.invoke(StandardContextValve.java:90)
		at org.apache.catalina.authenticator.AuthenticatorBase.invoke(AuthenticatorBase.java:482)
		at org.apache.catalina.core.StandardHostValve.invoke(StandardHostValve.java:130)
		at org.apache.catalina.valves.ErrorReportValve.invoke(ErrorReportValve.java:93)
		at org.apache.catalina.valves.AbstractAccessLogValve.invoke(AbstractAccessLogValve.java:660)
		at org.apache.catalina.core.StandardEngineValve.invoke(StandardEngineValve.java:74)
		at org.apache.catalina.connector.CoyoteAdapter.service(CoyoteAdapter.java:346)
		at org.apache.coyote.http11.Http11Processor.service(Http11Processor.java:383)
		at org.apache.coyote.AbstractProcessorLight.process(AbstractProcessorLight.java:63)
		at org.apache.coyote.AbstractProtocol$ConnectionHandler.process(AbstractProtocol.java:937)
		at org.apache.tomcat.util.net.NioEndpoint$SocketProcessor.doRun(NioEndpoint.java:1791)
		at org.apache.tomcat.util.net.SocketProcessorBase.run(SocketProcessorBase.java:52)
		at org.apache.tomcat.util.threads.ThreadPoolExecutor.runWorker(ThreadPoolExecutor.java:1190)
		at org.apache.tomcat.util.threads.ThreadPoolExecutor$Worker.run(ThreadPoolExecutor.java:659)
		at org.apache.tomcat.util.threads.TaskThread$WrappingRunnable.run(TaskThread.java:63)
		at java.base/java.lang.Thread.run(Thread.java:1570)
24-Oct-2024 17:19:10.021 SEVERE [http-nio-8080-exec-172] org.apache.catalina.core.StandardWrapperValve.invoke El Servlet.service() para el servlet [jsp] en el contexto con ruta [/proyecto_web_CRUD] lanzó la excepción [Ha sucedido una excepción al procesar la página JSP [/Clientes.jsp] en línea [191]

188:                     try {
189:                         conn = ConexionBD_clientes.obtenerConexion();
190:                         String sql = "SELECT id_Cliente, nombres, apellidos, NIT, genero, telefono, correo_electronico, fecha_ingreso FROM clientes";
191:                         stmt = conn.prepareStatement(sql);
192:                         rs = stmt.executeQuery();
193: 
194:                         SimpleDateFormat formatoSalida = new SimpleDateFormat("yyyy-MM-dd");


Stacktrace:] con causa raíz
	java.lang.NullPointerException: Cannot invoke "java.sql.Connection.prepareStatement(String)" because "conn" is null
		at org.apache.jsp.Clientes_jsp._jspService(Clientes_jsp.java:325)
		at org.apache.jasper.runtime.HttpJspBase.service(HttpJspBase.java:67)
		at javax.servlet.http.HttpServlet.service(HttpServlet.java:623)
		at org.apache.jasper.servlet.JspServletWrapper.service(JspServletWrapper.java:466)
		at org.apache.jasper.servlet.JspServlet.serviceJspFile(JspServlet.java:376)
		at org.apache.jasper.servlet.JspServlet.service(JspServlet.java:324)
		at javax.servlet.http.HttpServlet.service(HttpServlet.java:623)
		at org.apache.catalina.core.ApplicationFilterChain.internalDoFilter(ApplicationFilterChain.java:199)
		at org.apache.catalina.core.ApplicationFilterChain.doFilter(ApplicationFilterChain.java:144)
		at org.apache.tomcat.websocket.server.WsFilter.doFilter(WsFilter.java:51)
		at org.apache.catalina.core.ApplicationFilterChain.internalDoFilter(ApplicationFilterChain.java:168)
		at org.apache.catalina.core.ApplicationFilterChain.doFilter(ApplicationFilterChain.java:144)
		at org.apache.catalina.core.StandardWrapperValve.invoke(StandardWrapperValve.java:168)
		at org.apache.catalina.core.StandardContextValve.invoke(StandardContextValve.java:90)
		at org.apache.catalina.authenticator.AuthenticatorBase.invoke(AuthenticatorBase.java:482)
		at org.apache.catalina.core.StandardHostValve.invoke(StandardHostValve.java:130)
		at org.apache.catalina.valves.ErrorReportValve.invoke(ErrorReportValve.java:93)
		at org.apache.catalina.valves.AbstractAccessLogValve.invoke(AbstractAccessLogValve.java:660)
		at org.apache.catalina.core.StandardEngineValve.invoke(StandardEngineValve.java:74)
		at org.apache.catalina.connector.CoyoteAdapter.service(CoyoteAdapter.java:346)
		at org.apache.coyote.http11.Http11Processor.service(Http11Processor.java:383)
		at org.apache.coyote.AbstractProcessorLight.process(AbstractProcessorLight.java:63)
		at org.apache.coyote.AbstractProtocol$ConnectionHandler.process(AbstractProtocol.java:937)
		at org.apache.tomcat.util.net.NioEndpoint$SocketProcessor.doRun(NioEndpoint.java:1791)
		at org.apache.tomcat.util.net.SocketProcessorBase.run(SocketProcessorBase.java:52)
		at org.apache.tomcat.util.threads.ThreadPoolExecutor.runWorker(ThreadPoolExecutor.java:1190)
		at org.apache.tomcat.util.threads.ThreadPoolExecutor$Worker.run(ThreadPoolExecutor.java:659)
		at org.apache.tomcat.util.threads.TaskThread$WrappingRunnable.run(TaskThread.java:63)
		at java.base/java.lang.Thread.run(Thread.java:1570)
24-Oct-2024 17:19:13.897 SEVERE [http-nio-8080-exec-168] org.apache.catalina.core.StandardWrapperValve.invoke El Servlet.service() para el servlet [jsp] en el contexto con ruta [/proyecto_web_CRUD] lanzó la excepción [Ha sucedido una excepción al procesar la página JSP [/Clientes.jsp] en línea [191]

188:                     try {
189:                         conn = ConexionBD_clientes.obtenerConexion();
190:                         String sql = "SELECT id_Cliente, nombres, apellidos, NIT, genero, telefono, correo_electronico, fecha_ingreso FROM clientes";
191:                         stmt = conn.prepareStatement(sql);
192:                         rs = stmt.executeQuery();
193: 
194:                         SimpleDateFormat formatoSalida = new SimpleDateFormat("yyyy-MM-dd");


Stacktrace:] con causa raíz
	java.lang.NullPointerException: Cannot invoke "java.sql.Connection.prepareStatement(String)" because "conn" is null
		at org.apache.jsp.Clientes_jsp._jspService(Clientes_jsp.java:325)
		at org.apache.jasper.runtime.HttpJspBase.service(HttpJspBase.java:67)
		at javax.servlet.http.HttpServlet.service(HttpServlet.java:623)
		at org.apache.jasper.servlet.JspServletWrapper.service(JspServletWrapper.java:466)
		at org.apache.jasper.servlet.JspServlet.serviceJspFile(JspServlet.java:376)
		at org.apache.jasper.servlet.JspServlet.service(JspServlet.java:324)
		at javax.servlet.http.HttpServlet.service(HttpServlet.java:623)
		at org.apache.catalina.core.ApplicationFilterChain.internalDoFilter(ApplicationFilterChain.java:199)
		at org.apache.catalina.core.ApplicationFilterChain.doFilter(ApplicationFilterChain.java:144)
		at org.apache.tomcat.websocket.server.WsFilter.doFilter(WsFilter.java:51)
		at org.apache.catalina.core.ApplicationFilterChain.internalDoFilter(ApplicationFilterChain.java:168)
		at org.apache.catalina.core.ApplicationFilterChain.doFilter(ApplicationFilterChain.java:144)
		at org.apache.catalina.core.StandardWrapperValve.invoke(StandardWrapperValve.java:168)
		at org.apache.catalina.core.StandardContextValve.invoke(StandardContextValve.java:90)
		at org.apache.catalina.authenticator.AuthenticatorBase.invoke(AuthenticatorBase.java:482)
		at org.apache.catalina.core.StandardHostValve.invoke(StandardHostValve.java:130)
		at org.apache.catalina.valves.ErrorReportValve.invoke(ErrorReportValve.java:93)
		at org.apache.catalina.valves.AbstractAccessLogValve.invoke(AbstractAccessLogValve.java:660)
		at org.apache.catalina.core.StandardEngineValve.invoke(StandardEngineValve.java:74)
		at org.apache.catalina.connector.CoyoteAdapter.service(CoyoteAdapter.java:346)
		at org.apache.coyote.http11.Http11Processor.service(Http11Processor.java:383)
		at org.apache.coyote.AbstractProcessorLight.process(AbstractProcessorLight.java:63)
		at org.apache.coyote.AbstractProtocol$ConnectionHandler.process(AbstractProtocol.java:937)
		at org.apache.tomcat.util.net.NioEndpoint$SocketProcessor.doRun(NioEndpoint.java:1791)
		at org.apache.tomcat.util.net.SocketProcessorBase.run(SocketProcessorBase.java:52)
		at org.apache.tomcat.util.threads.ThreadPoolExecutor.runWorker(ThreadPoolExecutor.java:1190)
		at org.apache.tomcat.util.threads.ThreadPoolExecutor$Worker.run(ThreadPoolExecutor.java:659)
		at org.apache.tomcat.util.threads.TaskThread$WrappingRunnable.run(TaskThread.java:63)
		at java.base/java.lang.Thread.run(Thread.java:1570)
24-Oct-2024 17:19:17.373 SEVERE [http-nio-8080-exec-166] org.apache.catalina.core.StandardWrapperValve.invoke El Servlet.service() para el servlet [jsp] en el contexto con ruta [/proyecto_web_CRUD] lanzó la excepción [Ha sucedido una excepción al procesar la página JSP [/Clientes.jsp] en línea [191]

188:                     try {
189:                         conn = ConexionBD_clientes.obtenerConexion();
190:                         String sql = "SELECT id_Cliente, nombres, apellidos, NIT, genero, telefono, correo_electronico, fecha_ingreso FROM clientes";
191:                         stmt = conn.prepareStatement(sql);
192:                         rs = stmt.executeQuery();
193: 
194:                         SimpleDateFormat formatoSalida = new SimpleDateFormat("yyyy-MM-dd");


Stacktrace:] con causa raíz
	java.lang.NullPointerException: Cannot invoke "java.sql.Connection.prepareStatement(String)" because "conn" is null
		at org.apache.jsp.Clientes_jsp._jspService(Clientes_jsp.java:325)
		at org.apache.jasper.runtime.HttpJspBase.service(HttpJspBase.java:67)
		at javax.servlet.http.HttpServlet.service(HttpServlet.java:623)
		at org.apache.jasper.servlet.JspServletWrapper.service(JspServletWrapper.java:466)
		at org.apache.jasper.servlet.JspServlet.serviceJspFile(JspServlet.java:376)
		at org.apache.jasper.servlet.JspServlet.service(JspServlet.java:324)
		at javax.servlet.http.HttpServlet.service(HttpServlet.java:623)
		at org.apache.catalina.core.ApplicationFilterChain.internalDoFilter(ApplicationFilterChain.java:199)
		at org.apache.catalina.core.ApplicationFilterChain.doFilter(ApplicationFilterChain.java:144)
		at org.apache.tomcat.websocket.server.WsFilter.doFilter(WsFilter.java:51)
		at org.apache.catalina.core.ApplicationFilterChain.internalDoFilter(ApplicationFilterChain.java:168)
		at org.apache.catalina.core.ApplicationFilterChain.doFilter(ApplicationFilterChain.java:144)
		at org.apache.catalina.core.StandardWrapperValve.invoke(StandardWrapperValve.java:168)
		at org.apache.catalina.core.StandardContextValve.invoke(StandardContextValve.java:90)
		at org.apache.catalina.authenticator.AuthenticatorBase.invoke(AuthenticatorBase.java:482)
		at org.apache.catalina.core.StandardHostValve.invoke(StandardHostValve.java:130)
		at org.apache.catalina.valves.ErrorReportValve.invoke(ErrorReportValve.java:93)
		at org.apache.catalina.valves.AbstractAccessLogValve.invoke(AbstractAccessLogValve.java:660)
		at org.apache.catalina.core.StandardEngineValve.invoke(StandardEngineValve.java:74)
		at org.apache.catalina.connector.CoyoteAdapter.service(CoyoteAdapter.java:346)
		at org.apache.coyote.http11.Http11Processor.service(Http11Processor.java:383)
		at org.apache.coyote.AbstractProcessorLight.process(AbstractProcessorLight.java:63)
		at org.apache.coyote.AbstractProtocol$ConnectionHandler.process(AbstractProtocol.java:937)
		at org.apache.tomcat.util.net.NioEndpoint$SocketProcessor.doRun(NioEndpoint.java:1791)
		at org.apache.tomcat.util.net.SocketProcessorBase.run(SocketProcessorBase.java:52)
		at org.apache.tomcat.util.threads.ThreadPoolExecutor.runWorker(ThreadPoolExecutor.java:1190)
		at org.apache.tomcat.util.threads.ThreadPoolExecutor$Worker.run(ThreadPoolExecutor.java:659)
		at org.apache.tomcat.util.threads.TaskThread$WrappingRunnable.run(TaskThread.java:63)
		at java.base/java.lang.Thread.run(Thread.java:1570)
24-Oct-2024 17:20:17.055 SEVERE [http-nio-8080-exec-173] org.apache.catalina.core.StandardWrapperValve.invoke El Servlet.service() para el servlet [jsp] en el contexto con ruta [/proyecto_web_CRUD] lanzó la excepción [Ha sucedido una excepción al procesar la página JSP [/Clientes.jsp] en línea [191]

188:                     try {
189:                         conn = ConexionBD.obtenerConexion();
190:                         String sql = "SELECT id_Cliente, nombres, apellidos, NIT, genero, telefono, correo_electronico, fecha_ingreso FROM clientes";
191:                         stmt = conn.prepareStatement(sql);
192:                         rs = stmt.executeQuery();
193: 
194:                         SimpleDateFormat formatoSalida = new SimpleDateFormat("yyyy-MM-dd");


Stacktrace:] con causa raíz
	java.lang.NullPointerException: Cannot invoke "java.sql.Connection.prepareStatement(String)" because "conn" is null
		at org.apache.jsp.Clientes_jsp._jspService(Clientes_jsp.java:325)
		at org.apache.jasper.runtime.HttpJspBase.service(HttpJspBase.java:67)
		at javax.servlet.http.HttpServlet.service(HttpServlet.java:623)
		at org.apache.jasper.servlet.JspServletWrapper.service(JspServletWrapper.java:466)
		at org.apache.jasper.servlet.JspServlet.serviceJspFile(JspServlet.java:376)
		at org.apache.jasper.servlet.JspServlet.service(JspServlet.java:324)
		at javax.servlet.http.HttpServlet.service(HttpServlet.java:623)
		at org.apache.catalina.core.ApplicationFilterChain.internalDoFilter(ApplicationFilterChain.java:199)
		at org.apache.catalina.core.ApplicationFilterChain.doFilter(ApplicationFilterChain.java:144)
		at org.apache.tomcat.websocket.server.WsFilter.doFilter(WsFilter.java:51)
		at org.apache.catalina.core.ApplicationFilterChain.internalDoFilter(ApplicationFilterChain.java:168)
		at org.apache.catalina.core.ApplicationFilterChain.doFilter(ApplicationFilterChain.java:144)
		at org.apache.catalina.core.StandardWrapperValve.invoke(StandardWrapperValve.java:168)
		at org.apache.catalina.core.StandardContextValve.invoke(StandardContextValve.java:90)
		at org.apache.catalina.authenticator.AuthenticatorBase.invoke(AuthenticatorBase.java:482)
		at org.apache.catalina.core.StandardHostValve.invoke(StandardHostValve.java:130)
		at org.apache.catalina.valves.ErrorReportValve.invoke(ErrorReportValve.java:93)
		at org.apache.catalina.valves.AbstractAccessLogValve.invoke(AbstractAccessLogValve.java:660)
		at org.apache.catalina.core.StandardEngineValve.invoke(StandardEngineValve.java:74)
		at org.apache.catalina.connector.CoyoteAdapter.service(CoyoteAdapter.java:346)
		at org.apache.coyote.http11.Http11Processor.service(Http11Processor.java:383)
		at org.apache.coyote.AbstractProcessorLight.process(AbstractProcessorLight.java:63)
		at org.apache.coyote.AbstractProtocol$ConnectionHandler.process(AbstractProtocol.java:937)
		at org.apache.tomcat.util.net.NioEndpoint$SocketProcessor.doRun(NioEndpoint.java:1791)
		at org.apache.tomcat.util.net.SocketProcessorBase.run(SocketProcessorBase.java:52)
		at org.apache.tomcat.util.threads.ThreadPoolExecutor.runWorker(ThreadPoolExecutor.java:1190)
		at org.apache.tomcat.util.threads.ThreadPoolExecutor$Worker.run(ThreadPoolExecutor.java:659)
		at org.apache.tomcat.util.threads.TaskThread$WrappingRunnable.run(TaskThread.java:63)
		at java.base/java.lang.Thread.run(Thread.java:1570)
24-Oct-2024 17:20:17.312 SEVERE [http-nio-8080-exec-164] org.apache.catalina.core.StandardWrapperValve.invoke El Servlet.service() para el servlet [jsp] en el contexto con ruta [/proyecto_web_CRUD] lanzó la excepción [Ha sucedido una excepción al procesar la página JSP [/Clientes.jsp] en línea [191]

188:                     try {
189:                         conn = ConexionBD.obtenerConexion();
190:                         String sql = "SELECT id_Cliente, nombres, apellidos, NIT, genero, telefono, correo_electronico, fecha_ingreso FROM clientes";
191:                         stmt = conn.prepareStatement(sql);
192:                         rs = stmt.executeQuery();
193: 
194:                         SimpleDateFormat formatoSalida = new SimpleDateFormat("yyyy-MM-dd");


Stacktrace:] con causa raíz
	java.lang.NullPointerException: Cannot invoke "java.sql.Connection.prepareStatement(String)" because "conn" is null
		at org.apache.jsp.Clientes_jsp._jspService(Clientes_jsp.java:325)
		at org.apache.jasper.runtime.HttpJspBase.service(HttpJspBase.java:67)
		at javax.servlet.http.HttpServlet.service(HttpServlet.java:623)
		at org.apache.jasper.servlet.JspServletWrapper.service(JspServletWrapper.java:466)
		at org.apache.jasper.servlet.JspServlet.serviceJspFile(JspServlet.java:376)
		at org.apache.jasper.servlet.JspServlet.service(JspServlet.java:324)
		at javax.servlet.http.HttpServlet.service(HttpServlet.java:623)
		at org.apache.catalina.core.ApplicationFilterChain.internalDoFilter(ApplicationFilterChain.java:199)
		at org.apache.catalina.core.ApplicationFilterChain.doFilter(ApplicationFilterChain.java:144)
		at org.apache.tomcat.websocket.server.WsFilter.doFilter(WsFilter.java:51)
		at org.apache.catalina.core.ApplicationFilterChain.internalDoFilter(ApplicationFilterChain.java:168)
		at org.apache.catalina.core.ApplicationFilterChain.doFilter(ApplicationFilterChain.java:144)
		at org.apache.catalina.core.StandardWrapperValve.invoke(StandardWrapperValve.java:168)
		at org.apache.catalina.core.StandardContextValve.invoke(StandardContextValve.java:90)
		at org.apache.catalina.authenticator.AuthenticatorBase.invoke(AuthenticatorBase.java:482)
		at org.apache.catalina.core.StandardHostValve.invoke(StandardHostValve.java:130)
		at org.apache.catalina.valves.ErrorReportValve.invoke(ErrorReportValve.java:93)
		at org.apache.catalina.valves.AbstractAccessLogValve.invoke(AbstractAccessLogValve.java:660)
		at org.apache.catalina.core.StandardEngineValve.invoke(StandardEngineValve.java:74)
		at org.apache.catalina.connector.CoyoteAdapter.service(CoyoteAdapter.java:346)
		at org.apache.coyote.http11.Http11Processor.service(Http11Processor.java:383)
		at org.apache.coyote.AbstractProcessorLight.process(AbstractProcessorLight.java:63)
		at org.apache.coyote.AbstractProtocol$ConnectionHandler.process(AbstractProtocol.java:937)
		at org.apache.tomcat.util.net.NioEndpoint$SocketProcessor.doRun(NioEndpoint.java:1791)
		at org.apache.tomcat.util.net.SocketProcessorBase.run(SocketProcessorBase.java:52)
		at org.apache.tomcat.util.threads.ThreadPoolExecutor.runWorker(ThreadPoolExecutor.java:1190)
		at org.apache.tomcat.util.threads.ThreadPoolExecutor$Worker.run(ThreadPoolExecutor.java:659)
		at org.apache.tomcat.util.threads.TaskThread$WrappingRunnable.run(TaskThread.java:63)
		at java.base/java.lang.Thread.run(Thread.java:1570)
24-Oct-2024 17:20:19.574 SEVERE [http-nio-8080-exec-174] org.apache.catalina.core.StandardWrapperValve.invoke El Servlet.service() para el servlet [jsp] en el contexto con ruta [/proyecto_web_CRUD] lanzó la excepción [Ha sucedido una excepción al procesar la página JSP [/Clientes.jsp] en línea [191]

188:                     try {
189:                         conn = ConexionBD.obtenerConexion();
190:                         String sql = "SELECT id_Cliente, nombres, apellidos, NIT, genero, telefono, correo_electronico, fecha_ingreso FROM clientes";
191:                         stmt = conn.prepareStatement(sql);
192:                         rs = stmt.executeQuery();
193: 
194:                         SimpleDateFormat formatoSalida = new SimpleDateFormat("yyyy-MM-dd");


Stacktrace:] con causa raíz
	java.lang.NullPointerException: Cannot invoke "java.sql.Connection.prepareStatement(String)" because "conn" is null
		at org.apache.jsp.Clientes_jsp._jspService(Clientes_jsp.java:325)
		at org.apache.jasper.runtime.HttpJspBase.service(HttpJspBase.java:67)
		at javax.servlet.http.HttpServlet.service(HttpServlet.java:623)
		at org.apache.jasper.servlet.JspServletWrapper.service(JspServletWrapper.java:466)
		at org.apache.jasper.servlet.JspServlet.serviceJspFile(JspServlet.java:376)
		at org.apache.jasper.servlet.JspServlet.service(JspServlet.java:324)
		at javax.servlet.http.HttpServlet.service(HttpServlet.java:623)
		at org.apache.catalina.core.ApplicationFilterChain.internalDoFilter(ApplicationFilterChain.java:199)
		at org.apache.catalina.core.ApplicationFilterChain.doFilter(ApplicationFilterChain.java:144)
		at org.apache.tomcat.websocket.server.WsFilter.doFilter(WsFilter.java:51)
		at org.apache.catalina.core.ApplicationFilterChain.internalDoFilter(ApplicationFilterChain.java:168)
		at org.apache.catalina.core.ApplicationFilterChain.doFilter(ApplicationFilterChain.java:144)
		at org.apache.catalina.core.StandardWrapperValve.invoke(StandardWrapperValve.java:168)
		at org.apache.catalina.core.StandardContextValve.invoke(StandardContextValve.java:90)
		at org.apache.catalina.authenticator.AuthenticatorBase.invoke(AuthenticatorBase.java:482)
		at org.apache.catalina.core.StandardHostValve.invoke(StandardHostValve.java:130)
		at org.apache.catalina.valves.ErrorReportValve.invoke(ErrorReportValve.java:93)
		at org.apache.catalina.valves.AbstractAccessLogValve.invoke(AbstractAccessLogValve.java:660)
		at org.apache.catalina.core.StandardEngineValve.invoke(StandardEngineValve.java:74)
		at org.apache.catalina.connector.CoyoteAdapter.service(CoyoteAdapter.java:346)
		at org.apache.coyote.http11.Http11Processor.service(Http11Processor.java:383)
		at org.apache.coyote.AbstractProcessorLight.process(AbstractProcessorLight.java:63)
		at org.apache.coyote.AbstractProtocol$ConnectionHandler.process(AbstractProtocol.java:937)
		at org.apache.tomcat.util.net.NioEndpoint$SocketProcessor.doRun(NioEndpoint.java:1791)
		at org.apache.tomcat.util.net.SocketProcessorBase.run(SocketProcessorBase.java:52)
		at org.apache.tomcat.util.threads.ThreadPoolExecutor.runWorker(ThreadPoolExecutor.java:1190)
		at org.apache.tomcat.util.threads.ThreadPoolExecutor$Worker.run(ThreadPoolExecutor.java:659)
		at org.apache.tomcat.util.threads.TaskThread$WrappingRunnable.run(TaskThread.java:63)
		at java.base/java.lang.Thread.run(Thread.java:1570)
24-Oct-2024 17:22:13.408 SEVERE [http-nio-8080-exec-176] org.apache.catalina.core.StandardWrapperValve.invoke El Servlet.service() para el servlet [jsp] en el contexto con ruta [/Clientes] lanzó la excepción [No se puede compilar la clase para JSP: 

Ha tenido lugar un error en la línea: [18] en el fichero java generado: [C:\Users\ghost\Documents\NetBeansProjects\apache-tomcat-9.0.96\work\Catalina\localhost\Clientes\org\apache\jsp\index_jsp.java]
Only a type can be imported. modelo.ConexionBD resolves to a package

Ha tenido lugar un error en la línea: [189] en el archivo jsp: [/index.jsp]
ConexionBD cannot be resolved
186:                     ResultSet rs = null;
187: 
188:                     try {
189:                         conn = ConexionBD.obtenerConexion();
190:                         String sql = "SELECT id_Cliente, nombres, apellidos, NIT, genero, telefono, correo_electronico, fecha_ingreso FROM clientes";
191:                         stmt = conn.prepareStatement(sql);
192:                         rs = stmt.executeQuery();


Stacktrace:] con causa raíz
	org.apache.jasper.JasperException: No se puede compilar la clase para JSP: 

Ha tenido lugar un error en la línea: [18] en el fichero java generado: [C:\Users\ghost\Documents\NetBeansProjects\apache-tomcat-9.0.96\work\Catalina\localhost\Clientes\org\apache\jsp\index_jsp.java]
Only a type can be imported. modelo.ConexionBD resolves to a package

Ha tenido lugar un error en la línea: [189] en el archivo jsp: [/index.jsp]
ConexionBD cannot be resolved
186:                     ResultSet rs = null;
187: 
188:                     try {
189:                         conn = ConexionBD.obtenerConexion();
190:                         String sql = "SELECT id_Cliente, nombres, apellidos, NIT, genero, telefono, correo_electronico, fecha_ingreso FROM clientes";
191:                         stmt = conn.prepareStatement(sql);
192:                         rs = stmt.executeQuery();


Stacktrace:
		at org.apache.jasper.compiler.DefaultErrorHandler.javacError(DefaultErrorHandler.java:81)
		at org.apache.jasper.compiler.ErrorDispatcher.javacError(ErrorDispatcher.java:214)
		at org.apache.jasper.compiler.JDTCompiler.generateClass(JDTCompiler.java:561)
		at org.apache.jasper.compiler.Compiler.compile(Compiler.java:398)
		at org.apache.jasper.compiler.Compiler.compile(Compiler.java:368)
		at org.apache.jasper.compiler.Compiler.compile(Compiler.java:352)
		at org.apache.jasper.JspCompilationContext.compile(JspCompilationContext.java:603)
		at org.apache.jasper.servlet.JspServletWrapper.service(JspServletWrapper.java:399)
		at org.apache.jasper.servlet.JspServlet.serviceJspFile(JspServlet.java:376)
		at org.apache.jasper.servlet.JspServlet.service(JspServlet.java:324)
		at javax.servlet.http.HttpServlet.service(HttpServlet.java:623)
		at org.apache.catalina.core.ApplicationFilterChain.internalDoFilter(ApplicationFilterChain.java:199)
		at org.apache.catalina.core.ApplicationFilterChain.doFilter(ApplicationFilterChain.java:144)
		at org.apache.tomcat.websocket.server.WsFilter.doFilter(WsFilter.java:51)
		at org.apache.catalina.core.ApplicationFilterChain.internalDoFilter(ApplicationFilterChain.java:168)
		at org.apache.catalina.core.ApplicationFilterChain.doFilter(ApplicationFilterChain.java:144)
		at org.apache.catalina.core.StandardWrapperValve.invoke(StandardWrapperValve.java:168)
		at org.apache.catalina.core.StandardContextValve.invoke(StandardContextValve.java:90)
		at org.apache.catalina.authenticator.AuthenticatorBase.invoke(AuthenticatorBase.java:482)
		at org.apache.catalina.core.StandardHostValve.invoke(StandardHostValve.java:130)
		at org.apache.catalina.valves.ErrorReportValve.invoke(ErrorReportValve.java:93)
		at org.apache.catalina.valves.AbstractAccessLogValve.invoke(AbstractAccessLogValve.java:660)
		at org.apache.catalina.core.StandardEngineValve.invoke(StandardEngineValve.java:74)
		at org.apache.catalina.connector.CoyoteAdapter.service(CoyoteAdapter.java:346)
		at org.apache.coyote.http11.Http11Processor.service(Http11Processor.java:383)
		at org.apache.coyote.AbstractProcessorLight.process(AbstractProcessorLight.java:63)
		at org.apache.coyote.AbstractProtocol$ConnectionHandler.process(AbstractProtocol.java:937)
		at org.apache.tomcat.util.net.NioEndpoint$SocketProcessor.doRun(NioEndpoint.java:1791)
		at org.apache.tomcat.util.net.SocketProcessorBase.run(SocketProcessorBase.java:52)
		at org.apache.tomcat.util.threads.ThreadPoolExecutor.runWorker(ThreadPoolExecutor.java:1190)
		at org.apache.tomcat.util.threads.ThreadPoolExecutor$Worker.run(ThreadPoolExecutor.java:659)
		at org.apache.tomcat.util.threads.TaskThread$WrappingRunnable.run(TaskThread.java:63)
		at java.base/java.lang.Thread.run(Thread.java:1570)
24-Oct-2024 17:22:30.585 SEVERE [http-nio-8080-exec-183] org.apache.catalina.core.StandardWrapperValve.invoke El Servlet.service() para el servlet [jsp] en el contexto con ruta [/Clientes] lanzó la excepción [Ha sucedido una excepción al procesar la página JSP [/index.jsp] en línea [191]

188:                     try {
189:                         conn = ConexionBD.obtenerConexion();
190:                         String sql = "SELECT id_Cliente, nombres, apellidos, NIT, genero, telefono, correo_electronico, fecha_ingreso FROM clientes";
191:                         stmt = conn.prepareStatement(sql);
192:                         rs = stmt.executeQuery();
193: 
194:                         SimpleDateFormat formatoSalida = new SimpleDateFormat("yyyy-MM-dd");


Stacktrace:] con causa raíz
	java.lang.NullPointerException: Cannot invoke "java.sql.Connection.prepareStatement(String)" because "conn" is null
		at org.apache.jsp.index_jsp._jspService(index_jsp.java:325)
		at org.apache.jasper.runtime.HttpJspBase.service(HttpJspBase.java:67)
		at javax.servlet.http.HttpServlet.service(HttpServlet.java:623)
		at org.apache.jasper.servlet.JspServletWrapper.service(JspServletWrapper.java:466)
		at org.apache.jasper.servlet.JspServlet.serviceJspFile(JspServlet.java:376)
		at org.apache.jasper.servlet.JspServlet.service(JspServlet.java:324)
		at javax.servlet.http.HttpServlet.service(HttpServlet.java:623)
		at org.apache.catalina.core.ApplicationFilterChain.internalDoFilter(ApplicationFilterChain.java:199)
		at org.apache.catalina.core.ApplicationFilterChain.doFilter(ApplicationFilterChain.java:144)
		at org.apache.tomcat.websocket.server.WsFilter.doFilter(WsFilter.java:51)
		at org.apache.catalina.core.ApplicationFilterChain.internalDoFilter(ApplicationFilterChain.java:168)
		at org.apache.catalina.core.ApplicationFilterChain.doFilter(ApplicationFilterChain.java:144)
		at org.apache.catalina.core.StandardWrapperValve.invoke(StandardWrapperValve.java:168)
		at org.apache.catalina.core.StandardContextValve.invoke(StandardContextValve.java:90)
		at org.apache.catalina.authenticator.AuthenticatorBase.invoke(AuthenticatorBase.java:482)
		at org.apache.catalina.core.StandardHostValve.invoke(StandardHostValve.java:130)
		at org.apache.catalina.valves.ErrorReportValve.invoke(ErrorReportValve.java:93)
		at org.apache.catalina.valves.AbstractAccessLogValve.invoke(AbstractAccessLogValve.java:660)
		at org.apache.catalina.core.StandardEngineValve.invoke(StandardEngineValve.java:74)
		at org.apache.catalina.connector.CoyoteAdapter.service(CoyoteAdapter.java:346)
		at org.apache.coyote.http11.Http11Processor.service(Http11Processor.java:383)
		at org.apache.coyote.AbstractProcessorLight.process(AbstractProcessorLight.java:63)
		at org.apache.coyote.AbstractProtocol$ConnectionHandler.process(AbstractProtocol.java:937)
		at org.apache.tomcat.util.net.NioEndpoint$SocketProcessor.doRun(NioEndpoint.java:1791)
		at org.apache.tomcat.util.net.SocketProcessorBase.run(SocketProcessorBase.java:52)
		at org.apache.tomcat.util.threads.ThreadPoolExecutor.runWorker(ThreadPoolExecutor.java:1190)
		at org.apache.tomcat.util.threads.ThreadPoolExecutor$Worker.run(ThreadPoolExecutor.java:659)
		at org.apache.tomcat.util.threads.TaskThread$WrappingRunnable.run(TaskThread.java:63)
		at java.base/java.lang.Thread.run(Thread.java:1570)
24-Oct-2024 17:22:50.970 SEVERE [http-nio-8080-exec-181] org.apache.catalina.core.StandardWrapperValve.invoke El Servlet.service() para el servlet [jsp] en el contexto con ruta [/Clientes] lanzó la excepción [Ha sucedido una excepción al procesar la página JSP [/index.jsp] en línea [191]

188:                     try {
189:                         conn = ConexionBD.obtenerConexion();
190:                         String sql = "SELECT id_Cliente, nombres, apellidos, NIT, genero, telefono, correo_electronico, fecha_ingreso FROM clientes";
191:                         stmt = conn.prepareStatement(sql);
192:                         rs = stmt.executeQuery();
193: 
194:                         SimpleDateFormat formatoSalida = new SimpleDateFormat("yyyy-MM-dd");


Stacktrace:] con causa raíz
	java.lang.NullPointerException: Cannot invoke "java.sql.Connection.prepareStatement(String)" because "conn" is null
		at org.apache.jsp.index_jsp._jspService(index_jsp.java:325)
		at org.apache.jasper.runtime.HttpJspBase.service(HttpJspBase.java:67)
		at javax.servlet.http.HttpServlet.service(HttpServlet.java:623)
		at org.apache.jasper.servlet.JspServletWrapper.service(JspServletWrapper.java:466)
		at org.apache.jasper.servlet.JspServlet.serviceJspFile(JspServlet.java:376)
		at org.apache.jasper.servlet.JspServlet.service(JspServlet.java:324)
		at javax.servlet.http.HttpServlet.service(HttpServlet.java:623)
		at org.apache.catalina.core.ApplicationFilterChain.internalDoFilter(ApplicationFilterChain.java:199)
		at org.apache.catalina.core.ApplicationFilterChain.doFilter(ApplicationFilterChain.java:144)
		at org.apache.tomcat.websocket.server.WsFilter.doFilter(WsFilter.java:51)
		at org.apache.catalina.core.ApplicationFilterChain.internalDoFilter(ApplicationFilterChain.java:168)
		at org.apache.catalina.core.ApplicationFilterChain.doFilter(ApplicationFilterChain.java:144)
		at org.apache.catalina.core.StandardWrapperValve.invoke(StandardWrapperValve.java:168)
		at org.apache.catalina.core.StandardContextValve.invoke(StandardContextValve.java:90)
		at org.apache.catalina.authenticator.AuthenticatorBase.invoke(AuthenticatorBase.java:482)
		at org.apache.catalina.core.StandardHostValve.invoke(StandardHostValve.java:130)
		at org.apache.catalina.valves.ErrorReportValve.invoke(ErrorReportValve.java:93)
		at org.apache.catalina.valves.AbstractAccessLogValve.invoke(AbstractAccessLogValve.java:660)
		at org.apache.catalina.core.StandardEngineValve.invoke(StandardEngineValve.java:74)
		at org.apache.catalina.connector.CoyoteAdapter.service(CoyoteAdapter.java:346)
		at org.apache.coyote.http11.Http11Processor.service(Http11Processor.java:383)
		at org.apache.coyote.AbstractProcessorLight.process(AbstractProcessorLight.java:63)
		at org.apache.coyote.AbstractProtocol$ConnectionHandler.process(AbstractProtocol.java:937)
		at org.apache.tomcat.util.net.NioEndpoint$SocketProcessor.doRun(NioEndpoint.java:1791)
		at org.apache.tomcat.util.net.SocketProcessorBase.run(SocketProcessorBase.java:52)
		at org.apache.tomcat.util.threads.ThreadPoolExecutor.runWorker(ThreadPoolExecutor.java:1190)
		at org.apache.tomcat.util.threads.ThreadPoolExecutor$Worker.run(ThreadPoolExecutor.java:659)
		at org.apache.tomcat.util.threads.TaskThread$WrappingRunnable.run(TaskThread.java:63)
		at java.base/java.lang.Thread.run(Thread.java:1570)
24-Oct-2024 17:23:18.831 SEVERE [http-nio-8080-exec-189] org.apache.catalina.core.StandardWrapperValve.invoke El Servlet.service() para el servlet [jsp] en el contexto con ruta [/Clientes] lanzó la excepción [Ha sucedido una excepción al procesar la página JSP [/index.jsp] en línea [191]

188:                     try {
189:                         conn = ConexionBD.obtenerConexion();
190:                         String sql = "SELECT id_Cliente, nombres, apellidos, NIT, genero, telefono, correo_electronico, fecha_ingreso FROM clientes";
191:                         stmt = conn.prepareStatement(sql);
192:                         rs = stmt.executeQuery();
193: 
194:                         SimpleDateFormat formatoSalida = new SimpleDateFormat("yyyy-MM-dd");


Stacktrace:] con causa raíz
	java.lang.NullPointerException: Cannot invoke "java.sql.Connection.prepareStatement(String)" because "conn" is null
		at org.apache.jsp.index_jsp._jspService(index_jsp.java:325)
		at org.apache.jasper.runtime.HttpJspBase.service(HttpJspBase.java:67)
		at javax.servlet.http.HttpServlet.service(HttpServlet.java:623)
		at org.apache.jasper.servlet.JspServletWrapper.service(JspServletWrapper.java:466)
		at org.apache.jasper.servlet.JspServlet.serviceJspFile(JspServlet.java:376)
		at org.apache.jasper.servlet.JspServlet.service(JspServlet.java:324)
		at javax.servlet.http.HttpServlet.service(HttpServlet.java:623)
		at org.apache.catalina.core.ApplicationFilterChain.internalDoFilter(ApplicationFilterChain.java:199)
		at org.apache.catalina.core.ApplicationFilterChain.doFilter(ApplicationFilterChain.java:144)
		at org.apache.tomcat.websocket.server.WsFilter.doFilter(WsFilter.java:51)
		at org.apache.catalina.core.ApplicationFilterChain.internalDoFilter(ApplicationFilterChain.java:168)
		at org.apache.catalina.core.ApplicationFilterChain.doFilter(ApplicationFilterChain.java:144)
		at org.apache.catalina.core.StandardWrapperValve.invoke(StandardWrapperValve.java:168)
		at org.apache.catalina.core.StandardContextValve.invoke(StandardContextValve.java:90)
		at org.apache.catalina.authenticator.AuthenticatorBase.invoke(AuthenticatorBase.java:482)
		at org.apache.catalina.core.StandardHostValve.invoke(StandardHostValve.java:130)
		at org.apache.catalina.valves.ErrorReportValve.invoke(ErrorReportValve.java:93)
		at org.apache.catalina.valves.AbstractAccessLogValve.invoke(AbstractAccessLogValve.java:660)
		at org.apache.catalina.core.StandardEngineValve.invoke(StandardEngineValve.java:74)
		at org.apache.catalina.connector.CoyoteAdapter.service(CoyoteAdapter.java:346)
		at org.apache.coyote.http11.Http11Processor.service(Http11Processor.java:383)
		at org.apache.coyote.AbstractProcessorLight.process(AbstractProcessorLight.java:63)
		at org.apache.coyote.AbstractProtocol$ConnectionHandler.process(AbstractProtocol.java:937)
		at org.apache.tomcat.util.net.NioEndpoint$SocketProcessor.doRun(NioEndpoint.java:1791)
		at org.apache.tomcat.util.net.SocketProcessorBase.run(SocketProcessorBase.java:52)
		at org.apache.tomcat.util.threads.ThreadPoolExecutor.runWorker(ThreadPoolExecutor.java:1190)
		at org.apache.tomcat.util.threads.ThreadPoolExecutor$Worker.run(ThreadPoolExecutor.java:659)
		at org.apache.tomcat.util.threads.TaskThread$WrappingRunnable.run(TaskThread.java:63)
		at java.base/java.lang.Thread.run(Thread.java:1570)
24-Oct-2024 17:40:30.242 SEVERE [http-nio-8080-exec-192] org.apache.catalina.core.StandardWrapperValve.invoke El Servlet.service() para el servlet [jsp] en el contexto con ruta [/Clientes] lanzó la excepción [Ha sucedido una excepción al procesar la página JSP [/index.jsp] en línea [191]

188:                     try {
189:                         conn = ConexionBD.obtenerConexion();
190:                         String sql = "SELECT id_Cliente, nombres, apellidos, NIT, genero, telefono, correo_electronico, fecha_ingreso FROM clientes";
191:                         stmt = conn.prepareStatement(sql);
192:                         rs = stmt.executeQuery();
193: 
194:                         SimpleDateFormat formatoSalida = new SimpleDateFormat("yyyy-MM-dd");


Stacktrace:] con causa raíz
	java.lang.NullPointerException: Cannot invoke "java.sql.Connection.prepareStatement(String)" because "conn" is null
		at org.apache.jsp.index_jsp._jspService(index_jsp.java:325)
		at org.apache.jasper.runtime.HttpJspBase.service(HttpJspBase.java:67)
		at javax.servlet.http.HttpServlet.service(HttpServlet.java:623)
		at org.apache.jasper.servlet.JspServletWrapper.service(JspServletWrapper.java:466)
		at org.apache.jasper.servlet.JspServlet.serviceJspFile(JspServlet.java:376)
		at org.apache.jasper.servlet.JspServlet.service(JspServlet.java:324)
		at javax.servlet.http.HttpServlet.service(HttpServlet.java:623)
		at org.apache.catalina.core.ApplicationFilterChain.internalDoFilter(ApplicationFilterChain.java:199)
		at org.apache.catalina.core.ApplicationFilterChain.doFilter(ApplicationFilterChain.java:144)
		at org.apache.tomcat.websocket.server.WsFilter.doFilter(WsFilter.java:51)
		at org.apache.catalina.core.ApplicationFilterChain.internalDoFilter(ApplicationFilterChain.java:168)
		at org.apache.catalina.core.ApplicationFilterChain.doFilter(ApplicationFilterChain.java:144)
		at org.apache.catalina.core.StandardWrapperValve.invoke(StandardWrapperValve.java:168)
		at org.apache.catalina.core.StandardContextValve.invoke(StandardContextValve.java:90)
		at org.apache.catalina.authenticator.AuthenticatorBase.invoke(AuthenticatorBase.java:482)
		at org.apache.catalina.core.StandardHostValve.invoke(StandardHostValve.java:130)
		at org.apache.catalina.valves.ErrorReportValve.invoke(ErrorReportValve.java:93)
		at org.apache.catalina.valves.AbstractAccessLogValve.invoke(AbstractAccessLogValve.java:660)
		at org.apache.catalina.core.StandardEngineValve.invoke(StandardEngineValve.java:74)
		at org.apache.catalina.connector.CoyoteAdapter.service(CoyoteAdapter.java:346)
		at org.apache.coyote.http11.Http11Processor.service(Http11Processor.java:383)
		at org.apache.coyote.AbstractProcessorLight.process(AbstractProcessorLight.java:63)
		at org.apache.coyote.AbstractProtocol$ConnectionHandler.process(AbstractProtocol.java:937)
		at org.apache.tomcat.util.net.NioEndpoint$SocketProcessor.doRun(NioEndpoint.java:1791)
		at org.apache.tomcat.util.net.SocketProcessorBase.run(SocketProcessorBase.java:52)
		at org.apache.tomcat.util.threads.ThreadPoolExecutor.runWorker(ThreadPoolExecutor.java:1190)
		at org.apache.tomcat.util.threads.ThreadPoolExecutor$Worker.run(ThreadPoolExecutor.java:659)
		at org.apache.tomcat.util.threads.TaskThread$WrappingRunnable.run(TaskThread.java:63)
		at java.base/java.lang.Thread.run(Thread.java:1570)
24-Oct-2024 17:41:06.200 SEVERE [http-nio-8080-exec-191] org.apache.catalina.core.StandardWrapperValve.invoke El Servlet.service() para el servlet [jsp] en el contexto con ruta [/proyecto_web_CRUD] lanzó la excepción [Ha sucedido una excepción al procesar la página JSP [/Clientes.jsp] en línea [191]

188:                     try {
189:                         conn = ConexionBD.obtenerConexion();
190:                         String sql = "SELECT id_Cliente, nombres, apellidos, NIT, genero, telefono, correo_electronico, fecha_ingreso FROM clientes";
191:                         stmt = conn.prepareStatement(sql);
192:                         rs = stmt.executeQuery();
193: 
194:                         SimpleDateFormat formatoSalida = new SimpleDateFormat("yyyy-MM-dd");


Stacktrace:] con causa raíz
	java.lang.NullPointerException: Cannot invoke "java.sql.Connection.prepareStatement(String)" because "conn" is null
		at org.apache.jsp.Clientes_jsp._jspService(Clientes_jsp.java:325)
		at org.apache.jasper.runtime.HttpJspBase.service(HttpJspBase.java:67)
		at javax.servlet.http.HttpServlet.service(HttpServlet.java:623)
		at org.apache.jasper.servlet.JspServletWrapper.service(JspServletWrapper.java:466)
		at org.apache.jasper.servlet.JspServlet.serviceJspFile(JspServlet.java:376)
		at org.apache.jasper.servlet.JspServlet.service(JspServlet.java:324)
		at javax.servlet.http.HttpServlet.service(HttpServlet.java:623)
		at org.apache.catalina.core.ApplicationFilterChain.internalDoFilter(ApplicationFilterChain.java:199)
		at org.apache.catalina.core.ApplicationFilterChain.doFilter(ApplicationFilterChain.java:144)
		at org.apache.tomcat.websocket.server.WsFilter.doFilter(WsFilter.java:51)
		at org.apache.catalina.core.ApplicationFilterChain.internalDoFilter(ApplicationFilterChain.java:168)
		at org.apache.catalina.core.ApplicationFilterChain.doFilter(ApplicationFilterChain.java:144)
		at org.apache.catalina.core.StandardWrapperValve.invoke(StandardWrapperValve.java:168)
		at org.apache.catalina.core.StandardContextValve.invoke(StandardContextValve.java:90)
		at org.apache.catalina.authenticator.AuthenticatorBase.invoke(AuthenticatorBase.java:482)
		at org.apache.catalina.core.StandardHostValve.invoke(StandardHostValve.java:130)
		at org.apache.catalina.valves.ErrorReportValve.invoke(ErrorReportValve.java:93)
		at org.apache.catalina.valves.AbstractAccessLogValve.invoke(AbstractAccessLogValve.java:660)
		at org.apache.catalina.core.StandardEngineValve.invoke(StandardEngineValve.java:74)
		at org.apache.catalina.connector.CoyoteAdapter.service(CoyoteAdapter.java:346)
		at org.apache.coyote.http11.Http11Processor.service(Http11Processor.java:383)
		at org.apache.coyote.AbstractProcessorLight.process(AbstractProcessorLight.java:63)
		at org.apache.coyote.AbstractProtocol$ConnectionHandler.process(AbstractProtocol.java:937)
		at org.apache.tomcat.util.net.NioEndpoint$SocketProcessor.doRun(NioEndpoint.java:1791)
		at org.apache.tomcat.util.net.SocketProcessorBase.run(SocketProcessorBase.java:52)
		at org.apache.tomcat.util.threads.ThreadPoolExecutor.runWorker(ThreadPoolExecutor.java:1190)
		at org.apache.tomcat.util.threads.ThreadPoolExecutor$Worker.run(ThreadPoolExecutor.java:659)
		at org.apache.tomcat.util.threads.TaskThread$WrappingRunnable.run(TaskThread.java:63)
		at java.base/java.lang.Thread.run(Thread.java:1570)
24-Oct-2024 17:54:18.601 SEVERE [http-nio-8080-exec-191] org.apache.catalina.core.StandardWrapperValve.invoke El Servlet.service() para el servlet [jsp] en el contexto con ruta [/proyecto_web_CRUD] lanzó la excepción [Ha sucedido una excepción al procesar la página JSP [/Clientes.jsp] en línea [191]

188:                     try {
189:                         conn = ConexionBD.obtenerConexion();
190:                         String sql = "SELECT id_Cliente, nombres, apellidos, NIT, genero, telefono, correo_electronico, fecha_ingreso FROM clientes";
191:                         stmt = conn.prepareStatement(sql);
192:                         rs = stmt.executeQuery();
193: 
194:                         SimpleDateFormat formatoSalida = new SimpleDateFormat("yyyy-MM-dd");


Stacktrace:] con causa raíz
	java.lang.NullPointerException: Cannot invoke "java.sql.Connection.prepareStatement(String)" because "conn" is null
		at org.apache.jsp.Clientes_jsp._jspService(Clientes_jsp.java:325)
		at org.apache.jasper.runtime.HttpJspBase.service(HttpJspBase.java:67)
		at javax.servlet.http.HttpServlet.service(HttpServlet.java:623)
		at org.apache.jasper.servlet.JspServletWrapper.service(JspServletWrapper.java:466)
		at org.apache.jasper.servlet.JspServlet.serviceJspFile(JspServlet.java:376)
		at org.apache.jasper.servlet.JspServlet.service(JspServlet.java:324)
		at javax.servlet.http.HttpServlet.service(HttpServlet.java:623)
		at org.apache.catalina.core.ApplicationFilterChain.internalDoFilter(ApplicationFilterChain.java:199)
		at org.apache.catalina.core.ApplicationFilterChain.doFilter(ApplicationFilterChain.java:144)
		at org.apache.tomcat.websocket.server.WsFilter.doFilter(WsFilter.java:51)
		at org.apache.catalina.core.ApplicationFilterChain.internalDoFilter(ApplicationFilterChain.java:168)
		at org.apache.catalina.core.ApplicationFilterChain.doFilter(ApplicationFilterChain.java:144)
		at org.apache.catalina.core.StandardWrapperValve.invoke(StandardWrapperValve.java:168)
		at org.apache.catalina.core.StandardContextValve.invoke(StandardContextValve.java:90)
		at org.apache.catalina.authenticator.AuthenticatorBase.invoke(AuthenticatorBase.java:482)
		at org.apache.catalina.core.StandardHostValve.invoke(StandardHostValve.java:130)
		at org.apache.catalina.valves.ErrorReportValve.invoke(ErrorReportValve.java:93)
		at org.apache.catalina.valves.AbstractAccessLogValve.invoke(AbstractAccessLogValve.java:660)
		at org.apache.catalina.core.StandardEngineValve.invoke(StandardEngineValve.java:74)
		at org.apache.catalina.connector.CoyoteAdapter.service(CoyoteAdapter.java:346)
		at org.apache.coyote.http11.Http11Processor.service(Http11Processor.java:383)
		at org.apache.coyote.AbstractProcessorLight.process(AbstractProcessorLight.java:63)
		at org.apache.coyote.AbstractProtocol$ConnectionHandler.process(AbstractProtocol.java:937)
		at org.apache.tomcat.util.net.NioEndpoint$SocketProcessor.doRun(NioEndpoint.java:1791)
		at org.apache.tomcat.util.net.SocketProcessorBase.run(SocketProcessorBase.java:52)
		at org.apache.tomcat.util.threads.ThreadPoolExecutor.runWorker(ThreadPoolExecutor.java:1190)
		at org.apache.tomcat.util.threads.ThreadPoolExecutor$Worker.run(ThreadPoolExecutor.java:659)
		at org.apache.tomcat.util.threads.TaskThread$WrappingRunnable.run(TaskThread.java:63)
		at java.base/java.lang.Thread.run(Thread.java:1570)
24-Oct-2024 17:54:18.608 SEVERE [http-nio-8080-exec-194] org.apache.catalina.core.StandardWrapperValve.invoke El Servlet.service() para el servlet [jsp] en el contexto con ruta [/proyecto_web_CRUD] lanzó la excepción [Ha sucedido una excepción al procesar la página JSP [/Clientes.jsp] en línea [191]

188:                     try {
189:                         conn = ConexionBD.obtenerConexion();
190:                         String sql = "SELECT id_Cliente, nombres, apellidos, NIT, genero, telefono, correo_electronico, fecha_ingreso FROM clientes";
191:                         stmt = conn.prepareStatement(sql);
192:                         rs = stmt.executeQuery();
193: 
194:                         SimpleDateFormat formatoSalida = new SimpleDateFormat("yyyy-MM-dd");


Stacktrace:] con causa raíz
	java.lang.NullPointerException: Cannot invoke "java.sql.Connection.prepareStatement(String)" because "conn" is null
		at org.apache.jsp.Clientes_jsp._jspService(Clientes_jsp.java:325)
		at org.apache.jasper.runtime.HttpJspBase.service(HttpJspBase.java:67)
		at javax.servlet.http.HttpServlet.service(HttpServlet.java:623)
		at org.apache.jasper.servlet.JspServletWrapper.service(JspServletWrapper.java:466)
		at org.apache.jasper.servlet.JspServlet.serviceJspFile(JspServlet.java:376)
		at org.apache.jasper.servlet.JspServlet.service(JspServlet.java:324)
		at javax.servlet.http.HttpServlet.service(HttpServlet.java:623)
		at org.apache.catalina.core.ApplicationFilterChain.internalDoFilter(ApplicationFilterChain.java:199)
		at org.apache.catalina.core.ApplicationFilterChain.doFilter(ApplicationFilterChain.java:144)
		at org.apache.tomcat.websocket.server.WsFilter.doFilter(WsFilter.java:51)
		at org.apache.catalina.core.ApplicationFilterChain.internalDoFilter(ApplicationFilterChain.java:168)
		at org.apache.catalina.core.ApplicationFilterChain.doFilter(ApplicationFilterChain.java:144)
		at org.apache.catalina.core.StandardWrapperValve.invoke(StandardWrapperValve.java:168)
		at org.apache.catalina.core.StandardContextValve.invoke(StandardContextValve.java:90)
		at org.apache.catalina.authenticator.AuthenticatorBase.invoke(AuthenticatorBase.java:482)
		at org.apache.catalina.core.StandardHostValve.invoke(StandardHostValve.java:130)
		at org.apache.catalina.valves.ErrorReportValve.invoke(ErrorReportValve.java:93)
		at org.apache.catalina.valves.AbstractAccessLogValve.invoke(AbstractAccessLogValve.java:660)
		at org.apache.catalina.core.StandardEngineValve.invoke(StandardEngineValve.java:74)
		at org.apache.catalina.connector.CoyoteAdapter.service(CoyoteAdapter.java:346)
		at org.apache.coyote.http11.Http11Processor.service(Http11Processor.java:383)
		at org.apache.coyote.AbstractProcessorLight.process(AbstractProcessorLight.java:63)
		at org.apache.coyote.AbstractProtocol$ConnectionHandler.process(AbstractProtocol.java:937)
		at org.apache.tomcat.util.net.NioEndpoint$SocketProcessor.doRun(NioEndpoint.java:1791)
		at org.apache.tomcat.util.net.SocketProcessorBase.run(SocketProcessorBase.java:52)
		at org.apache.tomcat.util.threads.ThreadPoolExecutor.runWorker(ThreadPoolExecutor.java:1190)
		at org.apache.tomcat.util.threads.ThreadPoolExecutor$Worker.run(ThreadPoolExecutor.java:659)
		at org.apache.tomcat.util.threads.TaskThread$WrappingRunnable.run(TaskThread.java:63)
		at java.base/java.lang.Thread.run(Thread.java:1570)
24-Oct-2024 17:54:18.756 SEVERE [http-nio-8080-exec-186] org.apache.catalina.core.StandardWrapperValve.invoke El Servlet.service() para el servlet [jsp] en el contexto con ruta [/proyecto_web_CRUD] lanzó la excepción [Ha sucedido una excepción al procesar la página JSP [/Clientes.jsp] en línea [191]

188:                     try {
189:                         conn = ConexionBD.obtenerConexion();
190:                         String sql = "SELECT id_Cliente, nombres, apellidos, NIT, genero, telefono, correo_electronico, fecha_ingreso FROM clientes";
191:                         stmt = conn.prepareStatement(sql);
192:                         rs = stmt.executeQuery();
193: 
194:                         SimpleDateFormat formatoSalida = new SimpleDateFormat("yyyy-MM-dd");


Stacktrace:] con causa raíz
	java.lang.NullPointerException: Cannot invoke "java.sql.Connection.prepareStatement(String)" because "conn" is null
		at org.apache.jsp.Clientes_jsp._jspService(Clientes_jsp.java:325)
		at org.apache.jasper.runtime.HttpJspBase.service(HttpJspBase.java:67)
		at javax.servlet.http.HttpServlet.service(HttpServlet.java:623)
		at org.apache.jasper.servlet.JspServletWrapper.service(JspServletWrapper.java:466)
		at org.apache.jasper.servlet.JspServlet.serviceJspFile(JspServlet.java:376)
		at org.apache.jasper.servlet.JspServlet.service(JspServlet.java:324)
		at javax.servlet.http.HttpServlet.service(HttpServlet.java:623)
		at org.apache.catalina.core.ApplicationFilterChain.internalDoFilter(ApplicationFilterChain.java:199)
		at org.apache.catalina.core.ApplicationFilterChain.doFilter(ApplicationFilterChain.java:144)
		at org.apache.tomcat.websocket.server.WsFilter.doFilter(WsFilter.java:51)
		at org.apache.catalina.core.ApplicationFilterChain.internalDoFilter(ApplicationFilterChain.java:168)
		at org.apache.catalina.core.ApplicationFilterChain.doFilter(ApplicationFilterChain.java:144)
		at org.apache.catalina.core.StandardWrapperValve.invoke(StandardWrapperValve.java:168)
		at org.apache.catalina.core.StandardContextValve.invoke(StandardContextValve.java:90)
		at org.apache.catalina.authenticator.AuthenticatorBase.invoke(AuthenticatorBase.java:482)
		at org.apache.catalina.core.StandardHostValve.invoke(StandardHostValve.java:130)
		at org.apache.catalina.valves.ErrorReportValve.invoke(ErrorReportValve.java:93)
		at org.apache.catalina.valves.AbstractAccessLogValve.invoke(AbstractAccessLogValve.java:660)
		at org.apache.catalina.core.StandardEngineValve.invoke(StandardEngineValve.java:74)
		at org.apache.catalina.connector.CoyoteAdapter.service(CoyoteAdapter.java:346)
		at org.apache.coyote.http11.Http11Processor.service(Http11Processor.java:383)
		at org.apache.coyote.AbstractProcessorLight.process(AbstractProcessorLight.java:63)
		at org.apache.coyote.AbstractProtocol$ConnectionHandler.process(AbstractProtocol.java:937)
		at org.apache.tomcat.util.net.NioEndpoint$SocketProcessor.doRun(NioEndpoint.java:1791)
		at org.apache.tomcat.util.net.SocketProcessorBase.run(SocketProcessorBase.java:52)
		at org.apache.tomcat.util.threads.ThreadPoolExecutor.runWorker(ThreadPoolExecutor.java:1190)
		at org.apache.tomcat.util.threads.ThreadPoolExecutor$Worker.run(ThreadPoolExecutor.java:659)
		at org.apache.tomcat.util.threads.TaskThread$WrappingRunnable.run(TaskThread.java:63)
		at java.base/java.lang.Thread.run(Thread.java:1570)
24-Oct-2024 17:54:18.887 SEVERE [http-nio-8080-exec-187] org.apache.catalina.core.StandardWrapperValve.invoke El Servlet.service() para el servlet [jsp] en el contexto con ruta [/proyecto_web_CRUD] lanzó la excepción [Ha sucedido una excepción al procesar la página JSP [/Clientes.jsp] en línea [191]

188:                     try {
189:                         conn = ConexionBD.obtenerConexion();
190:                         String sql = "SELECT id_Cliente, nombres, apellidos, NIT, genero, telefono, correo_electronico, fecha_ingreso FROM clientes";
191:                         stmt = conn.prepareStatement(sql);
192:                         rs = stmt.executeQuery();
193: 
194:                         SimpleDateFormat formatoSalida = new SimpleDateFormat("yyyy-MM-dd");


Stacktrace:] con causa raíz
	java.lang.NullPointerException: Cannot invoke "java.sql.Connection.prepareStatement(String)" because "conn" is null
		at org.apache.jsp.Clientes_jsp._jspService(Clientes_jsp.java:325)
		at org.apache.jasper.runtime.HttpJspBase.service(HttpJspBase.java:67)
		at javax.servlet.http.HttpServlet.service(HttpServlet.java:623)
		at org.apache.jasper.servlet.JspServletWrapper.service(JspServletWrapper.java:466)
		at org.apache.jasper.servlet.JspServlet.serviceJspFile(JspServlet.java:376)
		at org.apache.jasper.servlet.JspServlet.service(JspServlet.java:324)
		at javax.servlet.http.HttpServlet.service(HttpServlet.java:623)
		at org.apache.catalina.core.ApplicationFilterChain.internalDoFilter(ApplicationFilterChain.java:199)
		at org.apache.catalina.core.ApplicationFilterChain.doFilter(ApplicationFilterChain.java:144)
		at org.apache.tomcat.websocket.server.WsFilter.doFilter(WsFilter.java:51)
		at org.apache.catalina.core.ApplicationFilterChain.internalDoFilter(ApplicationFilterChain.java:168)
		at org.apache.catalina.core.ApplicationFilterChain.doFilter(ApplicationFilterChain.java:144)
		at org.apache.catalina.core.StandardWrapperValve.invoke(StandardWrapperValve.java:168)
		at org.apache.catalina.core.StandardContextValve.invoke(StandardContextValve.java:90)
		at org.apache.catalina.authenticator.AuthenticatorBase.invoke(AuthenticatorBase.java:482)
		at org.apache.catalina.core.StandardHostValve.invoke(StandardHostValve.java:130)
		at org.apache.catalina.valves.ErrorReportValve.invoke(ErrorReportValve.java:93)
		at org.apache.catalina.valves.AbstractAccessLogValve.invoke(AbstractAccessLogValve.java:660)
		at org.apache.catalina.core.StandardEngineValve.invoke(StandardEngineValve.java:74)
		at org.apache.catalina.connector.CoyoteAdapter.service(CoyoteAdapter.java:346)
		at org.apache.coyote.http11.Http11Processor.service(Http11Processor.java:383)
		at org.apache.coyote.AbstractProcessorLight.process(AbstractProcessorLight.java:63)
		at org.apache.coyote.AbstractProtocol$ConnectionHandler.process(AbstractProtocol.java:937)
		at org.apache.tomcat.util.net.NioEndpoint$SocketProcessor.doRun(NioEndpoint.java:1791)
		at org.apache.tomcat.util.net.SocketProcessorBase.run(SocketProcessorBase.java:52)
		at org.apache.tomcat.util.threads.ThreadPoolExecutor.runWorker(ThreadPoolExecutor.java:1190)
		at org.apache.tomcat.util.threads.ThreadPoolExecutor$Worker.run(ThreadPoolExecutor.java:659)
		at org.apache.tomcat.util.threads.TaskThread$WrappingRunnable.run(TaskThread.java:63)
		at java.base/java.lang.Thread.run(Thread.java:1570)
24-Oct-2024 17:54:21.863 SEVERE [http-nio-8080-exec-185] org.apache.catalina.core.StandardWrapperValve.invoke El Servlet.service() para el servlet [jsp] en el contexto con ruta [/proyecto_web_CRUD] lanzó la excepción [Ha sucedido una excepción al procesar la página JSP [/Clientes.jsp] en línea [191]

188:                     try {
189:                         conn = ConexionBD.obtenerConexion();
190:                         String sql = "SELECT id_Cliente, nombres, apellidos, NIT, genero, telefono, correo_electronico, fecha_ingreso FROM clientes";
191:                         stmt = conn.prepareStatement(sql);
192:                         rs = stmt.executeQuery();
193: 
194:                         SimpleDateFormat formatoSalida = new SimpleDateFormat("yyyy-MM-dd");


Stacktrace:] con causa raíz
	java.lang.NullPointerException: Cannot invoke "java.sql.Connection.prepareStatement(String)" because "conn" is null
		at org.apache.jsp.Clientes_jsp._jspService(Clientes_jsp.java:325)
		at org.apache.jasper.runtime.HttpJspBase.service(HttpJspBase.java:67)
		at javax.servlet.http.HttpServlet.service(HttpServlet.java:623)
		at org.apache.jasper.servlet.JspServletWrapper.service(JspServletWrapper.java:466)
		at org.apache.jasper.servlet.JspServlet.serviceJspFile(JspServlet.java:376)
		at org.apache.jasper.servlet.JspServlet.service(JspServlet.java:324)
		at javax.servlet.http.HttpServlet.service(HttpServlet.java:623)
		at org.apache.catalina.core.ApplicationFilterChain.internalDoFilter(ApplicationFilterChain.java:199)
		at org.apache.catalina.core.ApplicationFilterChain.doFilter(ApplicationFilterChain.java:144)
		at org.apache.tomcat.websocket.server.WsFilter.doFilter(WsFilter.java:51)
		at org.apache.catalina.core.ApplicationFilterChain.internalDoFilter(ApplicationFilterChain.java:168)
		at org.apache.catalina.core.ApplicationFilterChain.doFilter(ApplicationFilterChain.java:144)
		at org.apache.catalina.core.StandardWrapperValve.invoke(StandardWrapperValve.java:168)
		at org.apache.catalina.core.StandardContextValve.invoke(StandardContextValve.java:90)
		at org.apache.catalina.authenticator.AuthenticatorBase.invoke(AuthenticatorBase.java:482)
		at org.apache.catalina.core.StandardHostValve.invoke(StandardHostValve.java:130)
		at org.apache.catalina.valves.ErrorReportValve.invoke(ErrorReportValve.java:93)
		at org.apache.catalina.valves.AbstractAccessLogValve.invoke(AbstractAccessLogValve.java:660)
		at org.apache.catalina.core.StandardEngineValve.invoke(StandardEngineValve.java:74)
		at org.apache.catalina.connector.CoyoteAdapter.service(CoyoteAdapter.java:346)
		at org.apache.coyote.http11.Http11Processor.service(Http11Processor.java:383)
		at org.apache.coyote.AbstractProcessorLight.process(AbstractProcessorLight.java:63)
		at org.apache.coyote.AbstractProtocol$ConnectionHandler.process(AbstractProtocol.java:937)
		at org.apache.tomcat.util.net.NioEndpoint$SocketProcessor.doRun(NioEndpoint.java:1791)
		at org.apache.tomcat.util.net.SocketProcessorBase.run(SocketProcessorBase.java:52)
		at org.apache.tomcat.util.threads.ThreadPoolExecutor.runWorker(ThreadPoolExecutor.java:1190)
		at org.apache.tomcat.util.threads.ThreadPoolExecutor$Worker.run(ThreadPoolExecutor.java:659)
		at org.apache.tomcat.util.threads.TaskThread$WrappingRunnable.run(TaskThread.java:63)
		at java.base/java.lang.Thread.run(Thread.java:1570)
24-Oct-2024 17:54:40.829 SEVERE [http-nio-8080-exec-187] org.apache.catalina.core.StandardWrapperValve.invoke El Servlet.service() para el servlet [jsp] en el contexto con ruta [/proyecto_web_CRUD] lanzó la excepción [Ha sucedido una excepción al procesar la página JSP [/Clientes.jsp] en línea [191]

188:                     try {
189:                         conn = ConexionBD.obtenerConexion();
190:                         String sql = "SELECT id_Cliente, nombres, apellidos, NIT, genero, telefono, correo_electronico, fecha_ingreso FROM clientes";
191:                         stmt = conn.prepareStatement(sql);
192:                         rs = stmt.executeQuery();
193: 
194:                         SimpleDateFormat formatoSalida = new SimpleDateFormat("yyyy-MM-dd");


Stacktrace:] con causa raíz
	java.lang.NullPointerException: Cannot invoke "java.sql.Connection.prepareStatement(String)" because "conn" is null
		at org.apache.jsp.Clientes_jsp._jspService(Clientes_jsp.java:325)
		at org.apache.jasper.runtime.HttpJspBase.service(HttpJspBase.java:67)
		at javax.servlet.http.HttpServlet.service(HttpServlet.java:623)
		at org.apache.jasper.servlet.JspServletWrapper.service(JspServletWrapper.java:466)
		at org.apache.jasper.servlet.JspServlet.serviceJspFile(JspServlet.java:376)
		at org.apache.jasper.servlet.JspServlet.service(JspServlet.java:324)
		at javax.servlet.http.HttpServlet.service(HttpServlet.java:623)
		at org.apache.catalina.core.ApplicationFilterChain.internalDoFilter(ApplicationFilterChain.java:199)
		at org.apache.catalina.core.ApplicationFilterChain.doFilter(ApplicationFilterChain.java:144)
		at org.apache.tomcat.websocket.server.WsFilter.doFilter(WsFilter.java:51)
		at org.apache.catalina.core.ApplicationFilterChain.internalDoFilter(ApplicationFilterChain.java:168)
		at org.apache.catalina.core.ApplicationFilterChain.doFilter(ApplicationFilterChain.java:144)
		at org.apache.catalina.core.StandardWrapperValve.invoke(StandardWrapperValve.java:168)
		at org.apache.catalina.core.StandardContextValve.invoke(StandardContextValve.java:90)
		at org.apache.catalina.authenticator.AuthenticatorBase.invoke(AuthenticatorBase.java:482)
		at org.apache.catalina.core.StandardHostValve.invoke(StandardHostValve.java:130)
		at org.apache.catalina.valves.ErrorReportValve.invoke(ErrorReportValve.java:93)
		at org.apache.catalina.valves.AbstractAccessLogValve.invoke(AbstractAccessLogValve.java:660)
		at org.apache.catalina.core.StandardEngineValve.invoke(StandardEngineValve.java:74)
		at org.apache.catalina.connector.CoyoteAdapter.service(CoyoteAdapter.java:346)
		at org.apache.coyote.http11.Http11Processor.service(Http11Processor.java:383)
		at org.apache.coyote.AbstractProcessorLight.process(AbstractProcessorLight.java:63)
		at org.apache.coyote.AbstractProtocol$ConnectionHandler.process(AbstractProtocol.java:937)
		at org.apache.tomcat.util.net.NioEndpoint$SocketProcessor.doRun(NioEndpoint.java:1791)
		at org.apache.tomcat.util.net.SocketProcessorBase.run(SocketProcessorBase.java:52)
		at org.apache.tomcat.util.threads.ThreadPoolExecutor.runWorker(ThreadPoolExecutor.java:1190)
		at org.apache.tomcat.util.threads.ThreadPoolExecutor$Worker.run(ThreadPoolExecutor.java:659)
		at org.apache.tomcat.util.threads.TaskThread$WrappingRunnable.run(TaskThread.java:63)
		at java.base/java.lang.Thread.run(Thread.java:1570)
24-Oct-2024 17:54:47.009 SEVERE [http-nio-8080-exec-190] org.apache.catalina.core.StandardWrapperValve.invoke El Servlet.service() para el servlet [jsp] en el contexto con ruta [/proyecto_web_CRUD] lanzó la excepción [Ha sucedido una excepción al procesar la página JSP [/Clientes.jsp] en línea [191]

188:                     try {
189:                         conn = ConexionBD.obtenerConexion();
190:                         String sql = "SELECT id_Cliente, nombres, apellidos, NIT, genero, telefono, correo_electronico, fecha_ingreso FROM clientes";
191:                         stmt = conn.prepareStatement(sql);
192:                         rs = stmt.executeQuery();
193: 
194:                         SimpleDateFormat formatoSalida = new SimpleDateFormat("yyyy-MM-dd");


Stacktrace:] con causa raíz
	java.lang.NullPointerException: Cannot invoke "java.sql.Connection.prepareStatement(String)" because "conn" is null
		at org.apache.jsp.Clientes_jsp._jspService(Clientes_jsp.java:325)
		at org.apache.jasper.runtime.HttpJspBase.service(HttpJspBase.java:67)
		at javax.servlet.http.HttpServlet.service(HttpServlet.java:623)
		at org.apache.jasper.servlet.JspServletWrapper.service(JspServletWrapper.java:466)
		at org.apache.jasper.servlet.JspServlet.serviceJspFile(JspServlet.java:376)
		at org.apache.jasper.servlet.JspServlet.service(JspServlet.java:324)
		at javax.servlet.http.HttpServlet.service(HttpServlet.java:623)
		at org.apache.catalina.core.ApplicationFilterChain.internalDoFilter(ApplicationFilterChain.java:199)
		at org.apache.catalina.core.ApplicationFilterChain.doFilter(ApplicationFilterChain.java:144)
		at org.apache.tomcat.websocket.server.WsFilter.doFilter(WsFilter.java:51)
		at org.apache.catalina.core.ApplicationFilterChain.internalDoFilter(ApplicationFilterChain.java:168)
		at org.apache.catalina.core.ApplicationFilterChain.doFilter(ApplicationFilterChain.java:144)
		at org.apache.catalina.core.StandardWrapperValve.invoke(StandardWrapperValve.java:168)
		at org.apache.catalina.core.StandardContextValve.invoke(StandardContextValve.java:90)
		at org.apache.catalina.authenticator.AuthenticatorBase.invoke(AuthenticatorBase.java:482)
		at org.apache.catalina.core.StandardHostValve.invoke(StandardHostValve.java:130)
		at org.apache.catalina.valves.ErrorReportValve.invoke(ErrorReportValve.java:93)
		at org.apache.catalina.valves.AbstractAccessLogValve.invoke(AbstractAccessLogValve.java:660)
		at org.apache.catalina.core.StandardEngineValve.invoke(StandardEngineValve.java:74)
		at org.apache.catalina.connector.CoyoteAdapter.service(CoyoteAdapter.java:346)
		at org.apache.coyote.http11.Http11Processor.service(Http11Processor.java:383)
		at org.apache.coyote.AbstractProcessorLight.process(AbstractProcessorLight.java:63)
		at org.apache.coyote.AbstractProtocol$ConnectionHandler.process(AbstractProtocol.java:937)
		at org.apache.tomcat.util.net.NioEndpoint$SocketProcessor.doRun(NioEndpoint.java:1791)
		at org.apache.tomcat.util.net.SocketProcessorBase.run(SocketProcessorBase.java:52)
		at org.apache.tomcat.util.threads.ThreadPoolExecutor.runWorker(ThreadPoolExecutor.java:1190)
		at org.apache.tomcat.util.threads.ThreadPoolExecutor$Worker.run(ThreadPoolExecutor.java:659)
		at org.apache.tomcat.util.threads.TaskThread$WrappingRunnable.run(TaskThread.java:63)
		at java.base/java.lang.Thread.run(Thread.java:1570)
24-Oct-2024 18:08:08.073 SEVERE [http-nio-8080-exec-193] org.apache.catalina.core.StandardWrapperValve.invoke El Servlet.service() para el servlet [jsp] en el contexto con ruta [/proyecto_web_CRUD] lanzó la excepción [Ha sucedido una excepción al procesar la página JSP [Clientes.jsp] en línea [191]

188:                     try {
189:                         conn = ConexionBD.obtenerConexion();
190:                         String sql = "SELECT id_Cliente, nombres, apellidos, NIT, genero, telefono, correo_electronico, fecha_ingreso FROM clientes";
191:                         stmt = conn.prepareStatement(sql);
192:                         rs = stmt.executeQuery();
193: 
194:                         SimpleDateFormat formatoSalida = new SimpleDateFormat("yyyy-MM-dd");


Stacktrace:] con causa raíz
	java.lang.NullPointerException: Cannot invoke "java.sql.Connection.prepareStatement(String)" because "conn" is null
		at org.apache.jsp.Clientes_jsp._jspService(Clientes_jsp.java:325)
		at org.apache.jasper.runtime.HttpJspBase.service(HttpJspBase.java:67)
		at javax.servlet.http.HttpServlet.service(HttpServlet.java:623)
		at org.apache.jasper.servlet.JspServletWrapper.service(JspServletWrapper.java:466)
		at org.apache.jasper.servlet.JspServlet.serviceJspFile(JspServlet.java:376)
		at org.apache.jasper.servlet.JspServlet.service(JspServlet.java:324)
		at javax.servlet.http.HttpServlet.service(HttpServlet.java:623)
		at org.apache.catalina.core.ApplicationFilterChain.internalDoFilter(ApplicationFilterChain.java:199)
		at org.apache.catalina.core.ApplicationFilterChain.doFilter(ApplicationFilterChain.java:144)
		at org.apache.tomcat.websocket.server.WsFilter.doFilter(WsFilter.java:51)
		at org.apache.catalina.core.ApplicationFilterChain.internalDoFilter(ApplicationFilterChain.java:168)
		at org.apache.catalina.core.ApplicationFilterChain.doFilter(ApplicationFilterChain.java:144)
		at org.apache.catalina.core.StandardWrapperValve.invoke(StandardWrapperValve.java:168)
		at org.apache.catalina.core.StandardContextValve.invoke(StandardContextValve.java:90)
		at org.apache.catalina.authenticator.AuthenticatorBase.invoke(AuthenticatorBase.java:482)
		at org.apache.catalina.core.StandardHostValve.invoke(StandardHostValve.java:130)
		at org.apache.catalina.valves.ErrorReportValve.invoke(ErrorReportValve.java:93)
		at org.apache.catalina.valves.AbstractAccessLogValve.invoke(AbstractAccessLogValve.java:660)
		at org.apache.catalina.core.StandardEngineValve.invoke(StandardEngineValve.java:74)
		at org.apache.catalina.connector.CoyoteAdapter.service(CoyoteAdapter.java:346)
		at org.apache.coyote.http11.Http11Processor.service(Http11Processor.java:383)
		at org.apache.coyote.AbstractProcessorLight.process(AbstractProcessorLight.java:63)
		at org.apache.coyote.AbstractProtocol$ConnectionHandler.process(AbstractProtocol.java:937)
		at org.apache.tomcat.util.net.NioEndpoint$SocketProcessor.doRun(NioEndpoint.java:1791)
		at org.apache.tomcat.util.net.SocketProcessorBase.run(SocketProcessorBase.java:52)
		at org.apache.tomcat.util.threads.ThreadPoolExecutor.runWorker(ThreadPoolExecutor.java:1190)
		at org.apache.tomcat.util.threads.ThreadPoolExecutor$Worker.run(ThreadPoolExecutor.java:659)
		at org.apache.tomcat.util.threads.TaskThread$WrappingRunnable.run(TaskThread.java:63)
		at java.base/java.lang.Thread.run(Thread.java:1570)
24-Oct-2024 18:08:23.996 SEVERE [http-nio-8080-exec-198] org.apache.catalina.core.StandardWrapperValve.invoke El Servlet.service() para el servlet [jsp] en el contexto con ruta [/proyecto_web_CRUD] lanzó la excepción [Ha sucedido una excepción al procesar la página JSP [Clientes.jsp] en línea [191]

188:                     try {
189:                         conn = ConexionBD.obtenerConexion();
190:                         String sql = "SELECT id_Cliente, nombres, apellidos, NIT, genero, telefono, correo_electronico, fecha_ingreso FROM clientes";
191:                         stmt = conn.prepareStatement(sql);
192:                         rs = stmt.executeQuery();
193: 
194:                         SimpleDateFormat formatoSalida = new SimpleDateFormat("yyyy-MM-dd");


Stacktrace:] con causa raíz
	java.lang.NullPointerException: Cannot invoke "java.sql.Connection.prepareStatement(String)" because "conn" is null
		at org.apache.jsp.Clientes_jsp._jspService(Clientes_jsp.java:325)
		at org.apache.jasper.runtime.HttpJspBase.service(HttpJspBase.java:67)
		at javax.servlet.http.HttpServlet.service(HttpServlet.java:623)
		at org.apache.jasper.servlet.JspServletWrapper.service(JspServletWrapper.java:466)
		at org.apache.jasper.servlet.JspServlet.serviceJspFile(JspServlet.java:376)
		at org.apache.jasper.servlet.JspServlet.service(JspServlet.java:324)
		at javax.servlet.http.HttpServlet.service(HttpServlet.java:623)
		at org.apache.catalina.core.ApplicationFilterChain.internalDoFilter(ApplicationFilterChain.java:199)
		at org.apache.catalina.core.ApplicationFilterChain.doFilter(ApplicationFilterChain.java:144)
		at org.apache.tomcat.websocket.server.WsFilter.doFilter(WsFilter.java:51)
		at org.apache.catalina.core.ApplicationFilterChain.internalDoFilter(ApplicationFilterChain.java:168)
		at org.apache.catalina.core.ApplicationFilterChain.doFilter(ApplicationFilterChain.java:144)
		at org.apache.catalina.core.StandardWrapperValve.invoke(StandardWrapperValve.java:168)
		at org.apache.catalina.core.StandardContextValve.invoke(StandardContextValve.java:90)
		at org.apache.catalina.authenticator.AuthenticatorBase.invoke(AuthenticatorBase.java:482)
		at org.apache.catalina.core.StandardHostValve.invoke(StandardHostValve.java:130)
		at org.apache.catalina.valves.ErrorReportValve.invoke(ErrorReportValve.java:93)
		at org.apache.catalina.valves.AbstractAccessLogValve.invoke(AbstractAccessLogValve.java:660)
		at org.apache.catalina.core.StandardEngineValve.invoke(StandardEngineValve.java:74)
		at org.apache.catalina.connector.CoyoteAdapter.service(CoyoteAdapter.java:346)
		at org.apache.coyote.http11.Http11Processor.service(Http11Processor.java:383)
		at org.apache.coyote.AbstractProcessorLight.process(AbstractProcessorLight.java:63)
		at org.apache.coyote.AbstractProtocol$ConnectionHandler.process(AbstractProtocol.java:937)
		at org.apache.tomcat.util.net.NioEndpoint$SocketProcessor.doRun(NioEndpoint.java:1791)
		at org.apache.tomcat.util.net.SocketProcessorBase.run(SocketProcessorBase.java:52)
		at org.apache.tomcat.util.threads.ThreadPoolExecutor.runWorker(ThreadPoolExecutor.java:1190)
		at org.apache.tomcat.util.threads.ThreadPoolExecutor$Worker.run(ThreadPoolExecutor.java:659)
		at org.apache.tomcat.util.threads.TaskThread$WrappingRunnable.run(TaskThread.java:63)
		at java.base/java.lang.Thread.run(Thread.java:1570)
24-Oct-2024 18:08:42.552 SEVERE [http-nio-8080-exec-191] org.apache.catalina.core.StandardWrapperValve.invoke El Servlet.service() para el servlet [jsp] en el contexto con ruta [/proyecto_web_CRUD] lanzó la excepción [Ha sucedido una excepción al procesar la página JSP [Clientes.jsp] en línea [191]

188:                     try {
189:                         conn = ConexionBD.obtenerConexion();
190:                         String sql = "SELECT id_Cliente, nombres, apellidos, NIT, genero, telefono, correo_electronico, fecha_ingreso FROM clientes";
191:                         stmt = conn.prepareStatement(sql);
192:                         rs = stmt.executeQuery();
193: 
194:                         SimpleDateFormat formatoSalida = new SimpleDateFormat("yyyy-MM-dd");


Stacktrace:] con causa raíz
	java.lang.NullPointerException: Cannot invoke "java.sql.Connection.prepareStatement(String)" because "conn" is null
		at org.apache.jsp.Clientes_jsp._jspService(Clientes_jsp.java:325)
		at org.apache.jasper.runtime.HttpJspBase.service(HttpJspBase.java:67)
		at javax.servlet.http.HttpServlet.service(HttpServlet.java:623)
		at org.apache.jasper.servlet.JspServletWrapper.service(JspServletWrapper.java:466)
		at org.apache.jasper.servlet.JspServlet.serviceJspFile(JspServlet.java:376)
		at org.apache.jasper.servlet.JspServlet.service(JspServlet.java:324)
		at javax.servlet.http.HttpServlet.service(HttpServlet.java:623)
		at org.apache.catalina.core.ApplicationFilterChain.internalDoFilter(ApplicationFilterChain.java:199)
		at org.apache.catalina.core.ApplicationFilterChain.doFilter(ApplicationFilterChain.java:144)
		at org.apache.tomcat.websocket.server.WsFilter.doFilter(WsFilter.java:51)
		at org.apache.catalina.core.ApplicationFilterChain.internalDoFilter(ApplicationFilterChain.java:168)
		at org.apache.catalina.core.ApplicationFilterChain.doFilter(ApplicationFilterChain.java:144)
		at org.apache.catalina.core.StandardWrapperValve.invoke(StandardWrapperValve.java:168)
		at org.apache.catalina.core.StandardContextValve.invoke(StandardContextValve.java:90)
		at org.apache.catalina.authenticator.AuthenticatorBase.invoke(AuthenticatorBase.java:482)
		at org.apache.catalina.core.StandardHostValve.invoke(StandardHostValve.java:130)
		at org.apache.catalina.valves.ErrorReportValve.invoke(ErrorReportValve.java:93)
		at org.apache.catalina.valves.AbstractAccessLogValve.invoke(AbstractAccessLogValve.java:660)
		at org.apache.catalina.core.StandardEngineValve.invoke(StandardEngineValve.java:74)
		at org.apache.catalina.connector.CoyoteAdapter.service(CoyoteAdapter.java:346)
		at org.apache.coyote.http11.Http11Processor.service(Http11Processor.java:383)
		at org.apache.coyote.AbstractProcessorLight.process(AbstractProcessorLight.java:63)
		at org.apache.coyote.AbstractProtocol$ConnectionHandler.process(AbstractProtocol.java:937)
		at org.apache.tomcat.util.net.NioEndpoint$SocketProcessor.doRun(NioEndpoint.java:1791)
		at org.apache.tomcat.util.net.SocketProcessorBase.run(SocketProcessorBase.java:52)
		at org.apache.tomcat.util.threads.ThreadPoolExecutor.runWorker(ThreadPoolExecutor.java:1190)
		at org.apache.tomcat.util.threads.ThreadPoolExecutor$Worker.run(ThreadPoolExecutor.java:659)
		at org.apache.tomcat.util.threads.TaskThread$WrappingRunnable.run(TaskThread.java:63)
		at java.base/java.lang.Thread.run(Thread.java:1570)
24-Oct-2024 18:08:45.669 SEVERE [http-nio-8080-exec-195] org.apache.catalina.core.StandardWrapperValve.invoke El Servlet.service() para el servlet [jsp] en el contexto con ruta [/proyecto_web_CRUD] lanzó la excepción [Ha sucedido una excepción al procesar la página JSP [Clientes.jsp] en línea [191]

188:                     try {
189:                         conn = ConexionBD.obtenerConexion();
190:                         String sql = "SELECT id_Cliente, nombres, apellidos, NIT, genero, telefono, correo_electronico, fecha_ingreso FROM clientes";
191:                         stmt = conn.prepareStatement(sql);
192:                         rs = stmt.executeQuery();
193: 
194:                         SimpleDateFormat formatoSalida = new SimpleDateFormat("yyyy-MM-dd");


Stacktrace:] con causa raíz
	java.lang.NullPointerException: Cannot invoke "java.sql.Connection.prepareStatement(String)" because "conn" is null
		at org.apache.jsp.Clientes_jsp._jspService(Clientes_jsp.java:325)
		at org.apache.jasper.runtime.HttpJspBase.service(HttpJspBase.java:67)
		at javax.servlet.http.HttpServlet.service(HttpServlet.java:623)
		at org.apache.jasper.servlet.JspServletWrapper.service(JspServletWrapper.java:466)
		at org.apache.jasper.servlet.JspServlet.serviceJspFile(JspServlet.java:376)
		at org.apache.jasper.servlet.JspServlet.service(JspServlet.java:324)
		at javax.servlet.http.HttpServlet.service(HttpServlet.java:623)
		at org.apache.catalina.core.ApplicationFilterChain.internalDoFilter(ApplicationFilterChain.java:199)
		at org.apache.catalina.core.ApplicationFilterChain.doFilter(ApplicationFilterChain.java:144)
		at org.apache.tomcat.websocket.server.WsFilter.doFilter(WsFilter.java:51)
		at org.apache.catalina.core.ApplicationFilterChain.internalDoFilter(ApplicationFilterChain.java:168)
		at org.apache.catalina.core.ApplicationFilterChain.doFilter(ApplicationFilterChain.java:144)
		at org.apache.catalina.core.StandardWrapperValve.invoke(StandardWrapperValve.java:168)
		at org.apache.catalina.core.StandardContextValve.invoke(StandardContextValve.java:90)
		at org.apache.catalina.authenticator.AuthenticatorBase.invoke(AuthenticatorBase.java:482)
		at org.apache.catalina.core.StandardHostValve.invoke(StandardHostValve.java:130)
		at org.apache.catalina.valves.ErrorReportValve.invoke(ErrorReportValve.java:93)
		at org.apache.catalina.valves.AbstractAccessLogValve.invoke(AbstractAccessLogValve.java:660)
		at org.apache.catalina.core.StandardEngineValve.invoke(StandardEngineValve.java:74)
		at org.apache.catalina.connector.CoyoteAdapter.service(CoyoteAdapter.java:346)
		at org.apache.coyote.http11.Http11Processor.service(Http11Processor.java:383)
		at org.apache.coyote.AbstractProcessorLight.process(AbstractProcessorLight.java:63)
		at org.apache.coyote.AbstractProtocol$ConnectionHandler.process(AbstractProtocol.java:937)
		at org.apache.tomcat.util.net.NioEndpoint$SocketProcessor.doRun(NioEndpoint.java:1791)
		at org.apache.tomcat.util.net.SocketProcessorBase.run(SocketProcessorBase.java:52)
		at org.apache.tomcat.util.threads.ThreadPoolExecutor.runWorker(ThreadPoolExecutor.java:1190)
		at org.apache.tomcat.util.threads.ThreadPoolExecutor$Worker.run(ThreadPoolExecutor.java:659)
		at org.apache.tomcat.util.threads.TaskThread$WrappingRunnable.run(TaskThread.java:63)
		at java.base/java.lang.Thread.run(Thread.java:1570)
24-Oct-2024 18:10:16.388 SEVERE [http-nio-8080-exec-201] org.apache.catalina.core.StandardWrapperValve.invoke El Servlet.service() para el servlet [jsp] en el contexto con ruta [/proyecto_web_CRUD] lanzó la excepción [Ha sucedido una excepción al procesar la página JSP [Clientes.jsp] en línea [191]

188:                     try {
189:                         conn = ConexionBD.obtenerConexion();
190:                         String sql = "SELECT id_Cliente, nombres, apellidos, NIT, genero, telefono, correo_electronico, fecha_ingreso FROM clientes";
191:                         stmt = conn.prepareStatement(sql);
192:                         rs = stmt.executeQuery();
193: 
194:                         SimpleDateFormat formatoSalida = new SimpleDateFormat("yyyy-MM-dd");


Stacktrace:] con causa raíz
	java.lang.NullPointerException: Cannot invoke "java.sql.Connection.prepareStatement(String)" because "conn" is null
		at org.apache.jsp.Clientes_jsp._jspService(Clientes_jsp.java:325)
		at org.apache.jasper.runtime.HttpJspBase.service(HttpJspBase.java:67)
		at javax.servlet.http.HttpServlet.service(HttpServlet.java:623)
		at org.apache.jasper.servlet.JspServletWrapper.service(JspServletWrapper.java:466)
		at org.apache.jasper.servlet.JspServlet.serviceJspFile(JspServlet.java:376)
		at org.apache.jasper.servlet.JspServlet.service(JspServlet.java:324)
		at javax.servlet.http.HttpServlet.service(HttpServlet.java:623)
		at org.apache.catalina.core.ApplicationFilterChain.internalDoFilter(ApplicationFilterChain.java:199)
		at org.apache.catalina.core.ApplicationFilterChain.doFilter(ApplicationFilterChain.java:144)
		at org.apache.tomcat.websocket.server.WsFilter.doFilter(WsFilter.java:51)
		at org.apache.catalina.core.ApplicationFilterChain.internalDoFilter(ApplicationFilterChain.java:168)
		at org.apache.catalina.core.ApplicationFilterChain.doFilter(ApplicationFilterChain.java:144)
		at org.apache.catalina.core.StandardWrapperValve.invoke(StandardWrapperValve.java:168)
		at org.apache.catalina.core.StandardContextValve.invoke(StandardContextValve.java:90)
		at org.apache.catalina.authenticator.AuthenticatorBase.invoke(AuthenticatorBase.java:482)
		at org.apache.catalina.core.StandardHostValve.invoke(StandardHostValve.java:130)
		at org.apache.catalina.valves.ErrorReportValve.invoke(ErrorReportValve.java:93)
		at org.apache.catalina.valves.AbstractAccessLogValve.invoke(AbstractAccessLogValve.java:660)
		at org.apache.catalina.core.StandardEngineValve.invoke(StandardEngineValve.java:74)
		at org.apache.catalina.connector.CoyoteAdapter.service(CoyoteAdapter.java:346)
		at org.apache.coyote.http11.Http11Processor.service(Http11Processor.java:383)
		at org.apache.coyote.AbstractProcessorLight.process(AbstractProcessorLight.java:63)
		at org.apache.coyote.AbstractProtocol$ConnectionHandler.process(AbstractProtocol.java:937)
		at org.apache.tomcat.util.net.NioEndpoint$SocketProcessor.doRun(NioEndpoint.java:1791)
		at org.apache.tomcat.util.net.SocketProcessorBase.run(SocketProcessorBase.java:52)
		at org.apache.tomcat.util.threads.ThreadPoolExecutor.runWorker(ThreadPoolExecutor.java:1190)
		at org.apache.tomcat.util.threads.ThreadPoolExecutor$Worker.run(ThreadPoolExecutor.java:659)
		at org.apache.tomcat.util.threads.TaskThread$WrappingRunnable.run(TaskThread.java:63)
		at java.base/java.lang.Thread.run(Thread.java:1570)
24-Oct-2024 18:10:19.440 SEVERE [http-nio-8080-exec-208] org.apache.catalina.core.StandardWrapperValve.invoke El Servlet.service() para el servlet [jsp] en el contexto con ruta [/proyecto_web_CRUD] lanzó la excepción [Ha sucedido una excepción al procesar la página JSP [Clientes.jsp] en línea [191]

188:                     try {
189:                         conn = ConexionBD.obtenerConexion();
190:                         String sql = "SELECT id_Cliente, nombres, apellidos, NIT, genero, telefono, correo_electronico, fecha_ingreso FROM clientes";
191:                         stmt = conn.prepareStatement(sql);
192:                         rs = stmt.executeQuery();
193: 
194:                         SimpleDateFormat formatoSalida = new SimpleDateFormat("yyyy-MM-dd");


Stacktrace:] con causa raíz
	java.lang.NullPointerException: Cannot invoke "java.sql.Connection.prepareStatement(String)" because "conn" is null
		at org.apache.jsp.Clientes_jsp._jspService(Clientes_jsp.java:325)
		at org.apache.jasper.runtime.HttpJspBase.service(HttpJspBase.java:67)
		at javax.servlet.http.HttpServlet.service(HttpServlet.java:623)
		at org.apache.jasper.servlet.JspServletWrapper.service(JspServletWrapper.java:466)
		at org.apache.jasper.servlet.JspServlet.serviceJspFile(JspServlet.java:376)
		at org.apache.jasper.servlet.JspServlet.service(JspServlet.java:324)
		at javax.servlet.http.HttpServlet.service(HttpServlet.java:623)
		at org.apache.catalina.core.ApplicationFilterChain.internalDoFilter(ApplicationFilterChain.java:199)
		at org.apache.catalina.core.ApplicationFilterChain.doFilter(ApplicationFilterChain.java:144)
		at org.apache.tomcat.websocket.server.WsFilter.doFilter(WsFilter.java:51)
		at org.apache.catalina.core.ApplicationFilterChain.internalDoFilter(ApplicationFilterChain.java:168)
		at org.apache.catalina.core.ApplicationFilterChain.doFilter(ApplicationFilterChain.java:144)
		at org.apache.catalina.core.StandardWrapperValve.invoke(StandardWrapperValve.java:168)
		at org.apache.catalina.core.StandardContextValve.invoke(StandardContextValve.java:90)
		at org.apache.catalina.authenticator.AuthenticatorBase.invoke(AuthenticatorBase.java:482)
		at org.apache.catalina.core.StandardHostValve.invoke(StandardHostValve.java:130)
		at org.apache.catalina.valves.ErrorReportValve.invoke(ErrorReportValve.java:93)
		at org.apache.catalina.valves.AbstractAccessLogValve.invoke(AbstractAccessLogValve.java:660)
		at org.apache.catalina.core.StandardEngineValve.invoke(StandardEngineValve.java:74)
		at org.apache.catalina.connector.CoyoteAdapter.service(CoyoteAdapter.java:346)
		at org.apache.coyote.http11.Http11Processor.service(Http11Processor.java:383)
		at org.apache.coyote.AbstractProcessorLight.process(AbstractProcessorLight.java:63)
		at org.apache.coyote.AbstractProtocol$ConnectionHandler.process(AbstractProtocol.java:937)
		at org.apache.tomcat.util.net.NioEndpoint$SocketProcessor.doRun(NioEndpoint.java:1791)
		at org.apache.tomcat.util.net.SocketProcessorBase.run(SocketProcessorBase.java:52)
		at org.apache.tomcat.util.threads.ThreadPoolExecutor.runWorker(ThreadPoolExecutor.java:1190)
		at org.apache.tomcat.util.threads.ThreadPoolExecutor$Worker.run(ThreadPoolExecutor.java:659)
		at org.apache.tomcat.util.threads.TaskThread$WrappingRunnable.run(TaskThread.java:63)
		at java.base/java.lang.Thread.run(Thread.java:1570)
24-Oct-2024 18:28:27.054 SEVERE [http-nio-8080-exec-218] org.apache.catalina.core.StandardWrapperValve.invoke El Servlet.service() para el servlet [jsp] en el contexto con ruta [/web_proyecto2] lanzó la excepción [Ha sucedido una excepción al procesar la página JSP [/index.jsp] en línea [33]

30:             <select name="drop_marca" id="drop_marca" class="form-control"> 
31:                 <% 
32:                 marcas marcas = new marcas();
33:                 HashMap<String, String> drop = marcas.drop_Marca();
34:                 for(String i: drop.keySet()){
35:                     out.println("<option value='" + i + "'> "+drop.get(i)+" </option>");
36:                 }


Stacktrace:] con causa raíz
	java.lang.NullPointerException: Cannot invoke "java.sql.Connection.createStatement()" because "this.cn.conexionBD" is null
		at modelo.marcas.drop_Marca(marcas.java:54)
		at org.apache.jsp.index_jsp._jspService(index_jsp.java:153)
		at org.apache.jasper.runtime.HttpJspBase.service(HttpJspBase.java:67)
		at javax.servlet.http.HttpServlet.service(HttpServlet.java:623)
		at org.apache.jasper.servlet.JspServletWrapper.service(JspServletWrapper.java:466)
		at org.apache.jasper.servlet.JspServlet.serviceJspFile(JspServlet.java:376)
		at org.apache.jasper.servlet.JspServlet.service(JspServlet.java:324)
		at javax.servlet.http.HttpServlet.service(HttpServlet.java:623)
		at org.apache.catalina.core.ApplicationFilterChain.internalDoFilter(ApplicationFilterChain.java:199)
		at org.apache.catalina.core.ApplicationFilterChain.doFilter(ApplicationFilterChain.java:144)
		at org.apache.tomcat.websocket.server.WsFilter.doFilter(WsFilter.java:51)
		at org.apache.catalina.core.ApplicationFilterChain.internalDoFilter(ApplicationFilterChain.java:168)
		at org.apache.catalina.core.ApplicationFilterChain.doFilter(ApplicationFilterChain.java:144)
		at org.apache.catalina.core.StandardWrapperValve.invoke(StandardWrapperValve.java:168)
		at org.apache.catalina.core.StandardContextValve.invoke(StandardContextValve.java:90)
		at org.apache.catalina.authenticator.AuthenticatorBase.invoke(AuthenticatorBase.java:482)
		at org.apache.catalina.core.StandardHostValve.invoke(StandardHostValve.java:130)
		at org.apache.catalina.valves.ErrorReportValve.invoke(ErrorReportValve.java:93)
		at org.apache.catalina.valves.AbstractAccessLogValve.invoke(AbstractAccessLogValve.java:660)
		at org.apache.catalina.core.StandardEngineValve.invoke(StandardEngineValve.java:74)
		at org.apache.catalina.connector.CoyoteAdapter.service(CoyoteAdapter.java:346)
		at org.apache.coyote.http11.Http11Processor.service(Http11Processor.java:383)
		at org.apache.coyote.AbstractProcessorLight.process(AbstractProcessorLight.java:63)
		at org.apache.coyote.AbstractProtocol$ConnectionHandler.process(AbstractProtocol.java:937)
		at org.apache.tomcat.util.net.NioEndpoint$SocketProcessor.doRun(NioEndpoint.java:1791)
		at org.apache.tomcat.util.net.SocketProcessorBase.run(SocketProcessorBase.java:52)
		at org.apache.tomcat.util.threads.ThreadPoolExecutor.runWorker(ThreadPoolExecutor.java:1190)
		at org.apache.tomcat.util.threads.ThreadPoolExecutor$Worker.run(ThreadPoolExecutor.java:659)
		at org.apache.tomcat.util.threads.TaskThread$WrappingRunnable.run(TaskThread.java:63)
		at java.base/java.lang.Thread.run(Thread.java:1570)
24-Oct-2024 20:05:40.676 INFO [main] org.apache.catalina.core.ApplicationContext.log SessionListener: contextDestroyed()
24-Oct-2024 20:05:40.676 INFO [main] org.apache.catalina.core.ApplicationContext.log ContextListener: contextDestroyed()
